Customer_ID,Name,Signup_Date,City,Customer_Type
1000,Priya Joshi,08-04-2021,Nagpur,New
1001,Neha Joshi,03-09-2021,Bangalore,Repeat
1002,Rohit Das,20-11-2025,Gurugram,new
1003,Pooja Patel,25-09-2020,Hyderabad,new
1004,Rohit Kumar,26-12-2020,Surat,
1005,Sneha Patel,18-10-2024,Udaipur,
1006,Neha Gupta,15-04-2023,Jaipur,New
1007,Arjun Joshi,21-08-2025,Surat,repeat
1008,Rahul Yadav,02-03-2024,Nagpur,New
1009,Pooja Kumar,23-04-2021,Bhubaneswar,
1010,Pooja Gupta,21-02-2021,Bhubaneswar,
1011,Sneha Joshi,24-09-2022,Nagpur,new
1012,Rahul Mehta,28-03-2025,Noida,New
1013,Anjali Singh,21-12-2022,Delhi,new
1014,Vikas Sharma,10-11-2024,Jaipur,New
1015,Rahul Singh,12-04-2024,Raipur,New
1016,Neha Kumar,06-01-2024,Pune,Repeat
1017,Priya Verma,03-02-2025,Bhubaneswar,
1018,Sneha Mehta,27-10-2025,Raipur,Repeat
1019,Amit Kumar,15-09-2023,Gurugram,New
1020,Priya Patel,15-07-2021,Udaipur,new
1021,Vikas Gupta,26-02-2023,Udaipur,New
1022,Amit Patel,29-01-2020,Kolkata,New
1023,Anjali Patel,14-07-2024,Lucknow,New
1024,Rohit Kumar,30-05-2025,Surat,Repeat
1025,Anjali Singh,16-03-2020,Bangalore,new
1026,Vikas Singh,08-04-2021,Mumbai,New
1027,Arjun Patel,22-10-2025,Raipur,New
1028,Priya Mehta,09-06-2025,Indore,repeat
1029,Neha Verma,02-12-2022,Bhubaneswar,new
1030,Anjali Verma,05-10-2021,Chennai,repeat
1031,Amit Kumar,09-02-2022,Gurugram,repeat
1032,Rahul Patel,10-03-2023,Chennai,New
1033,Anjali Mehta,15-02-2022,Gurugram,Repeat
1034,Sneha Gupta,27-06-2025,Chennai,New
1035,Neha Mehta,21-08-2021,Gurugram,
1036,Pooja Yadav,25-05-2022,Jaipur,repeat
1037,Pooja Yadav,09-12-2023,Nagpur,Repeat
1038,Rohit Singh,11-12-2025,Hyderabad,Repeat
1039,Vikas Yadav,24-02-2020,Udaipur,
1040,Arjun Mehta,14-09-2025,Lucknow,Repeat
1041,Anjali Patel,30-03-2021,Lucknow,New
1042,Anjali Verma,13-04-2020,Ahmedabad,New
1043,Sneha Verma,19-04-2023,Kolkata,new
1044,Neha Sharma,21-07-2025,Mumbai,new
1045,Pooja Mehta,07-08-2025,Bhubaneswar,new
1046,Rahul Joshi,02-07-2022,Delhi,new
1047,Rohit Yadav,03-04-2024,Bangalore,New
1048,Neha Gupta,05-11-2025,Chennai,new
1049,Rahul Yadav,25-07-2020,Chennai,repeat
1050,Pooja Sharma,31-08-2022,Noida,New
1051,Rohit Das,28-08-2022,Bangalore,New
1052,Arjun Yadav,27-08-2024,Raipur,new
1053,Vikas Mehta,24-01-2022,Jaipur,Repeat
1054,Sneha Das,09-08-2025,Delhi,Repeat
1055,Amit Patel,25-08-2020,Udaipur,
1056,Rohit Joshi,20-12-2021,Bangalore,repeat
1057,Anjali Sharma,08-10-2022,Gurugram,
1058,Amit Yadav,24-08-2024,Raipur,New
1059,Pooja Joshi,26-06-2020,Bhubaneswar,new
1060,Sneha Singh,25-06-2024,Noida,Repeat
1061,Neha Das,05-09-2020,Lucknow,new
1062,Amit Sharma,25-05-2025,Gurugram,new
1063,Neha Sharma,21-03-2023,Gurugram,
1064,Amit Verma,20-08-2025,Mumbai,New
1065,Priya Mehta,25-08-2023,Bhubaneswar,New
1066,Amit Kumar,09-07-2023,Udaipur,repeat
1067,Vikas Gupta,20-03-2024,Kolkata,New
1068,Rohit Singh,11-12-2024,Bhubaneswar,New
1069,Rahul Mehta,01-09-2021,Noida,repeat
1070,Rohit Patel,28-10-2020,Nagpur,Repeat
1071,Rahul Patel,26-04-2025,Ahmedabad,Repeat
1072,Priya Kumar,28-12-2022,Raipur,repeat
1073,Sneha Mehta,19-02-2022,Indore,Repeat
1074,Priya Verma,21-03-2024,Lucknow,Repeat
1075,Rahul Joshi,29-08-2023,Nagpur,repeat
1076,Arjun Singh,18-01-2024,Mumbai,
1077,Rahul Verma,15-05-2025,Bhubaneswar,New
1078,Sneha Gupta,08-02-2021,Udaipur,repeat
1079,Priya Verma,05-11-2022,Lucknow,repeat
1080,Arjun Verma,21-08-2025,Surat,Repeat
1081,Arjun Singh,07-11-2023,Chennai,New
1082,Priya Sharma,26-11-2023,Mumbai,repeat
1083,Rohit Sharma,24-08-2021,Hyderabad,New
1084,Rahul Patel,26-12-2021,Surat,Repeat
1085,Neha Gupta,24-01-2025,Bhubaneswar,repeat
1086,Rahul Patel,06-10-2021,Delhi,New
1087,Neha Yadav,28-07-2020,Bhubaneswar,
1088,Neha Kumar,21-05-2025,Mumbai,New
1089,Anjali Singh,27-11-2020,Indore,Repeat
1090,Priya Sharma,25-04-2024,Delhi,repeat
1091,Pooja Das,21-01-2024,Mumbai,Repeat
1092,Vikas Mehta,28-12-2023,Noida,
1093,Vikas Mehta,18-03-2022,Jaipur,repeat
1094,Pooja Gupta,29-11-2020,Bhubaneswar,Repeat
1095,Vikas Joshi,17-11-2020,Indore,
1096,Sneha Das,20-08-2024,Bhubaneswar,
1097,Sneha Kumar,24-02-2023,Chennai,Repeat
1098,Anjali Das,07-12-2020,Noida,
1099,Neha Kumar,16-08-2021,Hyderabad,new
1100,Anjali Singh,22-11-2020,Nagpur,Repeat
1101,Pooja Singh,23-05-2021,Bangalore,
1102,Rahul Joshi,15-02-2020,Delhi,New
1103,Vikas Das,15-01-2020,Surat,new
1104,Amit Joshi,02-03-2025,Raipur,repeat
1105,Rahul Singh,08-02-2024,Raipur,repeat
1106,Arjun Kumar,07-06-2020,Kolkata,Repeat
1107,Rohit Sharma,26-08-2022,Kolkata,Repeat
1108,Sneha Kumar,04-09-2024,Ahmedabad,new
1109,Vikas Sharma,06-09-2023,Chennai,
1110,Pooja Singh,20-01-2022,Indore,repeat
1111,Vikas Joshi,21-02-2024,Delhi,new
1112,Amit Patel,16-07-2025,Gurugram,Repeat
1113,Anjali Das,14-10-2024,Hyderabad,New
1114,Pooja Verma,31-05-2020,Gurugram,new
1115,Sneha Verma,18-11-2025,Kolkata,new
1116,Amit Joshi,07-05-2021,Raipur,Repeat
1117,Vikas Singh,27-03-2024,Surat,repeat
1118,Vikas Kumar,02-04-2022,Chennai,New
1119,Pooja Joshi,09-04-2024,Raipur,New
1120,Amit Verma,25-01-2024,Delhi,repeat
1121,Sneha Gupta,19-05-2021,Chennai,Repeat
1122,Rohit Yadav,17-05-2021,Hyderabad,
1123,Sneha Patel,31-03-2022,Gurugram,repeat
1124,Rahul Das,05-01-2021,Pune,New
1125,Anjali Kumar,20-03-2021,Chennai,New
1126,Neha Verma,18-12-2022,Jaipur,Repeat
1127,Sneha Verma,31-10-2022,Hyderabad,
1128,Pooja Mehta,23-01-2023,Pune,repeat
1129,Vikas Mehta,12-01-2024,Ahmedabad,New
1130,Pooja Patel,06-10-2025,Udaipur,new
1131,Sneha Sharma,30-04-2025,Bangalore,New
1132,Rahul Sharma,10-12-2021,Lucknow,New
1133,Anjali Joshi,31-12-2021,Ahmedabad,repeat
1134,Rahul Verma,19-09-2021,Jaipur,repeat
1135,Rohit Kumar,04-08-2020,Ahmedabad,new
1136,Anjali Mehta,15-02-2022,Noida,New
1137,Neha Yadav,18-06-2020,Kolkata,repeat
1138,Neha Mehta,02-02-2025,Jaipur,
1139,Vikas Sharma,28-08-2023,Pune,repeat
1140,Arjun Singh,12-05-2021,Nagpur,New
1141,Priya Das,10-08-2021,Hyderabad,New
1142,Vikas Yadav,17-10-2021,Ahmedabad,repeat
1143,Pooja Yadav,16-10-2022,Noida,Repeat
1144,Anjali Singh,11-08-2021,Ahmedabad,New
1145,Pooja Kumar,24-08-2021,Indore,New
1146,Anjali Yadav,04-08-2023,Udaipur,new
1147,Priya Gupta,10-03-2022,Nagpur,New
1148,Sneha Yadav,06-07-2023,Bhubaneswar,
1149,Amit Yadav,09-09-2025,Bangalore,
1150,Arjun Yadav,29-10-2022,Udaipur,Repeat
1151,Sneha Sharma,07-02-2024,Jaipur,New
1152,Rahul Das,28-08-2025,Bhubaneswar,new
1153,Anjali Patel,24-07-2024,Ahmedabad,New
1154,Pooja Singh,01-08-2021,Noida,
1155,Amit Singh,16-03-2020,Delhi,
1156,Priya Gupta,26-02-2023,Noida,new
1157,Anjali Das,08-10-2025,Nagpur,repeat
1158,Rohit Mehta,15-01-2025,Gurugram,Repeat
1159,Priya Sharma,29-01-2023,Indore,repeat
1160,Neha Mehta,05-01-2025,Bangalore,new
1161,Sneha Joshi,25-06-2024,Noida,new
1162,Anjali Das,07-05-2020,Hyderabad,Repeat
1163,Anjali Mehta,23-12-2021,Gurugram,Repeat
1164,Rohit Gupta,23-02-2020,Bangalore,repeat
1165,Vikas Gupta,28-10-2021,Surat,New
1166,Vikas Yadav,16-08-2023,Jaipur,new
1167,Rohit Kumar,09-01-2025,Gurugram,
1168,Neha Yadav,26-02-2020,Delhi,Repeat
1169,Sneha Verma,21-08-2024,Mumbai,new
1170,Anjali Patel,29-06-2025,Ahmedabad,repeat
1171,Rahul Patel,15-04-2025,Pune,
1172,Sneha Singh,26-02-2023,Udaipur,Repeat
1173,Rohit Gupta,07-08-2021,Noida,New
1174,Rohit Das,30-12-2024,Udaipur,repeat
1175,Rahul Gupta,02-09-2022,Nagpur,Repeat
1176,Priya Gupta,04-11-2022,Surat,
1177,Priya Yadav,15-02-2024,Raipur,New
1178,Anjali Verma,25-08-2022,Chennai,new
1179,Rahul Gupta,26-11-2025,Raipur,
1180,Rohit Yadav,20-05-2020,Lucknow,
1181,Vikas Verma,23-04-2022,Hyderabad,repeat
1182,Rohit Verma,14-10-2021,Kolkata,
1183,Neha Das,14-11-2025,Surat,New
1184,Pooja Kumar,27-02-2025,Delhi,
1185,Vikas Joshi,30-10-2022,Ahmedabad,New
1186,Sneha Sharma,26-12-2020,Delhi,Repeat
1187,Arjun Patel,20-11-2024,Ahmedabad,repeat
1188,Arjun Verma,23-09-2022,Lucknow,
1189,Rahul Gupta,14-08-2023,Lucknow,
1190,Pooja Sharma,14-05-2024,Udaipur,new
1191,Vikas Kumar,29-11-2024,Lucknow,new
1192,Anjali Das,07-08-2023,Chennai,new
1193,Rahul Verma,28-11-2025,Raipur,Repeat
1194,Rohit Sharma,29-04-2020,Mumbai,New
1195,Neha Verma,19-03-2020,Kolkata,repeat
1196,Pooja Verma,24-11-2025,Hyderabad,
1197,Priya Singh,08-04-2020,Pune,Repeat
1198,Sneha Singh,14-10-2024,Hyderabad,repeat
1199,Anjali Sharma,02-03-2021,Chennai,
1200,Priya Singh,22-12-2024,Bhubaneswar,repeat
1201,Priya Sharma,20-08-2020,Udaipur,
1202,Anjali Singh,02-12-2020,Mumbai,
1203,Neha Patel,15-06-2023,Raipur,new
1204,Sneha Joshi,15-07-2021,Gurugram,New
1205,Arjun Kumar,22-11-2024,Raipur,new
1206,Pooja Mehta,25-01-2024,Hyderabad,
1207,Vikas Mehta,04-04-2025,Noida,New
1208,Rohit Das,08-09-2020,Surat,
1209,Priya Kumar,01-07-2025,Surat,Repeat
1210,Amit Kumar,25-06-2024,Bhubaneswar,Repeat
1211,Amit Verma,02-03-2020,Gurugram,new
1212,Amit Mehta,12-12-2022,Noida,new
1213,Arjun Verma,07-10-2021,Lucknow,repeat
1214,Pooja Singh,30-07-2024,Delhi,New
1215,Vikas Das,14-05-2025,Indore,repeat
1216,Pooja Gupta,21-07-2020,Kolkata,repeat
1217,Rahul Patel,16-02-2024,Kolkata,
1218,Pooja Yadav,21-09-2023,Surat,New
1219,Priya Mehta,05-09-2024,Bhubaneswar,
1220,Amit Joshi,17-09-2022,Surat,Repeat
1221,Anjali Yadav,17-11-2020,Chennai,New
1222,Amit Sharma,03-12-2020,Noida,
1223,Neha Das,06-01-2025,Nagpur,repeat
1224,Rahul Gupta,08-06-2022,Bangalore,Repeat
1225,Rohit Singh,20-06-2021,Jaipur,New
1226,Rohit Patel,02-04-2020,Raipur,new
1227,Priya Verma,21-07-2021,Surat,new
1228,Arjun Yadav,30-09-2024,Delhi,repeat
1229,Rahul Das,07-04-2024,Pune,new
1230,Neha Mehta,03-09-2023,Chennai,New
1231,Rohit Singh,15-05-2020,Jaipur,repeat
1232,Pooja Yadav,31-08-2024,Kolkata,Repeat
1233,Rahul Gupta,03-12-2020,Bhubaneswar,New
1234,Sneha Gupta,09-05-2025,Bhubaneswar,
1235,Amit Joshi,02-07-2025,Raipur,repeat
1236,Priya Yadav,08-10-2021,Kolkata,Repeat
1237,Arjun Verma,20-04-2022,Ahmedabad,Repeat
1238,Arjun Patel,25-04-2020,Gurugram,repeat
1239,Priya Patel,08-05-2020,Bangalore,repeat
1240,Vikas Joshi,08-08-2022,Pune,Repeat
1241,Vikas Verma,04-03-2020,Hyderabad,new
1242,Rahul Joshi,14-01-2025,Delhi,New
1243,Anjali Yadav,20-04-2022,Delhi,repeat
1244,Neha Yadav,17-06-2020,Nagpur,
1245,Pooja Singh,21-04-2023,Ahmedabad,
1246,Anjali Verma,26-05-2024,Ahmedabad,Repeat
1247,Vikas Das,26-10-2021,Lucknow,new
1248,Pooja Kumar,13-11-2024,Lucknow,repeat
1249,Vikas Patel,09-12-2020,Ahmedabad,Repeat
1250,Rohit Sharma,18-11-2022,Bhubaneswar,new
1251,Rohit Das,28-12-2021,Mumbai,new
1252,Anjali Yadav,05-08-2023,Ahmedabad,repeat
1253,Anjali Patel,22-02-2021,Lucknow,new
1254,Vikas Joshi,13-10-2024,Chennai,New
1255,Anjali Kumar,03-03-2023,Bhubaneswar,New
1256,Arjun Joshi,06-09-2024,Kolkata,Repeat
1257,Sneha Kumar,21-03-2023,Bangalore,Repeat
1258,Pooja Singh,23-06-2025,Indore,new
1259,Pooja Yadav,07-03-2022,Mumbai,new
1260,Rohit Verma,30-05-2024,Lucknow,
1261,Rahul Verma,06-11-2025,Udaipur,
1262,Rohit Verma,23-09-2023,Mumbai,Repeat
1263,Arjun Verma,20-11-2022,Jaipur,Repeat
1264,Pooja Sharma,08-06-2024,Hyderabad,repeat
1265,Vikas Verma,13-08-2020,Mumbai,repeat
1266,Pooja Patel,03-03-2023,Mumbai,repeat
1267,Sneha Das,09-10-2020,Indore,New
1268,Rahul Mehta,05-04-2025,Ahmedabad,repeat
1269,Amit Mehta,31-03-2020,Jaipur,repeat
1270,Rahul Yadav,09-05-2020,Chennai,Repeat
1271,Priya Kumar,28-05-2024,Bangalore,repeat
1272,Amit Verma,10-04-2020,Ahmedabad,New
1273,Amit Yadav,17-10-2022,Surat,Repeat
1274,Anjali Sharma,06-04-2022,Jaipur,
1275,Neha Verma,19-11-2023,Ahmedabad,New
1276,Amit Verma,15-08-2024,Indore,new
1277,Neha Verma,24-10-2020,Bhubaneswar,Repeat
1278,Amit Yadav,13-04-2023,Noida,Repeat
1279,Pooja Gupta,19-10-2024,Bhubaneswar,Repeat
1280,Priya Das,08-09-2020,Lucknow,
1281,Pooja Verma,06-12-2025,Hyderabad,Repeat
1282,Arjun Kumar,17-08-2022,Pune,New
1283,Anjali Das,26-06-2020,Lucknow,new
1284,Priya Sharma,04-04-2024,Indore,repeat
1285,Anjali Joshi,03-11-2023,Surat,repeat
1286,Vikas Patel,17-05-2025,Hyderabad,repeat
1287,Rahul Verma,28-01-2025,Hyderabad,new
1288,Rahul Sharma,25-01-2022,Ahmedabad,new
1289,Vikas Singh,15-11-2024,Ahmedabad,repeat
1290,Priya Kumar,10-03-2025,Hyderabad,repeat
1291,Vikas Singh,07-09-2023,Gurugram,Repeat
1292,Rohit Joshi,01-10-2021,Lucknow,
1293,Neha Gupta,24-07-2021,Mumbai,
1294,Neha Mehta,04-07-2021,Pune,repeat
1295,Pooja Gupta,11-05-2022,Gurugram,repeat
1296,Rohit Patel,12-04-2024,Noida,
1297,Rohit Verma,11-06-2025,Surat,Repeat
1298,Priya Singh,11-06-2022,Lucknow,new
1299,Rohit Mehta,06-06-2024,Lucknow,Repeat
1300,Vikas Mehta,15-02-2021,Mumbai,Repeat
1301,Arjun Kumar,06-04-2020,Noida,New
1302,Arjun Sharma,06-10-2021,Pune,repeat
1303,Rohit Yadav,25-06-2025,Raipur,new
1304,Arjun Patel,25-07-2024,Surat,Repeat
1305,Rahul Singh,27-08-2020,Mumbai,New
1306,Rahul Joshi,02-12-2024,Pune,repeat
1307,Amit Das,09-09-2024,Kolkata,repeat
1308,Rahul Yadav,13-04-2025,Jaipur,
1309,Pooja Singh,19-11-2025,Jaipur,repeat
1310,Neha Singh,16-10-2023,Pune,New
1311,Neha Joshi,30-04-2021,Bangalore,Repeat
1312,Arjun Sharma,30-07-2020,Nagpur,repeat
1313,Sneha Joshi,24-12-2021,Lucknow,Repeat
1314,Priya Mehta,20-04-2024,Mumbai,Repeat
1315,Amit Joshi,16-08-2025,Pune,Repeat
1316,Sneha Singh,27-12-2022,Ahmedabad,repeat
1317,Vikas Das,06-12-2021,Ahmedabad,new
1318,Pooja Gupta,22-11-2024,Delhi,New
1319,Anjali Gupta,01-05-2023,Indore,Repeat
1320,Pooja Gupta,16-01-2022,Gurugram,New
1321,Sneha Verma,27-06-2020,Chennai,Repeat
1322,Rohit Singh,18-06-2021,Hyderabad,new
1323,Anjali Das,02-10-2020,Chennai,
1324,Rohit Sharma,10-06-2020,Chennai,new
1325,Neha Gupta,13-10-2022,Udaipur,new
1326,Amit Das,24-01-2025,Bangalore,Repeat
1327,Rohit Gupta,02-08-2020,Delhi,
1328,Pooja Sharma,05-02-2023,Raipur,repeat
1329,Amit Mehta,01-07-2023,Udaipur,new
1330,Priya Verma,28-04-2022,Bhubaneswar,repeat
1331,Arjun Mehta,24-06-2024,Raipur,New
1332,Sneha Sharma,28-09-2022,Bangalore,repeat
1333,Priya Gupta,20-05-2021,Raipur,
1334,Vikas Yadav,10-07-2020,Bhubaneswar,repeat
1335,Sneha Mehta,05-10-2025,Raipur,
1336,Pooja Das,22-04-2020,Delhi,new
1337,Arjun Gupta,23-05-2022,Pune,new
1338,Vikas Das,22-05-2023,Udaipur,
1339,Amit Kumar,02-12-2021,Bangalore,new
1340,Arjun Gupta,21-06-2024,Bhubaneswar,new
1341,Sneha Das,03-07-2021,Delhi,Repeat
1342,Anjali Patel,24-12-2022,Ahmedabad,New
1343,Sneha Das,05-08-2020,Nagpur,Repeat
1344,Priya Singh,16-05-2023,Mumbai,new
1345,Rohit Yadav,12-08-2021,Noida,repeat
1346,Sneha Yadav,11-09-2025,Lucknow,New
1347,Pooja Kumar,11-11-2020,Pune,Repeat
1348,Pooja Mehta,19-06-2023,Bhubaneswar,new
1349,Amit Sharma,24-12-2024,Lucknow,repeat
1350,Sneha Sharma,09-01-2024,Raipur,
1351,Pooja Singh,20-01-2024,Bangalore,new
1352,Sneha Sharma,13-05-2020,Kolkata,repeat
1353,Rahul Patel,02-02-2023,Gurugram,New
1354,Rohit Das,11-04-2022,Ahmedabad,
1355,Rahul Yadav,29-09-2021,Udaipur,Repeat
1356,Rahul Kumar,26-02-2022,Raipur,new
1357,Sneha Joshi,06-03-2023,Hyderabad,repeat
1358,Amit Joshi,12-12-2022,Raipur,Repeat
1359,Priya Kumar,22-11-2025,Jaipur,
1360,Pooja Mehta,12-08-2020,Lucknow,Repeat
1361,Neha Verma,25-11-2021,Udaipur,
1362,Priya Verma,29-02-2024,Mumbai,Repeat
1363,Pooja Gupta,21-01-2024,Delhi,New
1364,Sneha Joshi,30-01-2020,Ahmedabad,New
1365,Anjali Singh,29-04-2024,Hyderabad,Repeat
1366,Sneha Das,02-03-2025,Lucknow,new
1367,Rohit Yadav,04-12-2022,Jaipur,Repeat
1368,Anjali Patel,15-03-2024,Udaipur,new
1369,Vikas Das,06-05-2025,Indore,Repeat
1370,Priya Mehta,11-08-2023,Raipur,Repeat
1371,Vikas Patel,19-08-2020,Gurugram,Repeat
1372,Sneha Verma,06-02-2022,Gurugram,new
1373,Rahul Joshi,26-04-2025,Kolkata,Repeat
1374,Rohit Joshi,23-06-2025,Indore,new
1375,Rohit Singh,22-02-2025,Jaipur,New
1376,Amit Verma,21-01-2022,Delhi,new
1377,Arjun Patel,28-12-2023,Lucknow,New
1378,Arjun Kumar,26-08-2024,Noida,Repeat
1379,Neha Verma,25-03-2025,Jaipur,New
1380,Neha Gupta,22-02-2023,Gurugram,New
1381,Amit Das,04-01-2020,Pune,New
1382,Arjun Verma,29-04-2025,Hyderabad,new
1383,Rahul Joshi,03-10-2020,Udaipur,
1384,Vikas Patel,01-10-2025,Nagpur,
1385,Pooja Verma,23-07-2025,Mumbai,New
1386,Neha Das,16-05-2021,Kolkata,Repeat
1387,Pooja Sharma,06-06-2021,Lucknow,repeat
1388,Vikas Verma,17-05-2024,Noida,
1389,Vikas Singh,01-05-2023,Lucknow,Repeat
1390,Vikas Kumar,20-11-2025,Hyderabad,Repeat
1391,Sneha Gupta,13-08-2024,Gurugram,New
1392,Rahul Das,28-05-2023,Hyderabad,repeat
1393,Neha Patel,12-06-2020,Indore,New
1394,Pooja Kumar,12-04-2025,Delhi,
1395,Amit Verma,19-12-2025,Bangalore,Repeat
1396,Arjun Gupta,13-10-2025,Mumbai,Repeat
1397,Vikas Das,10-02-2025,Pune,repeat
1398,Amit Verma,02-09-2023,Raipur,new
1399,Rohit Yadav,18-02-2021,Udaipur,
1400,Vikas Singh,09-11-2020,Mumbai,repeat
1401,Priya Patel,14-03-2021,Raipur,repeat
1402,Sneha Das,25-01-2020,Nagpur,
1403,Sneha Singh,13-10-2023,Pune,Repeat
1404,Priya Joshi,30-08-2024,Ahmedabad,
1405,Sneha Patel,16-01-2025,Noida,New
1406,Pooja Gupta,19-01-2022,Ahmedabad,New
1407,Sneha Patel,20-01-2025,Mumbai,new
1408,Priya Mehta,05-11-2020,Nagpur,New
1409,Neha Das,14-10-2025,Lucknow,new
1410,Rahul Gupta,23-10-2021,Chennai,new
1411,Anjali Joshi,26-01-2021,Jaipur,
1412,Pooja Mehta,10-12-2025,Kolkata,
1413,Amit Kumar,06-08-2023,Pune,repeat
1414,Vikas Das,13-09-2022,Raipur,
1415,Rahul Verma,11-05-2024,Mumbai,New
1416,Amit Das,18-07-2023,Hyderabad,new
1417,Priya Joshi,02-04-2024,Delhi,repeat
1418,Arjun Joshi,15-06-2022,Gurugram,new
1419,Vikas Kumar,11-10-2020,Surat,repeat
1420,Pooja Das,09-07-2024,Indore,new
1421,Vikas Singh,27-04-2022,Lucknow,
1422,Priya Gupta,13-08-2020,Lucknow,New
1423,Amit Gupta,28-11-2021,Noida,
1424,Vikas Patel,04-04-2021,Nagpur,Repeat
1425,Rohit Gupta,20-05-2023,Pune,New
1426,Rohit Singh,24-07-2022,Kolkata,New
1427,Arjun Kumar,15-06-2024,Jaipur,
1428,Amit Verma,06-04-2024,Mumbai,
1429,Priya Mehta,10-02-2020,Bangalore,
1430,Anjali Verma,11-10-2024,Noida,New
1431,Rohit Gupta,15-02-2020,Kolkata,repeat
1432,Priya Singh,08-04-2024,Hyderabad,
1433,Sneha Patel,15-12-2020,Noida,new
1434,Neha Patel,28-11-2022,Lucknow,Repeat
1435,Arjun Gupta,19-11-2022,Bangalore,New
1436,Neha Das,15-12-2021,Raipur,new
1437,Neha Patel,31-07-2022,Pune,new
1438,Anjali Singh,07-03-2021,Bangalore,New
1439,Rahul Joshi,29-08-2023,Delhi,New
1440,Sneha Sharma,20-06-2024,Chennai,
1441,Rohit Singh,25-03-2022,Surat,
1442,Priya Patel,23-07-2021,Delhi,
1443,Amit Singh,30-11-2023,Chennai,
1444,Rohit Kumar,31-03-2022,Delhi,
1445,Anjali Mehta,19-09-2024,Lucknow,new
1446,Amit Kumar,16-05-2025,Nagpur,
1447,Anjali Sharma,09-07-2024,Surat,new
1448,Arjun Gupta,26-10-2020,Mumbai,
1449,Priya Mehta,08-10-2022,Surat,new
1450,Amit Gupta,10-07-2020,Udaipur,Repeat
1451,Priya Singh,21-05-2020,Surat,
1452,Amit Yadav,17-11-2024,Mumbai,New
1453,Rahul Gupta,13-09-2022,Jaipur,Repeat
1454,Pooja Gupta,09-12-2025,Chennai,
1455,Arjun Kumar,05-03-2025,Surat,
1456,Arjun Joshi,13-11-2025,Nagpur,repeat
1457,Anjali Mehta,26-07-2020,Kolkata,Repeat
1458,Rahul Kumar,14-09-2023,Raipur,new
1459,Rahul Joshi,08-01-2021,Noida,repeat
1460,Rohit Kumar,08-06-2023,Indore,Repeat
1461,Vikas Verma,13-12-2022,Delhi,New
1462,Neha Verma,25-12-2022,Hyderabad,Repeat
1463,Rohit Patel,07-05-2023,Gurugram,Repeat
1464,Anjali Das,24-05-2020,Jaipur,New
1465,Amit Singh,15-08-2022,Surat,Repeat
1466,Vikas Mehta,26-05-2024,Kolkata,repeat
1467,Amit Verma,21-08-2024,Nagpur,new
1468,Neha Yadav,25-01-2022,Udaipur,repeat
1469,Neha Mehta,03-08-2025,Chennai,New
1470,Amit Kumar,05-08-2024,Pune,new
1471,Priya Verma,02-05-2021,Nagpur,Repeat
1472,Amit Singh,25-03-2022,Kolkata,repeat
1473,Sneha Gupta,20-11-2023,Lucknow,
1474,Rohit Verma,14-06-2021,Nagpur,New
1475,Neha Sharma,30-10-2022,Bangalore,Repeat
1476,Neha Patel,03-05-2025,Delhi,Repeat
1477,Rahul Das,16-07-2025,Surat,repeat
1478,Neha Singh,26-05-2025,Bangalore,Repeat
1479,Neha Singh,11-03-2024,Mumbai,New
1480,Vikas Kumar,21-05-2024,Nagpur,repeat
1481,Rohit Joshi,03-07-2024,Udaipur,
1482,Sneha Gupta,27-03-2023,Hyderabad,new
1483,Arjun Gupta,08-04-2022,Mumbai,repeat
1484,Rohit Joshi,13-02-2024,Noida,
1485,Arjun Gupta,19-06-2020,Raipur,repeat
1486,Pooja Joshi,02-04-2021,Jaipur,new
1487,Amit Joshi,19-08-2023,Bhubaneswar,Repeat
1488,Vikas Yadav,06-07-2024,Indore,
1489,Pooja Patel,01-03-2020,Pune,repeat
1490,Arjun Das,17-02-2021,Noida,Repeat
1491,Priya Gupta,07-02-2020,Surat,repeat
1492,Rahul Singh,10-01-2021,Kolkata,repeat
1493,Sneha Mehta,29-06-2023,Udaipur,New
1494,Rohit Verma,23-12-2025,Udaipur,
1495,Vikas Yadav,01-12-2022,Delhi,New
1496,Sneha Sharma,03-05-2025,Hyderabad,
1497,Arjun Joshi,16-02-2025,Ahmedabad,Repeat
1498,Sneha Yadav,27-12-2025,Indore,Repeat
1499,Neha Sharma,30-07-2022,Lucknow,
1500,Neha Sharma,03-03-2021,Chennai,new
1501,Neha Sharma,03-02-2024,Nagpur,
1502,Amit Joshi,22-01-2022,Gurugram,repeat
1503,Arjun Gupta,10-03-2021,Noida,repeat
1504,Vikas Das,22-06-2025,Surat,Repeat
1505,Amit Patel,08-02-2022,Nagpur,New
1506,Vikas Mehta,22-02-2021,Lucknow,
1507,Pooja Mehta,15-03-2021,Gurugram,
1508,Priya Das,22-03-2024,Jaipur,New
1509,Arjun Joshi,06-02-2025,Jaipur,new
1510,Anjali Joshi,02-09-2022,Udaipur,
1511,Vikas Kumar,17-10-2020,Noida,repeat
1512,Pooja Mehta,06-01-2024,Chennai,New
1513,Neha Mehta,25-03-2021,Kolkata,New
1514,Sneha Verma,02-02-2024,Udaipur,Repeat
1515,Anjali Yadav,01-04-2023,Ahmedabad,Repeat
1516,Arjun Patel,23-04-2020,Raipur,
1517,Vikas Singh,22-12-2020,Noida,Repeat
1518,Vikas Singh,27-04-2022,Pune,Repeat
1519,Amit Kumar,16-01-2021,Lucknow,New
1520,Vikas Das,14-05-2024,Nagpur,Repeat
1521,Sneha Mehta,09-04-2023,Nagpur,
1522,Vikas Patel,04-09-2025,Nagpur,Repeat
1523,Rohit Verma,16-04-2025,Hyderabad,Repeat
1524,Vikas Sharma,12-01-2021,Hyderabad,repeat
1525,Vikas Verma,12-12-2025,Lucknow,new
1526,Rohit Patel,03-04-2022,Jaipur,New
1527,Vikas Das,22-11-2023,Pune,Repeat
1528,Priya Sharma,21-09-2024,Bangalore,
1529,Vikas Joshi,20-06-2022,Noida,
1530,Rohit Das,10-04-2020,Bangalore,
1531,Pooja Singh,13-03-2023,Bhubaneswar,new
1532,Neha Patel,01-08-2022,Mumbai,
1533,Neha Joshi,27-04-2024,Ahmedabad,new
1534,Rohit Patel,19-03-2024,Kolkata,New
1535,Rohit Joshi,30-04-2021,Nagpur,new
1536,Arjun Sharma,26-12-2021,Mumbai,New
1537,Sneha Das,04-10-2021,Surat,New
1538,Pooja Patel,04-04-2022,Nagpur,repeat
1539,Amit Joshi,07-08-2023,Noida,New
1540,Amit Yadav,01-04-2021,Hyderabad,new
1541,Anjali Das,05-10-2023,Raipur,New
1542,Priya Mehta,16-09-2022,Lucknow,Repeat
1543,Amit Kumar,04-10-2024,Jaipur,new
1544,Sneha Das,08-08-2022,Kolkata,new
1545,Neha Kumar,03-04-2025,Pune,new
1546,Anjali Das,29-11-2022,Bhubaneswar,
1547,Neha Verma,02-07-2021,Surat,Repeat
1548,Neha Gupta,01-04-2023,Delhi,
1549,Arjun Das,07-03-2020,Bhubaneswar,New
1550,Sneha Das,21-06-2025,Jaipur,
1551,Pooja Singh,13-04-2020,Ahmedabad,
1552,Pooja Sharma,07-01-2021,Gurugram,New
1553,Neha Sharma,18-11-2023,Pune,Repeat
1554,Sneha Sharma,08-03-2021,Udaipur,
1555,Priya Patel,19-08-2023,Chennai,
1556,Vikas Gupta,13-09-2023,Chennai,New
1557,Rahul Verma,11-09-2020,Pune,New
1558,Rohit Gupta,01-06-2023,Delhi,Repeat
1559,Rohit Kumar,23-12-2020,Delhi,repeat
1560,Vikas Joshi,09-07-2024,Gurugram,repeat
1561,Anjali Joshi,05-05-2025,Pune,new
1562,Amit Singh,23-11-2025,Gurugram,
1563,Arjun Yadav,18-07-2025,Bangalore,new
1564,Pooja Kumar,10-03-2024,Pune,repeat
1565,Rohit Sharma,30-05-2021,Indore,New
1566,Neha Gupta,19-01-2021,Lucknow,new
1567,Sneha Yadav,15-08-2025,Ahmedabad,Repeat
1568,Pooja Patel,14-01-2023,Delhi,repeat
1569,Pooja Das,15-11-2023,Bangalore,Repeat
1570,Arjun Mehta,31-10-2025,Pune,repeat
1571,Rahul Das,20-12-2022,Bhubaneswar,repeat
1572,Amit Kumar,10-10-2020,Gurugram,new
1573,Amit Joshi,14-02-2020,Ahmedabad,New
1574,Anjali Kumar,29-08-2020,Udaipur,new
1575,Neha Das,14-11-2023,Ahmedabad,
1576,Neha Verma,28-05-2020,Chennai,
1577,Priya Das,24-10-2025,Indore,New
1578,Sneha Kumar,25-10-2020,Indore,New
1579,Amit Verma,22-07-2025,Mumbai,New
1580,Priya Das,31-08-2022,Delhi,repeat
1581,Anjali Kumar,04-12-2021,Delhi,New
1582,Sneha Kumar,10-10-2023,Pune,repeat
1583,Arjun Das,20-02-2020,Chennai,Repeat
1584,Vikas Singh,14-02-2025,Chennai,New
1585,Vikas Gupta,14-02-2020,Ahmedabad,New
1586,Anjali Joshi,09-09-2023,Surat,Repeat
1587,Pooja Sharma,09-12-2022,Udaipur,
1588,Neha Patel,06-01-2023,Bangalore,new
1589,Vikas Singh,24-07-2020,Hyderabad,new
1590,Rohit Yadav,15-09-2022,Ahmedabad,Repeat
1591,Arjun Das,15-06-2022,Pune,repeat
1592,Vikas Joshi,10-05-2023,Pune,
1593,Rahul Joshi,01-02-2024,Surat,New
1594,Priya Yadav,02-11-2021,Bhubaneswar,New
1595,Rohit Gupta,29-03-2021,Surat,Repeat
1596,Rahul Singh,09-12-2023,Indore,repeat
1597,Pooja Das,07-10-2024,Lucknow,Repeat
1598,Vikas Singh,28-03-2021,Delhi,Repeat
1599,Arjun Verma,13-06-2025,Udaipur,
1600,Vikas Joshi,27-06-2023,Surat,Repeat
1601,Rohit Mehta,18-08-2024,Chennai,New
1602,Neha Mehta,08-04-2025,Kolkata,new
1603,Neha Verma,23-03-2025,Mumbai,Repeat
1604,Rohit Gupta,29-01-2023,Bangalore,New
1605,Rahul Yadav,15-05-2021,Ahmedabad,new
1606,Rohit Kumar,16-03-2024,Udaipur,
1607,Pooja Mehta,02-04-2021,Indore,Repeat
1608,Priya Kumar,01-04-2022,Raipur,New
1609,Neha Verma,23-03-2025,Jaipur,Repeat
1610,Rahul Yadav,20-05-2024,Lucknow,new
1611,Pooja Singh,10-08-2020,Nagpur,new
1612,Pooja Sharma,24-11-2025,Kolkata,Repeat
1613,Sneha Das,30-08-2025,Chennai,
1614,Priya Patel,03-03-2023,Nagpur,
1615,Anjali Joshi,30-10-2021,Lucknow,new
1616,Vikas Kumar,18-01-2021,Gurugram,
1617,Neha Kumar,01-03-2024,Raipur,
1618,Neha Sharma,19-02-2022,Surat,new
1619,Neha Kumar,25-11-2025,Bangalore,new
1620,Pooja Das,17-05-2024,Lucknow,New
1621,Vikas Sharma,28-02-2023,Kolkata,new
1622,Rahul Patel,09-12-2025,Lucknow,new
1623,Pooja Das,13-02-2022,Jaipur,new
1624,Arjun Gupta,24-10-2020,Hyderabad,
1625,Amit Kumar,29-03-2023,Hyderabad,repeat
1626,Amit Gupta,06-01-2024,Nagpur,
1627,Arjun Verma,05-03-2024,Jaipur,new
1628,Rohit Kumar,25-01-2025,Surat,repeat
1629,Rohit Yadav,03-06-2022,Bangalore,Repeat
1630,Pooja Das,06-05-2021,Surat,Repeat
1631,Amit Joshi,26-06-2022,Raipur,
1632,Vikas Kumar,24-02-2022,Delhi,
1633,Pooja Sharma,14-03-2025,Mumbai,new
1634,Amit Das,07-03-2021,Hyderabad,New
1635,Sneha Sharma,10-02-2022,Bangalore,
1636,Priya Gupta,05-04-2020,Bhubaneswar,
1637,Vikas Gupta,14-09-2020,Gurugram,Repeat
1638,Vikas Gupta,02-04-2021,Nagpur,Repeat
1639,Rahul Mehta,06-02-2023,Jaipur,
1640,Priya Singh,24-06-2023,Raipur,New
1641,Sneha Yadav,13-11-2023,Bhubaneswar,new
1642,Rahul Singh,04-10-2021,Nagpur,new
1643,Neha Joshi,22-08-2021,Delhi,
1644,Arjun Yadav,16-06-2022,Mumbai,new
1645,Sneha Patel,06-12-2024,Gurugram,New
1646,Anjali Verma,21-08-2025,Kolkata,new
1647,Arjun Verma,21-04-2023,Jaipur,new
1648,Anjali Verma,26-12-2022,Pune,Repeat
1649,Rahul Yadav,23-08-2023,Surat,repeat
1650,Pooja Yadav,16-03-2022,Delhi,Repeat
1651,Neha Joshi,09-08-2024,Ahmedabad,
1652,Anjali Joshi,11-09-2023,Ahmedabad,
1653,Rohit Sharma,02-11-2022,Udaipur,New
1654,Sneha Yadav,15-06-2021,Chennai,Repeat
1655,Neha Patel,19-08-2020,Udaipur,new
1656,Anjali Kumar,31-07-2024,Bhubaneswar,
1657,Pooja Patel,05-11-2022,Nagpur,repeat
1658,Priya Gupta,22-09-2025,Chennai,Repeat
1659,Priya Das,03-06-2022,Kolkata,New
1660,Neha Gupta,29-08-2025,Bangalore,new
1661,Anjali Gupta,10-12-2025,Raipur,New
1662,Sneha Gupta,04-03-2023,Noida,
1663,Priya Mehta,15-03-2024,Pune,New
1664,Rahul Patel,10-12-2021,Delhi,New
1665,Anjali Sharma,04-10-2022,Delhi,Repeat
1666,Arjun Yadav,07-09-2023,Chennai,Repeat
1667,Sneha Patel,21-04-2024,Delhi,
1668,Rahul Mehta,15-01-2021,Noida,New
1669,Vikas Singh,30-06-2020,Jaipur,repeat
1670,Neha Joshi,31-12-2025,Noida,
1671,Anjali Joshi,31-12-2020,Udaipur,
1672,Priya Das,05-04-2021,Jaipur,repeat
1673,Neha Yadav,02-04-2023,Ahmedabad,repeat
1674,Amit Singh,10-01-2021,Bangalore,New
1675,Vikas Verma,29-07-2020,Mumbai,
1676,Anjali Mehta,06-07-2024,Nagpur,Repeat
1677,Rohit Verma,17-10-2024,Ahmedabad,new
1678,Arjun Das,30-10-2021,Raipur,
1679,Vikas Singh,30-08-2025,Udaipur,New
1680,Amit Joshi,24-07-2023,Lucknow,repeat
1681,Amit Sharma,27-01-2020,Lucknow,
1682,Rahul Das,08-04-2024,Gurugram,repeat
1683,Sneha Sharma,30-04-2023,Udaipur,
1684,Rohit Singh,18-01-2022,Raipur,new
1685,Sneha Yadav,28-01-2020,Pune,repeat
1686,Priya Joshi,23-04-2022,Noida,repeat
1687,Priya Gupta,25-07-2022,Lucknow,New
1688,Priya Das,14-05-2023,Ahmedabad,Repeat
1689,Pooja Das,30-11-2021,Nagpur,New
1690,Sneha Gupta,04-08-2022,Udaipur,Repeat
1691,Anjali Mehta,22-07-2022,Indore,New
1692,Rohit Gupta,26-10-2022,Nagpur,Repeat
1693,Rahul Patel,11-07-2020,Nagpur,new
1694,Sneha Verma,09-08-2023,Nagpur,repeat
1695,Neha Mehta,28-09-2023,Jaipur,new
1696,Rohit Verma,26-10-2020,Delhi,New
1697,Amit Singh,31-07-2023,Hyderabad,Repeat
1698,Priya Verma,01-12-2024,Surat,New
1699,Vikas Mehta,16-02-2023,Bangalore,repeat
1700,Arjun Verma,25-01-2024,Gurugram,
1701,Rahul Joshi,27-09-2020,Indore,New
1702,Anjali Patel,19-12-2024,Kolkata,new
1703,Neha Yadav,17-09-2025,Hyderabad,New
1704,Neha Patel,15-07-2020,Udaipur,new
1705,Arjun Mehta,29-01-2021,Udaipur,
1706,Neha Singh,30-05-2022,Jaipur,new
1707,Sneha Gupta,05-08-2023,Noida,new
1708,Rahul Mehta,14-08-2023,Surat,new
1709,Anjali Singh,28-01-2025,Raipur,Repeat
1710,Amit Patel,21-05-2022,Bhubaneswar,New
1711,Sneha Singh,17-10-2024,Indore,New
1712,Rohit Gupta,23-01-2020,Pune,repeat
1713,Pooja Gupta,18-02-2025,Nagpur,New
1714,Rahul Singh,27-10-2022,Raipur,new
1715,Amit Joshi,05-08-2025,Gurugram,Repeat
1716,Pooja Sharma,19-05-2025,Pune,New
1717,Neha Gupta,08-11-2021,Lucknow,repeat
1718,Neha Yadav,22-06-2021,Mumbai,repeat
1719,Rohit Yadav,27-07-2020,Lucknow,Repeat
1720,Sneha Mehta,20-04-2025,Lucknow,Repeat
1721,Arjun Verma,07-11-2025,Indore,New
1722,Sneha Kumar,19-09-2020,Chennai,
1723,Vikas Verma,13-01-2021,Hyderabad,new
1724,Amit Das,17-07-2023,Raipur,Repeat
1725,Pooja Singh,21-08-2020,Surat,New
1726,Sneha Yadav,25-12-2022,Surat,Repeat
1727,Rahul Mehta,06-05-2021,Kolkata,Repeat
1728,Pooja Yadav,21-03-2024,Mumbai,New
1729,Neha Kumar,13-03-2022,Lucknow,repeat
1730,Neha Joshi,08-12-2023,Ahmedabad,New
1731,Priya Mehta,21-03-2022,Jaipur,Repeat
1732,Sneha Yadav,22-08-2021,Hyderabad,
1733,Rahul Mehta,16-12-2024,Mumbai,repeat
1734,Arjun Gupta,10-10-2022,Gurugram,New
1735,Rohit Sharma,11-01-2022,Hyderabad,Repeat
1736,Arjun Yadav,27-07-2023,Pune,New
1737,Rohit Das,05-10-2022,Surat,new
1738,Arjun Verma,11-02-2025,Delhi,
1739,Neha Kumar,15-05-2022,Mumbai,
1740,Neha Gupta,20-01-2024,Bangalore,new
1741,Sneha Mehta,20-10-2021,Kolkata,
1742,Rohit Patel,10-10-2025,Kolkata,Repeat
1743,Anjali Singh,16-09-2022,Gurugram,New
1744,Sneha Mehta,09-12-2023,Kolkata,Repeat
1745,Rohit Patel,15-05-2020,Noida,new
1746,Anjali Patel,30-07-2025,Pune,Repeat
1747,Sneha Patel,23-10-2021,Lucknow,new
1748,Sneha Verma,27-07-2025,Chennai,Repeat
1749,Sneha Kumar,17-08-2024,Mumbai,new
1750,Sneha Singh,07-12-2020,Udaipur,New
1751,Neha Sharma,05-06-2021,Bhubaneswar,repeat
1752,Anjali Verma,06-10-2025,Noida,
1753,Pooja Sharma,26-11-2021,Delhi,Repeat
1754,Pooja Kumar,28-10-2021,Raipur,repeat
1755,Amit Joshi,23-07-2020,Udaipur,repeat
1756,Arjun Singh,19-12-2025,Bangalore,New
1757,Neha Sharma,05-08-2021,Bhubaneswar,
1758,Priya Singh,18-01-2022,Mumbai,Repeat
1759,Amit Gupta,06-04-2023,Chennai,New
1760,Rohit Verma,26-05-2023,Udaipur,new
1761,Rohit Das,29-06-2020,Chennai,new
1762,Arjun Sharma,31-10-2024,Jaipur,
1763,Anjali Sharma,26-01-2021,Pune,repeat
1764,Rahul Das,09-07-2021,Jaipur,repeat
1765,Neha Yadav,11-10-2024,Chennai,Repeat
1766,Sneha Yadav,31-03-2020,Chennai,repeat
1767,Anjali Gupta,31-03-2021,Mumbai,New
1768,Rohit Singh,13-02-2025,Noida,New
1769,Pooja Yadav,16-11-2021,Raipur,new
1770,Vikas Joshi,08-06-2022,Indore,New
1771,Amit Sharma,05-05-2024,Gurugram,new
1772,Rohit Sharma,18-02-2020,Chennai,New
1773,Amit Gupta,28-01-2025,Kolkata,new
1774,Pooja Yadav,06-07-2022,Ahmedabad,
1775,Anjali Sharma,07-03-2023,Mumbai,Repeat
1776,Priya Kumar,07-09-2025,Delhi,Repeat
1777,Rahul Joshi,18-04-2023,Bhubaneswar,repeat
1778,Arjun Yadav,28-07-2023,Mumbai,
1779,Rohit Joshi,13-06-2025,Indore,
1780,Neha Sharma,12-10-2022,Pune,Repeat
1781,Priya Kumar,18-09-2022,Mumbai,new
1782,Vikas Joshi,26-10-2021,Jaipur,repeat
1783,Rohit Das,26-09-2022,Jaipur,Repeat
1784,Arjun Joshi,27-04-2023,Nagpur,new
1785,Priya Patel,10-05-2025,Noida,Repeat
1786,Pooja Das,23-05-2025,Hyderabad,Repeat
1787,Rohit Sharma,11-11-2023,Indore,Repeat
1788,Pooja Verma,22-09-2022,Bhubaneswar,New
1789,Vikas Yadav,25-01-2022,Jaipur,repeat
1790,Arjun Kumar,12-09-2024,Ahmedabad,Repeat
1791,Rahul Patel,20-04-2025,Udaipur,
1792,Rohit Verma,23-10-2023,Gurugram,repeat
1793,Rahul Joshi,03-11-2024,Nagpur,repeat
1794,Pooja Joshi,03-02-2020,Lucknow,Repeat
1795,Sneha Sharma,12-09-2022,Udaipur,
1796,Rahul Kumar,02-09-2022,Indore,New
1797,Arjun Das,31-07-2025,Pune,Repeat
1798,Arjun Das,09-12-2024,Delhi,Repeat
1799,Pooja Mehta,13-08-2020,Noida,new
1800,Pooja Gupta,12-06-2020,Jaipur,Repeat
1801,Anjali Sharma,15-05-2021,Gurugram,
1802,Sneha Singh,10-09-2021,Chennai,New
1803,Priya Sharma,20-02-2023,Chennai,New
1804,Rohit Singh,25-06-2024,Lucknow,repeat
1805,Amit Patel,25-08-2022,Bhubaneswar,repeat
1806,Amit Joshi,17-01-2025,Noida,Repeat
1807,Arjun Patel,10-09-2020,Jaipur,Repeat
1808,Rahul Patel,23-06-2025,Nagpur,Repeat
1809,Rahul Kumar,18-12-2020,Nagpur,new
1810,Vikas Singh,12-09-2021,Nagpur,New
1811,Rohit Patel,14-03-2022,Ahmedabad,new
1812,Rahul Verma,04-11-2025,Indore,repeat
1813,Pooja Verma,18-03-2020,Indore,Repeat
1814,Arjun Patel,23-01-2021,Hyderabad,repeat
1815,Neha Das,12-06-2025,Gurugram,
1816,Neha Gupta,17-06-2024,Bangalore,
1817,Pooja Sharma,22-12-2023,Chennai,New
1818,Vikas Yadav,21-08-2022,Mumbai,
1819,Rahul Singh,27-10-2020,Hyderabad,repeat
1820,Sneha Kumar,19-11-2023,Udaipur,repeat
1821,Priya Das,12-01-2021,Hyderabad,
1822,Rahul Singh,16-05-2021,Indore,Repeat
1823,Amit Mehta,31-01-2024,Pune,repeat
1824,Sneha Patel,16-02-2021,Nagpur,
1825,Neha Verma,17-11-2022,Surat,repeat
1826,Pooja Verma,07-02-2024,Raipur,Repeat
1827,Arjun Joshi,06-11-2024,Kolkata,Repeat
1828,Vikas Joshi,27-04-2024,Bhubaneswar,
1829,Neha Yadav,18-06-2022,Raipur,
1830,Amit Patel,25-02-2020,Indore,New
1831,Sneha Singh,25-05-2023,Nagpur,
1832,Sneha Singh,06-09-2022,Kolkata,new
1833,Vikas Gupta,02-06-2025,Chennai,new
1834,Anjali Das,12-10-2025,Indore,new
1835,Vikas Mehta,04-04-2023,Udaipur,
1836,Anjali Gupta,18-10-2020,Surat,Repeat
1837,Rahul Verma,17-04-2020,Ahmedabad,new
1838,Pooja Sharma,03-09-2024,Gurugram,new
1839,Neha Gupta,27-05-2025,Gurugram,repeat
1840,Sneha Kumar,15-04-2020,Indore,
1841,Vikas Kumar,29-01-2021,Pune,new
1842,Neha Joshi,03-11-2024,Noida,Repeat
1843,Sneha Yadav,11-10-2020,Chennai,Repeat
1844,Priya Das,09-04-2020,Hyderabad,Repeat
1845,Vikas Singh,09-09-2021,Raipur,
1846,Neha Gupta,10-11-2023,Hyderabad,new
1847,Priya Sharma,22-11-2021,Ahmedabad,repeat
1848,Neha Mehta,16-11-2021,Hyderabad,
1849,Arjun Joshi,30-04-2022,Gurugram,
1850,Pooja Sharma,13-05-2022,Ahmedabad,new
1851,Arjun Das,17-01-2024,Pune,Repeat
1852,Sneha Yadav,11-09-2022,Chennai,repeat
1853,Rohit Patel,29-12-2023,Raipur,
1854,Vikas Das,12-07-2023,Chennai,new
1855,Anjali Patel,01-06-2020,Bhubaneswar,new
1856,Priya Patel,16-01-2020,Delhi,New
1857,Pooja Kumar,10-04-2022,Kolkata,New
1858,Rohit Mehta,28-03-2022,Bangalore,new
1859,Amit Das,26-01-2022,Nagpur,New
1860,Amit Yadav,18-02-2023,Hyderabad,new
1861,Vikas Das,02-10-2022,Gurugram,New
1862,Sneha Verma,07-07-2023,Gurugram,repeat
1863,Pooja Sharma,05-04-2022,Bhubaneswar,new
1864,Rahul Verma,18-05-2023,Surat,repeat
1865,Vikas Patel,19-12-2021,Ahmedabad,new
1866,Amit Joshi,20-07-2023,Pune,Repeat
1867,Amit Joshi,27-01-2024,Chennai,new
1868,Rahul Verma,15-09-2021,Surat,Repeat
1869,Rohit Yadav,15-07-2025,Indore,New
1870,Vikas Gupta,16-12-2023,Nagpur,
1871,Sneha Patel,29-08-2021,Delhi,new
1872,Rahul Singh,03-09-2020,Surat,new
1873,Rohit Joshi,18-04-2020,Bhubaneswar,new
1874,Neha Joshi,26-04-2022,Indore,repeat
1875,Amit Sharma,10-06-2024,Hyderabad,New
1876,Neha Yadav,09-04-2020,Raipur,repeat
1877,Vikas Kumar,17-02-2020,Delhi,new
1878,Pooja Verma,19-05-2023,Kolkata,
1879,Pooja Sharma,13-05-2025,Noida,
1880,Amit Das,05-12-2025,Gurugram,repeat
1881,Priya Patel,25-11-2023,Lucknow,Repeat
1882,Priya Verma,26-01-2022,Delhi,new
1883,Pooja Das,04-02-2022,Jaipur,Repeat
1884,Vikas Joshi,03-08-2020,Ahmedabad,
1885,Sneha Verma,28-02-2021,Pune,
1886,Neha Sharma,12-06-2025,Gurugram,Repeat
1887,Sneha Patel,18-06-2024,Surat,New
1888,Anjali Singh,19-09-2024,Lucknow,Repeat
1889,Rahul Verma,12-02-2025,Raipur,repeat
1890,Rohit Sharma,05-05-2023,Bhubaneswar,new
1891,Vikas Verma,30-06-2020,Jaipur,
1892,Priya Mehta,04-10-2023,Gurugram,Repeat
1893,Anjali Yadav,07-03-2023,Raipur,
1894,Anjali Joshi,22-08-2021,Indore,Repeat
1895,Anjali Singh,09-11-2024,Nagpur,repeat
1896,Rahul Yadav,04-05-2025,Surat,repeat
1897,Amit Das,25-06-2020,Noida,repeat
1898,Amit Patel,19-12-2024,Nagpur,new
1899,Neha Mehta,26-03-2025,Indore,
1900,Neha Joshi,01-07-2023,Delhi,
1901,Amit Sharma,25-02-2025,Udaipur,New
1902,Arjun Yadav,16-08-2024,Surat,repeat
1903,Sneha Patel,02-07-2023,Bangalore,new
1904,Pooja Joshi,19-06-2023,Bangalore,
1905,Neha Kumar,30-07-2024,Lucknow,Repeat
1906,Neha Joshi,10-11-2025,Noida,New
1907,Priya Joshi,19-06-2023,Ahmedabad,new
1908,Neha Singh,22-06-2020,Ahmedabad,new
1909,Arjun Yadav,12-09-2022,Udaipur,repeat
1910,Anjali Das,12-06-2025,Pune,
1911,Arjun Sharma,21-07-2024,Indore,new
1912,Rahul Joshi,20-02-2023,Ahmedabad,New
1913,Priya Sharma,28-09-2025,Pune,Repeat
1914,Priya Kumar,28-12-2024,Indore,repeat
1915,Amit Joshi,15-10-2021,Pune,new
1916,Sneha Singh,17-05-2020,Kolkata,New
1917,Anjali Das,15-09-2022,Noida,
1918,Rahul Verma,21-09-2024,Ahmedabad,New
1919,Rahul Sharma,13-04-2020,Lucknow,New
1920,Vikas Verma,01-02-2025,Noida,New
1921,Rohit Gupta,08-01-2024,Pune,New
1922,Vikas Verma,25-11-2021,Noida,new
1923,Vikas Patel,10-01-2021,Indore,Repeat
1924,Neha Mehta,12-01-2022,Udaipur,New
1925,Amit Singh,19-06-2025,Lucknow,new
1926,Sneha Sharma,24-11-2020,Mumbai,
1927,Sneha Kumar,05-09-2025,Bangalore,Repeat
1928,Amit Joshi,17-10-2023,Indore,new
1929,Vikas Kumar,23-12-2020,Noida,new
1930,Priya Joshi,30-12-2021,Pune,Repeat
1931,Vikas Kumar,20-09-2024,Mumbai,new
1932,Priya Gupta,27-07-2025,Pune,new
1933,Sneha Yadav,15-02-2021,Nagpur,repeat
1934,Vikas Singh,10-09-2024,Chennai,new
1935,Amit Verma,13-12-2024,Mumbai,repeat
1936,Pooja Patel,27-02-2021,Delhi,Repeat
1937,Rohit Sharma,23-08-2025,Delhi,repeat
1938,Rahul Sharma,20-04-2022,Surat,
1939,Amit Yadav,16-11-2022,Noida,New
1940,Arjun Yadav,27-02-2020,Delhi,Repeat
1941,Priya Das,12-01-2023,Pune,
1942,Anjali Yadav,09-10-2023,Pune,
1943,Sneha Gupta,14-04-2024,Udaipur,Repeat
1944,Anjali Kumar,08-08-2021,Noida,
1945,Rohit Das,01-05-2020,Bangalore,new
1946,Sneha Singh,18-09-2024,Hyderabad,repeat
1947,Amit Gupta,08-05-2023,Surat,
1948,Priya Verma,26-01-2020,Indore,New
1949,Rohit Joshi,20-07-2022,Hyderabad,Repeat
1950,Sneha Sharma,10-03-2022,Delhi,New
1951,Priya Kumar,03-04-2022,Ahmedabad,Repeat
1952,Rohit Singh,20-11-2021,Nagpur,New
1953,Neha Joshi,07-09-2023,Hyderabad,New
1954,Neha Patel,06-10-2021,Jaipur,new
1955,Priya Gupta,04-09-2024,Raipur,
1956,Sneha Patel,23-01-2025,Raipur,
1957,Neha Kumar,31-03-2025,Noida,repeat
1958,Neha Das,27-06-2025,Ahmedabad,new
1959,Rahul Yadav,22-07-2022,Udaipur,
1960,Sneha Kumar,23-03-2023,Noida,new
1961,Arjun Sharma,26-08-2023,Jaipur,repeat
1962,Neha Yadav,29-01-2022,Kolkata,New
1963,Arjun Verma,05-06-2020,Noida,new
1964,Rohit Yadav,28-03-2023,Gurugram,repeat
1965,Anjali Joshi,19-10-2024,Bhubaneswar,repeat
1966,Arjun Kumar,29-01-2022,Bhubaneswar,
1967,Vikas Joshi,12-05-2020,Bhubaneswar,Repeat
1968,Arjun Yadav,08-11-2023,Gurugram,new
1969,Rahul Joshi,01-07-2025,Kolkata,Repeat
1970,Arjun Joshi,20-03-2024,Indore,repeat
1971,Neha Singh,17-11-2024,Mumbai,Repeat
1972,Neha Mehta,30-10-2020,Nagpur,
1973,Priya Verma,29-01-2022,Raipur,Repeat
1974,Arjun Das,03-05-2022,Hyderabad,repeat
1975,Sneha Patel,15-04-2024,Pune,repeat
1976,Amit Kumar,22-05-2021,Bangalore,Repeat
1977,Rohit Gupta,05-10-2022,Mumbai,Repeat
1978,Pooja Sharma,14-01-2024,Chennai,new
1979,Rahul Das,16-02-2020,Noida,
1980,Vikas Kumar,16-01-2024,Indore,
1981,Priya Yadav,30-12-2024,Nagpur,
1982,Anjali Singh,04-11-2022,Lucknow,new
1983,Pooja Sharma,21-01-2023,Hyderabad,New
1984,Neha Yadav,08-12-2021,Bangalore,repeat
1985,Priya Singh,04-11-2023,Ahmedabad,new
1986,Arjun Yadav,12-01-2024,Hyderabad,Repeat
1987,Rohit Kumar,16-04-2024,Chennai,new
1988,Amit Joshi,27-05-2020,Jaipur,
1989,Priya Sharma,12-01-2024,Bhubaneswar,
1990,Pooja Verma,27-10-2020,Indore,Repeat
1991,Amit Joshi,03-05-2020,Gurugram,New
1992,Rahul Singh,06-01-2023,Pune,repeat
1993,Rohit Yadav,28-09-2020,Indore,New
1994,Vikas Kumar,04-04-2024,Pune,new
1995,Sneha Patel,31-07-2025,Jaipur,repeat
1996,Rahul Das,27-11-2021,Lucknow,
1997,Amit Das,21-11-2023,Gurugram,repeat
1998,Pooja Singh,04-09-2020,Chennai,new
1999,Rahul Joshi,02-06-2022,Lucknow,
2000,Amit Yadav,16-02-2021,Jaipur,New
2001,Vikas Gupta,23-09-2023,Hyderabad,repeat
2002,Vikas Kumar,09-07-2022,Hyderabad,
2003,Arjun Joshi,06-02-2021,Raipur,repeat
2004,Anjali Sharma,23-01-2020,Noida,
2005,Rohit Mehta,09-12-2020,Chennai,repeat
2006,Sneha Das,17-12-2025,Lucknow,Repeat
2007,Arjun Yadav,15-10-2022,Noida,
2008,Rohit Singh,02-09-2023,Gurugram,Repeat
2009,Anjali Kumar,07-08-2021,Chennai,New
2010,Vikas Sharma,19-10-2025,Bhubaneswar,Repeat
2011,Rohit Kumar,28-01-2022,Delhi,new
2012,Anjali Patel,13-09-2021,Nagpur,repeat
2013,Neha Patel,17-06-2025,Nagpur,
2014,Arjun Kumar,29-01-2024,Udaipur,Repeat
2015,Sneha Yadav,05-04-2022,Udaipur,New
2016,Anjali Patel,22-03-2025,Gurugram,repeat
2017,Vikas Yadav,01-10-2023,Chennai,new
2018,Amit Joshi,28-05-2021,Mumbai,repeat
2019,Pooja Singh,29-03-2022,Surat,Repeat
2020,Pooja Das,10-12-2024,Lucknow,Repeat
2021,Priya Singh,15-05-2023,Mumbai,repeat
2022,Arjun Verma,15-02-2022,Gurugram,
2023,Rohit Mehta,28-05-2024,Nagpur,Repeat
2024,Rohit Singh,25-01-2023,Indore,New
2025,Arjun Mehta,07-07-2022,Delhi,New
2026,Priya Verma,04-12-2023,Lucknow,new
2027,Anjali Verma,14-02-2025,Indore,
2028,Amit Mehta,07-09-2020,Chennai,
2029,Amit Gupta,29-11-2023,Hyderabad,repeat
2030,Rahul Sharma,26-09-2025,Bhubaneswar,
2031,Priya Verma,06-01-2022,Pune,
2032,Arjun Sharma,05-11-2025,Noida,Repeat
2033,Rohit Yadav,15-02-2020,Gurugram,new
2034,Anjali Singh,19-01-2025,Udaipur,
2035,Sneha Gupta,07-10-2023,Udaipur,
2036,Neha Kumar,19-01-2020,Pune,repeat
2037,Neha Sharma,21-02-2024,Bangalore,
2038,Arjun Gupta,18-09-2020,Raipur,New
2039,Sneha Verma,15-02-2021,Kolkata,
2040,Priya Mehta,27-09-2020,Nagpur,new
2041,Vikas Kumar,06-01-2022,Hyderabad,new
2042,Anjali Verma,02-05-2021,Noida,new
2043,Amit Sharma,20-10-2023,Pune,New
2044,Pooja Gupta,11-08-2025,Noida,Repeat
2045,Rahul Singh,19-03-2025,Lucknow,
2046,Pooja Singh,01-03-2022,Hyderabad,new
2047,Anjali Das,27-06-2024,Hyderabad,repeat
2048,Neha Patel,21-10-2020,Nagpur,New
2049,Vikas Patel,25-01-2020,Ahmedabad,Repeat
2050,Rahul Verma,09-03-2020,Bangalore,
2051,Vikas Das,26-01-2021,Raipur,Repeat
2052,Rohit Verma,07-03-2025,Kolkata,New
2053,Vikas Singh,20-06-2023,Pune,
2054,Arjun Patel,06-03-2023,Raipur,New
2055,Arjun Mehta,22-01-2020,Bangalore,new
2056,Arjun Verma,19-03-2022,Mumbai,New
2057,Pooja Patel,29-01-2021,Jaipur,Repeat
2058,Arjun Joshi,27-11-2022,Jaipur,new
2059,Arjun Gupta,25-05-2020,Surat,Repeat
2060,Amit Yadav,29-03-2022,Delhi,repeat
2061,Rahul Mehta,20-01-2024,Nagpur,new
2062,Pooja Mehta,06-07-2025,Bangalore,Repeat
2063,Anjali Das,18-03-2022,Jaipur,Repeat
2064,Priya Yadav,04-07-2020,Chennai,Repeat
2065,Anjali Sharma,23-12-2022,Jaipur,New
2066,Neha Yadav,09-01-2024,Jaipur,repeat
2067,Amit Kumar,28-10-2024,Noida,new
2068,Anjali Kumar,07-10-2022,Lucknow,repeat
2069,Arjun Das,01-01-2025,Nagpur,new
2070,Arjun Das,25-09-2024,Ahmedabad,repeat
2071,Vikas Kumar,20-10-2020,Jaipur,Repeat
2072,Anjali Patel,05-03-2025,Hyderabad,Repeat
2073,Arjun Patel,19-12-2020,Pune,repeat
2074,Amit Gupta,11-04-2025,Udaipur,repeat
2075,Amit Yadav,11-07-2022,Lucknow,new
2076,Rohit Mehta,04-01-2022,Gurugram,New
2077,Vikas Sharma,19-05-2023,Chennai,Repeat
2078,Rahul Mehta,27-12-2023,Lucknow,Repeat
2079,Rohit Verma,10-11-2023,Kolkata,repeat
2080,Anjali Patel,25-08-2025,Indore,Repeat
2081,Sneha Kumar,12-08-2024,Hyderabad,New
2082,Vikas Kumar,21-11-2020,Udaipur,Repeat
2083,Arjun Yadav,17-07-2023,Raipur,Repeat
2084,Arjun Yadav,23-10-2022,Surat,New
2085,Priya Das,26-01-2020,Jaipur,repeat
2086,Rahul Mehta,07-07-2023,Udaipur,new
2087,Rahul Gupta,24-04-2024,Udaipur,repeat
2088,Rohit Kumar,27-07-2020,Ahmedabad,New
2089,Rahul Singh,02-04-2024,Mumbai,
2090,Rohit Singh,20-11-2025,Nagpur,Repeat
2091,Vikas Singh,29-10-2023,Bangalore,repeat
2092,Amit Sharma,05-03-2025,Jaipur,
2093,Vikas Das,09-05-2022,Gurugram,New
2094,Vikas Gupta,28-02-2025,Chennai,Repeat
2095,Anjali Joshi,21-09-2020,Hyderabad,new
2096,Neha Patel,21-04-2025,Mumbai,
2097,Anjali Kumar,06-07-2025,Udaipur,Repeat
2098,Amit Verma,21-01-2023,Pune,Repeat
2099,Pooja Kumar,21-04-2024,Bhubaneswar,New
2100,Anjali Das,12-05-2023,Delhi,new
2101,Amit Sharma,17-06-2025,Pune,
2102,Priya Verma,06-04-2025,Noida,
2103,Priya Verma,16-06-2025,Kolkata,repeat
2104,Sneha Gupta,09-09-2020,Delhi,new
2105,Arjun Gupta,13-03-2020,Surat,new
2106,Rohit Verma,21-06-2024,Bangalore,
2107,Anjali Sharma,04-11-2022,Jaipur,
2108,Rahul Verma,20-10-2025,Bangalore,New
2109,Sneha Kumar,14-05-2023,Noida,Repeat
2110,Rahul Kumar,15-12-2024,Mumbai,Repeat
2111,Pooja Verma,08-11-2024,Bhubaneswar,
2112,Pooja Gupta,03-04-2020,Noida,New
2113,Rohit Joshi,14-08-2023,Lucknow,
2114,Rahul Mehta,07-06-2022,Chennai,New
2115,Rahul Gupta,02-05-2022,Mumbai,new
2116,Rohit Singh,18-01-2022,Indore,new
2117,Pooja Joshi,03-03-2023,Kolkata,
2118,Anjali Verma,02-08-2020,Lucknow,New
2119,Rahul Singh,27-03-2022,Mumbai,New
2120,Rohit Singh,27-04-2020,Raipur,repeat
2121,Rahul Singh,13-05-2020,Jaipur,
2122,Pooja Gupta,01-08-2023,Chennai,
2123,Rohit Singh,15-12-2021,Nagpur,Repeat
2124,Vikas Patel,02-11-2021,Lucknow,
2125,Anjali Verma,24-08-2020,Indore,new
2126,Priya Das,23-08-2021,Indore,New
2127,Rohit Patel,29-12-2024,Bangalore,Repeat
2128,Arjun Sharma,23-01-2021,Jaipur,New
2129,Anjali Yadav,02-09-2022,Gurugram,new
2130,Rohit Mehta,18-12-2025,Pune,
2131,Arjun Gupta,05-09-2020,Indore,repeat
2132,Vikas Joshi,19-01-2024,Surat,repeat
2133,Vikas Kumar,14-12-2020,Indore,repeat
2134,Rohit Patel,05-01-2021,Surat,Repeat
2135,Priya Yadav,26-06-2025,Jaipur,Repeat
2136,Anjali Sharma,12-05-2024,Indore,new
2137,Pooja Patel,28-07-2022,Raipur,New
2138,Priya Sharma,09-06-2022,Kolkata,repeat
2139,Neha Joshi,27-05-2025,Bhubaneswar,New
2140,Pooja Singh,21-05-2022,Gurugram,Repeat
2141,Rohit Kumar,23-08-2020,Indore,repeat
2142,Pooja Verma,16-06-2025,Delhi,
2143,Vikas Joshi,05-10-2021,Raipur,New
2144,Vikas Gupta,26-10-2025,Hyderabad,repeat
2145,Amit Sharma,29-10-2025,Pune,new
2146,Pooja Yadav,11-05-2022,Jaipur,new
2147,Rohit Singh,07-01-2022,Bangalore,
2148,Rahul Patel,11-04-2020,Ahmedabad,
2149,Priya Sharma,23-04-2021,Bhubaneswar,New
2150,Neha Verma,23-07-2020,Udaipur,
2151,Rohit Verma,05-07-2022,Bangalore,
2152,Vikas Kumar,16-10-2024,Pune,Repeat
2153,Priya Das,01-01-2020,Delhi,New
2154,Sneha Sharma,28-02-2020,Bhubaneswar,
2155,Amit Mehta,29-01-2021,Noida,
2156,Neha Verma,09-09-2023,Nagpur,new
2157,Vikas Mehta,01-03-2023,Bhubaneswar,repeat
2158,Amit Das,22-05-2024,Gurugram,Repeat
2159,Anjali Joshi,30-10-2022,Surat,New
2160,Neha Singh,25-04-2023,Chennai,New
2161,Sneha Patel,21-11-2024,Mumbai,
2162,Rahul Yadav,23-02-2023,Delhi,new
2163,Pooja Mehta,03-03-2021,Noida,New
2164,Amit Kumar,31-10-2022,Delhi,New
2165,Amit Gupta,19-03-2023,Jaipur,
2166,Arjun Das,27-01-2020,Hyderabad,Repeat
2167,Priya Mehta,07-06-2023,Lucknow,New
2168,Sneha Verma,29-04-2025,Raipur,
2169,Priya Singh,27-11-2025,Lucknow,New
2170,Rohit Kumar,03-06-2025,Hyderabad,repeat
2171,Sneha Das,19-09-2024,Delhi,repeat
2172,Rohit Das,31-12-2021,Indore,new
2173,Amit Patel,09-12-2024,Bangalore,
2174,Vikas Patel,28-08-2020,Indore,repeat
2175,Amit Joshi,25-11-2021,Mumbai,New
2176,Rahul Mehta,14-03-2025,Nagpur,repeat
2177,Sneha Patel,23-03-2022,Delhi,repeat
2178,Sneha Sharma,17-06-2020,Kolkata,New
2179,Pooja Verma,09-09-2024,Mumbai,new
2180,Pooja Verma,14-06-2025,Raipur,repeat
2181,Anjali Patel,19-10-2023,Bangalore,Repeat
2182,Priya Das,27-03-2021,Nagpur,
2183,Sneha Das,19-01-2021,Gurugram,
2184,Sneha Kumar,07-12-2023,Bangalore,new
2185,Priya Yadav,12-12-2022,Jaipur,new
2186,Rohit Das,14-04-2022,Surat,Repeat
2187,Anjali Singh,19-05-2022,Jaipur,New
2188,Arjun Patel,04-08-2023,Surat,repeat
2189,Sneha Patel,19-11-2022,Ahmedabad,New
2190,Priya Yadav,09-01-2022,Hyderabad,repeat
2191,Anjali Mehta,12-08-2020,Surat,
2192,Rohit Yadav,20-10-2020,Ahmedabad,new
2193,Amit Yadav,17-12-2023,Bhubaneswar,repeat
2194,Neha Patel,03-01-2022,Hyderabad,
2195,Rahul Gupta,29-06-2020,Raipur,new
2196,Neha Gupta,17-11-2024,Nagpur,
2197,Rahul Mehta,20-02-2022,Surat,
2198,Rahul Joshi,21-01-2023,Bhubaneswar,
2199,Vikas Das,10-12-2024,Surat,New
2200,Pooja Sharma,13-03-2021,Udaipur,
2201,Sneha Joshi,11-02-2021,Hyderabad,repeat
2202,Vikas Verma,30-05-2021,Pune,new
2203,Rohit Joshi,01-07-2020,Hyderabad,repeat
2204,Anjali Gupta,16-12-2023,Bhubaneswar,New
2205,Amit Sharma,16-12-2025,Indore,New
2206,Amit Gupta,15-04-2025,Bangalore,new
2207,Vikas Joshi,31-03-2023,Lucknow,Repeat
2208,Neha Singh,28-10-2025,Mumbai,new
2209,Neha Patel,26-08-2023,Bangalore,Repeat
2210,Amit Yadav,31-03-2022,Surat,new
2211,Anjali Patel,09-04-2021,Gurugram,New
2212,Pooja Verma,30-10-2023,Nagpur,Repeat
2213,Neha Mehta,02-04-2024,Jaipur,new
2214,Pooja Gupta,06-05-2021,Chennai,repeat
2215,Sneha Das,09-10-2021,Mumbai,new
2216,Arjun Sharma,08-08-2025,Udaipur,New
2217,Rohit Verma,01-08-2021,Surat,Repeat
2218,Priya Singh,08-09-2024,Raipur,New
2219,Neha Kumar,27-02-2025,Mumbai,New
2220,Priya Yadav,29-06-2023,Lucknow,repeat
2221,Rahul Singh,22-10-2024,Delhi,Repeat
2222,Arjun Verma,28-05-2020,Lucknow,New
2223,Priya Verma,01-03-2020,Indore,
2224,Amit Verma,18-01-2020,Surat,New
2225,Neha Patel,12-12-2021,Pune,new
2226,Rahul Mehta,10-04-2024,Indore,Repeat
2227,Neha Joshi,28-10-2025,Bhubaneswar,
2228,Neha Das,13-04-2021,Pune,
2229,Priya Gupta,11-04-2023,Chennai,new
2230,Neha Joshi,07-09-2023,Hyderabad,Repeat
2231,Rohit Joshi,12-04-2020,Kolkata,repeat
2232,Vikas Mehta,02-06-2020,Udaipur,repeat
2233,Rahul Kumar,11-03-2022,Gurugram,repeat
2234,Amit Kumar,23-04-2024,Nagpur,repeat
2235,Pooja Sharma,04-06-2023,Lucknow,New
2236,Priya Mehta,13-03-2024,Bhubaneswar,
2237,Neha Kumar,16-06-2021,Kolkata,new
2238,Neha Joshi,27-02-2020,Jaipur,New
2239,Vikas Gupta,17-09-2024,Jaipur,new
2240,Pooja Das,05-10-2025,Surat,New
2241,Pooja Singh,15-08-2022,Lucknow,New
2242,Neha Sharma,01-02-2022,Indore,new
2243,Anjali Singh,03-07-2024,Udaipur,new
2244,Neha Mehta,10-06-2025,Mumbai,repeat
2245,Priya Singh,20-05-2023,Gurugram,new
2246,Rohit Patel,29-09-2024,Delhi,
2247,Arjun Yadav,09-03-2021,Bhubaneswar,repeat
2248,Neha Mehta,23-02-2022,Udaipur,repeat
2249,Rahul Sharma,10-09-2020,Bhubaneswar,new
2250,Anjali Yadav,02-08-2022,Surat,New
2251,Rohit Verma,03-09-2020,Delhi,
2252,Anjali Kumar,17-05-2023,Raipur,New
2253,Arjun Sharma,31-03-2025,Ahmedabad,new
2254,Rahul Yadav,28-08-2025,Chennai,
2255,Neha Joshi,30-09-2023,Delhi,repeat
2256,Arjun Sharma,24-05-2020,Mumbai,New
2257,Rahul Mehta,30-09-2025,Bangalore,new
2258,Sneha Joshi,10-03-2021,Bangalore,Repeat
2259,Priya Verma,01-02-2024,Lucknow,repeat
2260,Anjali Yadav,28-04-2023,Lucknow,
2261,Priya Singh,21-12-2021,Ahmedabad,repeat
2262,Amit Gupta,05-12-2024,Indore,repeat
2263,Neha Kumar,26-07-2024,Indore,repeat
2264,Vikas Gupta,22-12-2020,Delhi,repeat
2265,Rahul Das,04-05-2024,Kolkata,
2266,Priya Kumar,17-02-2022,Nagpur,
2267,Pooja Patel,06-07-2020,Surat,
2268,Pooja Das,08-12-2023,Hyderabad,new
2269,Rahul Das,25-08-2024,Raipur,
2270,Rohit Verma,09-02-2024,Ahmedabad,new
2271,Priya Joshi,11-06-2020,Bangalore,
2272,Neha Singh,15-06-2021,Nagpur,new
2273,Rahul Singh,18-02-2020,Gurugram,repeat
2274,Rahul Verma,28-02-2020,Noida,repeat
2275,Anjali Sharma,20-11-2021,Nagpur,Repeat
2276,Amit Kumar,17-03-2020,Jaipur,repeat
2277,Priya Verma,12-10-2022,Gurugram,
2278,Anjali Kumar,18-09-2023,Jaipur,Repeat
2279,Pooja Singh,22-10-2024,Raipur,repeat
2280,Rohit Singh,16-04-2022,Chennai,new
2281,Rahul Joshi,07-04-2023,Chennai,new
2282,Amit Das,29-03-2022,Noida,New
2283,Anjali Das,23-09-2025,Chennai,repeat
2284,Anjali Mehta,23-12-2024,Lucknow,repeat
2285,Priya Patel,01-09-2022,Noida,new
2286,Amit Sharma,06-04-2024,Nagpur,
2287,Rahul Kumar,23-08-2022,Udaipur,repeat
2288,Rahul Verma,28-12-2023,Hyderabad,Repeat
2289,Pooja Mehta,24-05-2022,Kolkata,Repeat
2290,Priya Kumar,14-10-2024,Mumbai,repeat
2291,Pooja Mehta,03-03-2021,Kolkata,Repeat
2292,Amit Mehta,28-02-2024,Surat,Repeat
2293,Rohit Verma,06-07-2025,Raipur,new
2294,Rohit Joshi,14-12-2022,Udaipur,repeat
2295,Priya Joshi,13-07-2023,Pune,new
2296,Rohit Singh,26-04-2021,Jaipur,New
2297,Anjali Patel,01-07-2020,Surat,repeat
2298,Priya Verma,25-07-2021,Mumbai,
2299,Anjali Yadav,21-02-2024,Jaipur,
2300,Priya Sharma,16-01-2024,Raipur,repeat
2301,Amit Das,04-12-2024,Chennai,Repeat
2302,Anjali Gupta,09-11-2021,Jaipur,
2303,Priya Das,09-12-2023,Pune,New
2304,Anjali Joshi,05-11-2020,Bhubaneswar,new
2305,Priya Yadav,08-01-2020,Delhi,new
2306,Rahul Sharma,16-10-2023,Mumbai,new
2307,Vikas Mehta,13-09-2025,Ahmedabad,new
2308,Amit Kumar,17-06-2020,Delhi,new
2309,Sneha Kumar,18-07-2022,Bangalore,repeat
2310,Rohit Kumar,14-02-2024,Hyderabad,
2311,Neha Das,03-11-2023,Hyderabad,New
2312,Rahul Patel,17-05-2022,Nagpur,new
2313,Amit Joshi,07-11-2020,Chennai,repeat
2314,Amit Sharma,07-06-2022,Noida,
2315,Neha Gupta,08-11-2023,Gurugram,New
2316,Arjun Gupta,17-06-2020,Ahmedabad,repeat
2317,Amit Joshi,24-02-2025,Pune,
2318,Amit Joshi,21-09-2023,Jaipur,New
2319,Anjali Mehta,07-11-2022,Chennai,New
2320,Rahul Gupta,06-01-2024,Surat,New
2321,Anjali Gupta,03-04-2021,Chennai,New
2322,Rohit Patel,26-10-2023,Surat,repeat
2323,Priya Yadav,28-11-2023,Surat,Repeat
2324,Priya Kumar,24-09-2021,Jaipur,repeat
2325,Sneha Sharma,19-12-2021,Kolkata,repeat
2326,Vikas Sharma,17-02-2020,Noida,New
2327,Rahul Sharma,05-05-2022,Raipur,repeat
2328,Sneha Gupta,18-05-2023,Chennai,repeat
2329,Amit Verma,20-02-2025,Lucknow,Repeat
2330,Vikas Joshi,19-05-2023,Ahmedabad,repeat
2331,Sneha Yadav,03-11-2022,Delhi,New
2332,Arjun Kumar,10-02-2022,Bangalore,
2333,Vikas Das,11-09-2021,Jaipur,
2334,Vikas Sharma,25-12-2025,Kolkata,new
2335,Priya Joshi,22-11-2020,Jaipur,new
2336,Pooja Joshi,21-05-2024,Gurugram,Repeat
2337,Arjun Patel,23-01-2021,Chennai,New
2338,Sneha Mehta,10-08-2022,Surat,new
2339,Sneha Kumar,30-04-2023,Pune,
2340,Pooja Yadav,24-12-2025,Lucknow,new
2341,Rohit Gupta,08-01-2023,Pune,
2342,Sneha Verma,20-12-2024,Noida,repeat
2343,Vikas Mehta,05-03-2023,Nagpur,
2344,Pooja Verma,05-03-2024,Bhubaneswar,repeat
2345,Priya Sharma,15-04-2023,Delhi,repeat
2346,Amit Verma,26-11-2024,Raipur,new
2347,Pooja Yadav,03-09-2022,Mumbai,new
2348,Rohit Sharma,29-12-2021,Udaipur,Repeat
2349,Vikas Das,13-07-2020,Hyderabad,Repeat
2350,Pooja Singh,12-01-2025,Bangalore,Repeat
2351,Rahul Verma,22-05-2021,Bhubaneswar,
2352,Rahul Sharma,05-02-2024,Ahmedabad,Repeat
2353,Vikas Kumar,19-09-2025,Gurugram,Repeat
2354,Anjali Singh,10-03-2025,Pune,new
2355,Priya Gupta,04-04-2021,Hyderabad,Repeat
2356,Amit Patel,23-11-2023,Bhubaneswar,new
2357,Rahul Kumar,05-09-2024,Bangalore,repeat
2358,Sneha Kumar,15-08-2020,Jaipur,new
2359,Rohit Verma,22-02-2020,Udaipur,new
2360,Anjali Gupta,03-04-2021,Raipur,repeat
2361,Vikas Verma,06-06-2021,Indore,repeat
2362,Pooja Kumar,13-12-2023,Udaipur,Repeat
2363,Rohit Yadav,07-06-2024,Noida,Repeat
2364,Rahul Kumar,10-10-2021,Udaipur,Repeat
2365,Sneha Yadav,23-05-2021,Chennai,repeat
2366,Amit Gupta,28-02-2023,Bhubaneswar,Repeat
2367,Arjun Das,13-10-2025,Noida,Repeat
2368,Rohit Singh,17-09-2022,Chennai,Repeat
2369,Pooja Mehta,27-07-2021,Noida,new
2370,Vikas Das,20-11-2021,Indore,new
2371,Arjun Joshi,13-09-2021,Mumbai,Repeat
2372,Amit Joshi,06-11-2021,Nagpur,repeat
2373,Sneha Sharma,25-06-2020,Bangalore,New
2374,Rohit Singh,30-05-2024,Noida,Repeat
2375,Rahul Joshi,20-12-2024,Indore,
2376,Sneha Mehta,27-11-2024,Gurugram,
2377,Pooja Mehta,13-08-2024,Jaipur,new
2378,Neha Das,04-08-2020,Bangalore,Repeat
2379,Rohit Das,23-11-2020,Hyderabad,New
2380,Pooja Singh,14-03-2025,Chennai,new
2381,Neha Joshi,03-02-2023,Delhi,new
2382,Sneha Verma,21-02-2025,Indore,new
2383,Pooja Kumar,27-11-2025,Hyderabad,New
2384,Arjun Sharma,25-06-2025,Hyderabad,Repeat
2385,Rahul Joshi,20-10-2025,Udaipur,new
2386,Vikas Verma,03-05-2024,Gurugram,new
2387,Priya Kumar,17-03-2023,Ahmedabad,
2388,Vikas Mehta,29-05-2024,Delhi,Repeat
2389,Anjali Patel,26-06-2024,Lucknow,repeat
2390,Rohit Gupta,10-02-2020,Gurugram,New
2391,Pooja Yadav,30-01-2020,Lucknow,new
2392,Rahul Kumar,07-09-2025,Hyderabad,Repeat
2393,Vikas Joshi,09-04-2024,Indore,Repeat
2394,Rohit Mehta,30-05-2025,Surat,repeat
2395,Rahul Verma,22-02-2022,Bhubaneswar,
2396,Anjali Yadav,20-03-2025,Pune,New
2397,Vikas Verma,08-01-2024,Delhi,Repeat
2398,Anjali Yadav,12-12-2024,Noida,Repeat
2399,Vikas Gupta,23-08-2024,Surat,new
2400,Priya Yadav,14-02-2022,Jaipur,new
2401,Arjun Joshi,07-09-2020,Raipur,New
2402,Amit Gupta,13-03-2022,Udaipur,Repeat
2403,Neha Patel,23-09-2024,Hyderabad,repeat
2404,Rahul Kumar,14-03-2020,Bangalore,repeat
2405,Pooja Das,14-09-2021,Ahmedabad,repeat
2406,Anjali Mehta,27-01-2022,Lucknow,Repeat
2407,Neha Gupta,08-10-2021,Lucknow,New
2408,Sneha Singh,10-01-2023,Kolkata,
2409,Arjun Yadav,07-12-2025,Bhubaneswar,new
2410,Sneha Yadav,09-11-2021,Gurugram,repeat
2411,Anjali Mehta,17-12-2020,Indore,new
2412,Pooja Kumar,06-03-2024,Lucknow,
2413,Arjun Joshi,02-07-2025,Indore,new
2414,Neha Das,21-08-2022,Surat,new
2415,Rohit Verma,24-08-2020,Nagpur,
2416,Priya Joshi,25-09-2025,Ahmedabad,repeat
2417,Sneha Kumar,09-10-2021,Lucknow,New
2418,Arjun Das,24-12-2024,Indore,New
2419,Anjali Sharma,24-02-2022,Raipur,New
2420,Pooja Gupta,03-08-2021,Gurugram,new
2421,Rahul Sharma,22-04-2021,Lucknow,Repeat
2422,Arjun Mehta,15-07-2023,Hyderabad,
2423,Rahul Verma,20-08-2023,Indore,Repeat
2424,Amit Sharma,13-10-2025,Chennai,repeat
2425,Amit Verma,29-05-2024,Noida,
2426,Neha Yadav,21-09-2022,Udaipur,repeat
2427,Arjun Patel,30-03-2020,Gurugram,
2428,Anjali Sharma,13-11-2020,Gurugram,repeat
2429,Anjali Sharma,22-03-2022,Gurugram,repeat
2430,Neha Sharma,04-11-2025,Delhi,
2431,Priya Mehta,26-05-2021,Bhubaneswar,repeat
2432,Vikas Das,26-02-2020,Hyderabad,New
2433,Pooja Yadav,26-01-2025,Udaipur,
2434,Amit Mehta,07-12-2022,Bangalore,new
2435,Rahul Joshi,11-03-2022,Surat,New
2436,Sneha Yadav,28-07-2021,Kolkata,new
2437,Rohit Mehta,27-05-2022,Indore,New
2438,Neha Singh,08-09-2025,Udaipur,repeat
2439,Priya Singh,08-05-2024,Ahmedabad,new
2440,Neha Patel,04-01-2024,Lucknow,new
2441,Neha Patel,07-08-2023,Indore,repeat
2442,Vikas Singh,04-06-2022,Surat,
2443,Arjun Mehta,07-08-2023,Lucknow,repeat
2444,Sneha Verma,09-03-2021,Raipur,Repeat
2445,Amit Gupta,17-01-2023,Noida,new
2446,Vikas Gupta,23-01-2025,Indore,repeat
2447,Anjali Joshi,06-02-2023,Udaipur,
2448,Pooja Kumar,22-12-2025,Ahmedabad,
2449,Priya Verma,04-07-2021,Bhubaneswar,new
2450,Arjun Verma,29-01-2025,Ahmedabad,New
2451,Sneha Joshi,15-09-2025,Ahmedabad,
2452,Amit Patel,05-10-2021,Surat,New
2453,Neha Verma,24-08-2021,Pune,new
2454,Neha Das,05-10-2025,Hyderabad,Repeat
2455,Neha Sharma,31-12-2020,Chennai,Repeat
2456,Vikas Sharma,26-03-2020,Bhubaneswar,new
2457,Vikas Patel,17-07-2021,Lucknow,
2458,Pooja Kumar,14-11-2022,Gurugram,Repeat
2459,Amit Patel,17-05-2025,Mumbai,
2460,Anjali Yadav,07-02-2021,Chennai,
2461,Amit Verma,06-05-2024,Nagpur,New
2462,Anjali Sharma,19-03-2021,Nagpur,Repeat
2463,Rohit Singh,22-07-2023,Ahmedabad,repeat
2464,Vikas Gupta,13-02-2021,Mumbai,repeat
2465,Vikas Sharma,25-03-2024,Indore,repeat
2466,Pooja Verma,17-02-2021,Mumbai,New
2467,Vikas Das,18-09-2025,Noida,new
2468,Sneha Das,10-07-2022,Chennai,New
2469,Pooja Verma,05-09-2023,Hyderabad,
2470,Pooja Gupta,12-06-2021,Pune,
2471,Vikas Patel,05-12-2021,Indore,repeat
2472,Amit Sharma,21-08-2020,Lucknow,repeat
2473,Amit Mehta,12-11-2021,Indore,repeat
2474,Neha Verma,26-11-2022,Mumbai,repeat
2475,Priya Sharma,12-07-2021,Delhi,New
2476,Rahul Yadav,10-01-2024,Udaipur,repeat
2477,Rohit Verma,10-09-2023,Bangalore,repeat
2478,Vikas Patel,26-07-2022,Bhubaneswar,
2479,Vikas Patel,03-04-2023,Bhubaneswar,Repeat
2480,Anjali Mehta,25-05-2023,Surat,
2481,Arjun Mehta,28-08-2023,Mumbai,repeat
2482,Rahul Gupta,19-05-2020,Raipur,New
2483,Neha Gupta,24-12-2023,Noida,
2484,Anjali Verma,18-02-2022,Pune,New
2485,Rohit Das,20-09-2024,Surat,repeat
2486,Sneha Joshi,02-12-2022,Chennai,new
2487,Arjun Patel,24-09-2023,Surat,Repeat
2488,Neha Yadav,07-03-2022,Nagpur,repeat
2489,Vikas Patel,23-04-2025,Ahmedabad,new
2490,Vikas Verma,05-08-2022,Kolkata,new
2491,Arjun Joshi,08-01-2024,Delhi,repeat
2492,Sneha Joshi,08-07-2025,Bhubaneswar,Repeat
2493,Vikas Singh,09-04-2022,Ahmedabad,
2494,Pooja Kumar,17-03-2023,Delhi,new
2495,Rohit Das,14-03-2022,Chennai,Repeat
2496,Rahul Sharma,04-03-2022,Bangalore,Repeat
2497,Sneha Gupta,28-02-2020,Noida,Repeat
2498,Vikas Das,01-12-2025,Chennai,
2499,Vikas Mehta,11-09-2020,Noida,
2500,Rahul Singh,16-03-2020,Raipur,New
2501,Rohit Joshi,08-03-2021,Chennai,
2502,Sneha Gupta,30-05-2023,Jaipur,repeat
2503,Neha Verma,28-08-2021,Kolkata,New
2504,Sneha Yadav,05-07-2023,Hyderabad,repeat
2505,Rohit Singh,29-08-2020,Jaipur,repeat
2506,Pooja Yadav,11-08-2024,Lucknow,
2507,Neha Yadav,16-09-2025,Ahmedabad,repeat
2508,Rohit Kumar,09-01-2024,Surat,repeat
2509,Rahul Singh,16-02-2020,Mumbai,New
2510,Sneha Mehta,12-01-2022,Kolkata,Repeat
2511,Amit Singh,02-12-2024,Delhi,New
2512,Neha Mehta,13-12-2022,Hyderabad,Repeat
2513,Rahul Das,21-05-2025,Mumbai,new
2514,Sneha Gupta,03-11-2022,Chennai,repeat
2515,Priya Verma,09-10-2024,Lucknow,
2516,Rohit Sharma,02-11-2024,Bhubaneswar,New
2517,Pooja Singh,20-02-2023,Bangalore,repeat
2518,Priya Singh,28-10-2025,Bhubaneswar,
2519,Neha Joshi,17-08-2023,Indore,
2520,Rahul Sharma,09-12-2024,Indore,New
2521,Arjun Mehta,03-09-2023,Bhubaneswar,
2522,Vikas Das,13-03-2023,Udaipur,new
2523,Priya Singh,27-08-2023,Gurugram,New
2524,Sneha Verma,14-12-2022,Pune,Repeat
2525,Rahul Sharma,28-04-2024,Bangalore,New
2526,Neha Verma,17-10-2022,Gurugram,New
2527,Vikas Patel,11-07-2024,Chennai,new
2528,Anjali Das,18-06-2023,Ahmedabad,New
2529,Neha Das,08-03-2020,Bhubaneswar,
2530,Pooja Mehta,09-01-2021,Pune,new
2531,Rahul Das,11-01-2023,Bangalore,repeat
2532,Arjun Patel,03-10-2025,Udaipur,
2533,Arjun Singh,14-02-2023,Bangalore,new
2534,Arjun Sharma,04-11-2024,Udaipur,repeat
2535,Vikas Sharma,03-09-2022,Mumbai,
2536,Priya Das,21-02-2021,Indore,Repeat
2537,Neha Joshi,26-09-2022,Kolkata,New
2538,Neha Joshi,04-05-2025,Udaipur,New
2539,Neha Sharma,21-08-2025,Surat,
2540,Pooja Gupta,20-07-2025,Gurugram,Repeat
2541,Amit Yadav,01-02-2020,Chennai,Repeat
2542,Anjali Gupta,14-06-2025,Chennai,repeat
2543,Priya Mehta,19-05-2022,Raipur,New
2544,Priya Gupta,16-05-2025,Bhubaneswar,
2545,Sneha Sharma,26-06-2023,Pune,
2546,Pooja Patel,13-03-2021,Lucknow,
2547,Pooja Yadav,05-01-2023,Kolkata,new
2548,Priya Mehta,08-01-2021,Ahmedabad,repeat
2549,Rohit Sharma,08-07-2021,Bangalore,New
2550,Priya Yadav,26-02-2024,Surat,Repeat
2551,Arjun Verma,14-03-2024,Bhubaneswar,
2552,Priya Sharma,01-12-2025,Chennai,
2553,Arjun Gupta,14-04-2021,Kolkata,
2554,Arjun Yadav,16-09-2022,Mumbai,Repeat
2555,Neha Sharma,07-10-2021,Pune,New
2556,Sneha Patel,27-03-2022,Bangalore,repeat
2557,Rahul Gupta,20-10-2022,Indore,repeat
2558,Sneha Patel,29-08-2020,Raipur,
2559,Amit Verma,11-03-2023,Udaipur,New
2560,Pooja Yadav,30-10-2021,Hyderabad,
2561,Amit Mehta,28-07-2025,Surat,New
2562,Priya Singh,30-04-2022,Chennai,
2563,Arjun Mehta,13-04-2023,Pune,
2564,Arjun Gupta,28-11-2025,Delhi,Repeat
2565,Priya Sharma,28-11-2022,Gurugram,repeat
2566,Arjun Kumar,01-03-2025,Ahmedabad,repeat
2567,Rohit Sharma,12-12-2022,Nagpur,repeat
2568,Arjun Verma,04-08-2024,Pune,repeat
2569,Rohit Das,03-10-2021,Delhi,Repeat
2570,Pooja Mehta,28-05-2021,Ahmedabad,new
2571,Arjun Sharma,03-04-2023,Gurugram,new
2572,Pooja Das,06-07-2023,Nagpur,New
2573,Neha Gupta,28-09-2022,Udaipur,
2574,Anjali Kumar,23-08-2022,Bangalore,
2575,Rohit Gupta,01-04-2020,Gurugram,New
2576,Sneha Patel,16-01-2023,Noida,new
2577,Priya Kumar,21-06-2021,Jaipur,new
2578,Sneha Verma,11-02-2020,Surat,New
2579,Priya Singh,28-11-2023,Noida,
2580,Rohit Das,04-03-2025,Nagpur,new
2581,Rohit Das,13-02-2022,Nagpur,repeat
2582,Rahul Gupta,21-02-2025,Udaipur,
2583,Neha Yadav,02-07-2025,Mumbai,repeat
2584,Priya Joshi,26-10-2020,Udaipur,
2585,Rohit Joshi,01-03-2020,Gurugram,
2586,Sneha Sharma,27-09-2025,Chennai,repeat
2587,Rohit Das,22-05-2022,Udaipur,repeat
2588,Neha Yadav,13-10-2022,Indore,Repeat
2589,Amit Gupta,29-09-2021,Indore,Repeat
2590,Neha Kumar,01-03-2020,Raipur,New
2591,Pooja Mehta,26-10-2024,Nagpur,Repeat
2592,Amit Sharma,05-08-2025,Jaipur,Repeat
2593,Pooja Patel,15-09-2024,Hyderabad,new
2594,Amit Singh,03-04-2024,Bangalore,Repeat
2595,Amit Mehta,23-08-2023,Noida,repeat
2596,Vikas Kumar,25-06-2024,Lucknow,new
2597,Sneha Verma,10-07-2024,Indore,
2598,Pooja Mehta,08-02-2023,Lucknow,Repeat
2599,Vikas Das,07-09-2024,Indore,
2600,Vikas Patel,25-12-2025,Gurugram,Repeat
2601,Priya Joshi,07-08-2023,Noida,New
2602,Pooja Mehta,18-09-2020,Mumbai,
2603,Arjun Kumar,29-07-2023,Bangalore,
2604,Pooja Mehta,23-01-2023,Bangalore,repeat
2605,Anjali Patel,24-06-2020,Nagpur,
2606,Neha Gupta,22-07-2023,Bangalore,repeat
2607,Amit Mehta,23-09-2021,Bhubaneswar,new
2608,Neha Sharma,13-12-2020,Surat,
2609,Neha Das,24-01-2021,Gurugram,New
2610,Neha Yadav,17-08-2025,Gurugram,New
2611,Priya Mehta,09-11-2022,Hyderabad,New
2612,Sneha Kumar,26-12-2021,Bangalore,
2613,Arjun Gupta,01-12-2023,Kolkata,
2614,Priya Singh,26-09-2023,Hyderabad,new
2615,Arjun Patel,27-04-2021,Delhi,repeat
2616,Sneha Singh,15-12-2025,Hyderabad,New
2617,Neha Das,08-08-2023,Raipur,repeat
2618,Anjali Kumar,11-09-2020,Chennai,
2619,Rahul Sharma,19-04-2023,Jaipur,repeat
2620,Arjun Das,09-02-2024,Bhubaneswar,repeat
2621,Amit Mehta,08-12-2021,Udaipur,new
2622,Pooja Joshi,05-12-2020,Mumbai,new
2623,Arjun Das,23-04-2023,Raipur,new
2624,Sneha Kumar,16-10-2025,Gurugram,New
2625,Sneha Kumar,25-10-2023,Surat,repeat
2626,Amit Joshi,29-02-2020,Nagpur,New
2627,Vikas Gupta,15-04-2024,Nagpur,
2628,Sneha Joshi,06-11-2022,Udaipur,New
2629,Arjun Das,29-01-2021,Raipur,repeat
2630,Neha Verma,25-05-2023,Delhi,new
2631,Vikas Mehta,18-10-2024,Ahmedabad,
2632,Priya Yadav,07-11-2023,Nagpur,New
2633,Priya Mehta,07-08-2023,Pune,new
2634,Rahul Gupta,25-04-2024,Surat,Repeat
2635,Pooja Yadav,13-10-2020,Delhi,
2636,Rohit Singh,06-03-2024,Nagpur,New
2637,Arjun Singh,05-09-2024,Pune,
2638,Rohit Kumar,19-08-2023,Raipur,
2639,Anjali Kumar,04-06-2021,Jaipur,Repeat
2640,Anjali Joshi,16-08-2020,Delhi,
2641,Vikas Singh,06-06-2021,Udaipur,
2642,Rohit Das,18-01-2023,Lucknow,
2643,Vikas Verma,15-03-2020,Lucknow,Repeat
2644,Arjun Verma,31-12-2022,Nagpur,repeat
2645,Amit Sharma,12-07-2024,Indore,new
2646,Rahul Sharma,15-08-2022,Gurugram,New
2647,Anjali Gupta,26-01-2024,Lucknow,New
2648,Pooja Sharma,19-07-2023,Nagpur,
2649,Amit Das,11-10-2020,Udaipur,New
2650,Anjali Yadav,01-09-2025,Raipur,
2651,Rohit Das,31-01-2022,Hyderabad,repeat
2652,Arjun Gupta,22-04-2024,Bhubaneswar,repeat
2653,Amit Joshi,02-09-2021,Chennai,repeat
2654,Vikas Kumar,22-10-2021,Jaipur,new
2655,Arjun Patel,12-08-2020,Nagpur,
2656,Rahul Singh,14-02-2024,Udaipur,new
2657,Arjun Patel,22-10-2024,Nagpur,New
2658,Arjun Yadav,04-08-2021,Indore,new
2659,Rahul Yadav,20-01-2025,Bhubaneswar,New
2660,Anjali Gupta,19-02-2023,Kolkata,New
2661,Sneha Verma,08-04-2023,Lucknow,New
2662,Pooja Patel,27-05-2020,Udaipur,
2663,Anjali Patel,02-01-2022,Udaipur,repeat
2664,Sneha Yadav,19-05-2020,Hyderabad,
2665,Vikas Patel,21-07-2022,Hyderabad,
2666,Amit Gupta,16-08-2025,Delhi,
2667,Rahul Gupta,07-10-2025,Pune,new
2668,Vikas Gupta,15-10-2023,Bangalore,
2669,Priya Joshi,03-09-2020,Kolkata,repeat
2670,Arjun Gupta,21-11-2020,Indore,
2671,Arjun Patel,04-07-2020,Hyderabad,repeat
2672,Neha Das,26-08-2023,Gurugram,New
2673,Arjun Verma,15-06-2023,Ahmedabad,new
2674,Neha Mehta,29-05-2024,Pune,new
2675,Rahul Kumar,22-07-2023,Surat,New
2676,Amit Gupta,04-08-2022,Hyderabad,repeat
2677,Amit Yadav,30-05-2023,Delhi,new
2678,Priya Sharma,03-11-2025,Nagpur,new
2679,Vikas Joshi,26-06-2024,Noida,new
2680,Anjali Yadav,10-09-2025,Nagpur,
2681,Vikas Das,06-03-2020,Pune,Repeat
2682,Vikas Patel,23-09-2020,Gurugram,New
2683,Rohit Das,09-09-2021,Bhubaneswar,new
2684,Neha Yadav,10-01-2020,Bhubaneswar,New
2685,Neha Joshi,22-03-2022,Surat,Repeat
2686,Vikas Das,18-12-2020,Jaipur,
2687,Neha Verma,06-04-2023,Noida,repeat
2688,Rohit Sharma,13-12-2020,Ahmedabad,new
2689,Anjali Yadav,04-10-2023,Delhi,
2690,Rahul Sharma,07-07-2020,Kolkata,New
2691,Anjali Patel,29-11-2021,Mumbai,New
2692,Rahul Patel,07-07-2024,Bangalore,New
2693,Pooja Patel,05-03-2020,Raipur,New
2694,Amit Sharma,26-02-2023,Kolkata,New
2695,Amit Joshi,10-04-2024,Nagpur,
2696,Amit Verma,10-10-2024,Indore,new
2697,Amit Kumar,01-03-2023,Nagpur,Repeat
2698,Pooja Patel,18-01-2022,Delhi,
2699,Vikas Singh,16-10-2022,Noida,new
2700,Anjali Singh,03-05-2021,Lucknow,Repeat
2701,Rohit Joshi,11-12-2020,Bangalore,repeat
2702,Rahul Gupta,19-05-2025,Raipur,Repeat
2703,Amit Patel,28-01-2020,Bhubaneswar,repeat
2704,Pooja Verma,08-02-2021,Delhi,
2705,Rohit Sharma,30-10-2020,Surat,Repeat
2706,Sneha Joshi,29-04-2024,Ahmedabad,new
2707,Pooja Joshi,27-01-2023,Surat,repeat
2708,Vikas Kumar,15-01-2021,Ahmedabad,New
2709,Rohit Singh,21-06-2025,Gurugram,Repeat
2710,Arjun Kumar,08-02-2024,Lucknow,
2711,Sneha Kumar,23-08-2022,Kolkata,repeat
2712,Priya Patel,06-02-2020,Nagpur,
2713,Priya Gupta,08-05-2022,Noida,Repeat
2714,Arjun Verma,10-03-2021,Bangalore,New
2715,Sneha Yadav,11-10-2025,Bhubaneswar,new
2716,Rahul Patel,07-02-2025,Surat,New
2717,Arjun Das,02-05-2021,Bhubaneswar,
2718,Rahul Gupta,23-12-2025,Raipur,new
2719,Pooja Kumar,02-02-2020,Nagpur,Repeat
2720,Pooja Patel,10-02-2025,Mumbai,new
2721,Arjun Joshi,21-10-2023,Ahmedabad,Repeat
2722,Anjali Patel,22-04-2021,Ahmedabad,New
2723,Arjun Singh,17-04-2024,Gurugram,repeat
2724,Vikas Kumar,15-09-2021,Nagpur,
2725,Amit Sharma,24-07-2023,Bhubaneswar,
2726,Priya Singh,05-02-2022,Chennai,
2727,Pooja Yadav,14-07-2025,Delhi,repeat
2728,Rahul Kumar,29-08-2024,Pune,new
2729,Anjali Joshi,18-08-2020,Nagpur,
2730,Priya Verma,04-03-2023,Ahmedabad,new
2731,Neha Yadav,03-06-2025,Indore,repeat
2732,Priya Singh,23-09-2021,Ahmedabad,Repeat
2733,Anjali Yadav,21-09-2021,Pune,
2734,Rahul Das,18-03-2025,Udaipur,
2735,Anjali Singh,19-04-2023,Pune,repeat
2736,Rahul Verma,12-03-2023,Hyderabad,
2737,Vikas Mehta,08-08-2023,Bangalore,New
2738,Pooja Sharma,15-11-2020,Nagpur,new
2739,Rahul Singh,23-03-2025,Gurugram,Repeat
2740,Vikas Verma,12-10-2021,Raipur,Repeat
2741,Rohit Joshi,07-08-2021,Bhubaneswar,New
2742,Amit Joshi,10-11-2024,Lucknow,repeat
2743,Vikas Yadav,28-10-2020,Noida,new
2744,Arjun Das,16-08-2020,Ahmedabad,Repeat
2745,Neha Patel,27-02-2022,Lucknow,New
2746,Priya Patel,27-12-2022,Hyderabad,New
2747,Priya Sharma,24-11-2024,Udaipur,New
2748,Vikas Kumar,02-03-2024,Ahmedabad,New
2749,Rohit Sharma,26-05-2020,Delhi,New
2750,Pooja Patel,28-03-2021,Delhi,Repeat
2751,Priya Patel,23-07-2020,Delhi,repeat
2752,Rahul Kumar,21-08-2023,Chennai,new
2753,Anjali Joshi,03-12-2020,Gurugram,new
2754,Sneha Gupta,05-09-2022,Bhubaneswar,new
2755,Rohit Singh,25-11-2025,Chennai,
2756,Rahul Sharma,13-08-2024,Pune,new
2757,Neha Yadav,12-07-2025,Pune,
2758,Rohit Sharma,04-03-2020,Chennai,Repeat
2759,Priya Sharma,19-02-2020,Indore,Repeat
2760,Pooja Kumar,19-10-2021,Jaipur,new
2761,Sneha Yadav,24-09-2024,Gurugram,
2762,Pooja Sharma,03-11-2021,Jaipur,New
2763,Priya Singh,10-07-2024,Nagpur,New
2764,Sneha Verma,27-01-2020,Mumbai,repeat
2765,Sneha Kumar,12-11-2024,Kolkata,Repeat
2766,Priya Sharma,22-06-2025,Ahmedabad,new
2767,Amit Kumar,02-11-2025,Lucknow,repeat
2768,Anjali Gupta,02-09-2020,Lucknow,repeat
2769,Vikas Kumar,03-07-2023,Nagpur,new
2770,Rohit Joshi,02-02-2020,Pune,
2771,Sneha Gupta,09-12-2024,Kolkata,repeat
2772,Sneha Patel,30-06-2025,Jaipur,new
2773,Rohit Kumar,02-07-2023,Lucknow,new
2774,Vikas Singh,04-02-2025,Kolkata,New
2775,Rahul Verma,08-07-2021,Gurugram,Repeat
2776,Rahul Patel,23-02-2024,Chennai,
2777,Rahul Sharma,11-01-2022,Bangalore,
2778,Rohit Sharma,26-04-2021,Udaipur,Repeat
2779,Pooja Singh,09-08-2023,Ahmedabad,
2780,Vikas Kumar,10-05-2020,Nagpur,New
2781,Arjun Singh,10-08-2022,Pune,new
2782,Priya Sharma,10-08-2021,Chennai,repeat
2783,Rohit Verma,30-12-2023,Surat,
2784,Neha Singh,31-08-2024,Raipur,
2785,Sneha Kumar,20-09-2021,Bangalore,new
2786,Rohit Sharma,13-03-2023,Chennai,new
2787,Anjali Patel,21-06-2020,Udaipur,repeat
2788,Neha Yadav,08-06-2024,Hyderabad,repeat
2789,Sneha Verma,10-07-2021,Lucknow,repeat
2790,Rohit Das,07-12-2020,Bhubaneswar,Repeat
2791,Amit Mehta,11-06-2021,Raipur,Repeat
2792,Anjali Mehta,11-04-2021,Delhi,New
2793,Amit Das,02-08-2025,Pune,New
2794,Rohit Yadav,25-04-2024,Bangalore,new
2795,Anjali Kumar,11-03-2023,Udaipur,Repeat
2796,Neha Patel,17-12-2023,Raipur,Repeat
2797,Anjali Kumar,03-06-2023,Kolkata,New
2798,Priya Joshi,24-04-2021,Hyderabad,new
2799,Neha Gupta,11-08-2024,Udaipur,
2800,Priya Verma,11-02-2024,Raipur,new
2801,Arjun Yadav,17-07-2022,Jaipur,new
2802,Amit Gupta,13-10-2022,Gurugram,Repeat
2803,Amit Sharma,22-07-2022,Raipur,repeat
2804,Rahul Kumar,16-06-2021,Kolkata,
2805,Anjali Sharma,03-05-2020,Chennai,
2806,Pooja Mehta,08-08-2021,Indore,Repeat
2807,Arjun Singh,17-03-2023,Nagpur,Repeat
2808,Rohit Kumar,25-02-2022,Ahmedabad,New
2809,Vikas Verma,17-04-2023,Raipur,New
2810,Amit Verma,10-11-2024,Jaipur,
2811,Vikas Sharma,09-01-2025,Delhi,
2812,Rohit Sharma,19-02-2022,Gurugram,New
2813,Neha Verma,15-09-2020,Gurugram,new
2814,Rohit Singh,11-07-2025,Ahmedabad,
2815,Anjali Gupta,16-06-2025,Lucknow,repeat
2816,Rohit Patel,26-12-2024,Lucknow,Repeat
2817,Vikas Mehta,01-06-2025,Mumbai,Repeat
2818,Rahul Yadav,23-12-2020,Udaipur,New
2819,Rahul Das,09-11-2020,Udaipur,Repeat
2820,Neha Gupta,24-05-2020,Udaipur,
2821,Amit Yadav,17-03-2024,Nagpur,new
2822,Rohit Gupta,26-06-2022,Bangalore,new
2823,Arjun Mehta,17-11-2021,Udaipur,new
2824,Anjali Patel,16-11-2024,Indore,
2825,Neha Gupta,26-10-2020,Chennai,repeat
2826,Sneha Joshi,04-12-2024,Delhi,New
2827,Anjali Patel,17-05-2022,Udaipur,New
2828,Arjun Singh,13-02-2025,Lucknow,repeat
2829,Rahul Verma,04-11-2021,Bangalore,New
2830,Pooja Gupta,21-12-2021,Ahmedabad,repeat
2831,Rahul Mehta,30-10-2025,Lucknow,repeat
2832,Pooja Yadav,28-04-2024,Gurugram,New
2833,Vikas Patel,18-01-2022,Gurugram,
2834,Sneha Gupta,24-12-2022,Jaipur,Repeat
2835,Rohit Singh,19-08-2022,Indore,Repeat
2836,Priya Sharma,28-05-2020,Raipur,repeat
2837,Anjali Patel,18-06-2023,Bangalore,New
2838,Pooja Patel,31-08-2025,Bhubaneswar,New
2839,Rohit Verma,08-08-2021,Gurugram,Repeat
2840,Anjali Joshi,26-08-2023,Hyderabad,Repeat
2841,Sneha Sharma,18-12-2021,Udaipur,repeat
2842,Rohit Patel,18-08-2023,Jaipur,repeat
2843,Sneha Yadav,16-10-2024,Indore,Repeat
2844,Vikas Yadav,15-01-2022,Indore,
2845,Rohit Singh,01-09-2025,Pune,
2846,Rohit Joshi,05-04-2024,Hyderabad,
2847,Anjali Kumar,21-10-2024,Delhi,
2848,Vikas Kumar,10-01-2025,Lucknow,repeat
2849,Vikas Kumar,13-06-2020,Kolkata,
2850,Rohit Verma,26-03-2021,Chennai,
2851,Rahul Mehta,15-10-2020,Raipur,Repeat
2852,Priya Gupta,26-10-2025,Raipur,Repeat
2853,Anjali Gupta,17-03-2025,Noida,new
2854,Vikas Kumar,16-12-2020,Kolkata,New
2855,Pooja Verma,05-05-2021,Noida,Repeat
2856,Pooja Mehta,12-07-2021,Kolkata,New
2857,Vikas Gupta,23-12-2022,Lucknow,
2858,Vikas Joshi,29-04-2025,Delhi,
2859,Pooja Sharma,29-03-2023,Udaipur,
2860,Priya Kumar,12-03-2021,Gurugram,new
2861,Rohit Mehta,07-03-2021,Bangalore,New
2862,Amit Kumar,14-06-2025,Raipur,Repeat
2863,Sneha Das,18-08-2023,Noida,repeat
2864,Neha Verma,03-09-2023,Pune,new
2865,Pooja Verma,12-08-2021,Mumbai,Repeat
2866,Rahul Mehta,14-02-2025,Raipur,
2867,Priya Gupta,05-08-2023,Pune,repeat
2868,Amit Joshi,15-05-2023,Delhi,New
2869,Sneha Singh,12-09-2025,Udaipur,repeat
2870,Sneha Patel,11-04-2024,Surat,Repeat
2871,Sneha Verma,25-05-2024,Bhubaneswar,new
2872,Priya Yadav,05-08-2024,Bhubaneswar,
2873,Arjun Gupta,11-11-2022,Udaipur,
2874,Priya Gupta,25-06-2022,Jaipur,repeat
2875,Anjali Verma,04-07-2025,Mumbai,Repeat
2876,Rohit Singh,20-07-2021,Chennai,
2877,Vikas Verma,15-12-2020,Indore,New
2878,Sneha Singh,31-12-2025,Pune,new
2879,Neha Joshi,08-01-2023,Nagpur,Repeat
2880,Anjali Sharma,11-08-2021,Surat,New
2881,Vikas Patel,23-02-2022,Gurugram,New
2882,Sneha Singh,06-04-2022,Mumbai,Repeat
2883,Pooja Joshi,10-03-2021,Mumbai,Repeat
2884,Priya Yadav,08-06-2022,Delhi,repeat
2885,Priya Sharma,12-07-2025,Ahmedabad,New
2886,Rahul Patel,13-04-2020,Ahmedabad,New
2887,Rahul Patel,27-09-2022,Indore,repeat
2888,Amit Das,12-07-2023,Pune,
2889,Priya Mehta,01-03-2023,Udaipur,new
2890,Arjun Patel,23-08-2022,Bangalore,
2891,Vikas Verma,19-10-2024,Nagpur,
2892,Amit Patel,25-03-2021,Hyderabad,repeat
2893,Priya Yadav,05-08-2022,Indore,repeat
2894,Pooja Gupta,25-10-2022,Indore,Repeat
2895,Amit Yadav,07-09-2024,Kolkata,
2896,Pooja Verma,20-06-2024,Nagpur,repeat
2897,Pooja Kumar,24-10-2022,Gurugram,repeat
2898,Neha Joshi,24-06-2025,Kolkata,repeat
2899,Anjali Sharma,06-04-2025,Surat,
2900,Neha Sharma,05-02-2024,Ahmedabad,Repeat
2901,Rahul Sharma,09-01-2025,Surat,
2902,Rohit Verma,11-07-2025,Delhi,
2903,Rohit Das,23-11-2020,Raipur,New
2904,Rohit Gupta,10-02-2020,Surat,Repeat
2905,Anjali Das,08-02-2024,Bangalore,New
2906,Arjun Das,15-03-2021,Indore,Repeat
2907,Pooja Mehta,14-01-2021,Chennai,repeat
2908,Rohit Kumar,12-03-2024,Mumbai,New
2909,Priya Gupta,30-01-2024,Ahmedabad,
2910,Arjun Yadav,20-01-2025,Pune,Repeat
2911,Arjun Joshi,08-10-2020,Hyderabad,New
2912,Pooja Singh,12-02-2023,Bhubaneswar,
2913,Sneha Sharma,15-02-2024,Pune,New
2914,Anjali Yadav,18-02-2024,Ahmedabad,repeat
2915,Sneha Mehta,13-09-2020,Ahmedabad,repeat
2916,Rohit Kumar,01-11-2022,Udaipur,repeat
2917,Anjali Patel,09-07-2025,Noida,New
2918,Amit Verma,23-02-2021,Raipur,New
2919,Arjun Verma,11-01-2022,Hyderabad,repeat
2920,Sneha Yadav,01-03-2021,Kolkata,Repeat
2921,Pooja Das,08-04-2024,Indore,repeat
2922,Pooja Sharma,13-05-2024,Hyderabad,New
2923,Amit Sharma,06-05-2024,Chennai,Repeat
2924,Rahul Mehta,12-03-2024,Nagpur,
2925,Priya Singh,25-01-2021,Lucknow,Repeat
2926,Anjali Sharma,20-03-2021,Bhubaneswar,Repeat
2927,Pooja Sharma,25-11-2025,Udaipur,repeat
2928,Amit Singh,27-08-2025,Noida,Repeat
2929,Rahul Yadav,26-01-2025,Noida,Repeat
2930,Sneha Kumar,07-10-2021,Indore,Repeat
2931,Vikas Verma,30-10-2021,Mumbai,New
2932,Anjali Joshi,23-06-2022,Raipur,repeat
2933,Arjun Mehta,18-03-2025,Udaipur,
2934,Vikas Patel,09-06-2020,Gurugram,New
2935,Rohit Das,27-05-2025,Nagpur,Repeat
2936,Neha Sharma,29-05-2024,Surat,Repeat
2937,Arjun Das,23-10-2022,Mumbai,New
2938,Pooja Mehta,02-03-2024,Pune,
2939,Neha Sharma,22-03-2020,Jaipur,New
2940,Arjun Mehta,11-03-2025,Delhi,Repeat
2941,Vikas Yadav,17-11-2024,Jaipur,repeat
2942,Priya Verma,18-07-2024,Delhi,repeat
2943,Pooja Kumar,01-10-2021,Udaipur,New
2944,Neha Kumar,04-03-2021,Delhi,
2945,Rahul Kumar,30-04-2022,Delhi,New
2946,Rahul Yadav,17-06-2025,Surat,new
2947,Pooja Joshi,24-01-2025,Lucknow,Repeat
2948,Pooja Gupta,15-06-2024,Mumbai,
2949,Amit Patel,27-02-2024,Surat,
2950,Amit Kumar,12-07-2024,Jaipur,new
2951,Arjun Singh,05-08-2023,Raipur,New
2952,Anjali Sharma,22-12-2025,Udaipur,Repeat
2953,Rahul Sharma,28-03-2022,Nagpur,New
2954,Rahul Singh,15-09-2020,Gurugram,repeat
2955,Sneha Verma,15-08-2025,Gurugram,new
2956,Rahul Das,25-03-2025,Kolkata,repeat
2957,Amit Das,23-12-2024,Ahmedabad,
2958,Anjali Verma,11-07-2022,Lucknow,Repeat
2959,Rahul Das,02-12-2023,Pune,Repeat
2960,Neha Das,01-09-2025,Noida,Repeat
2961,Priya Sharma,07-05-2021,Pune,Repeat
2962,Anjali Sharma,03-08-2024,Raipur,Repeat
2963,Neha Joshi,12-07-2024,Nagpur,repeat
2964,Anjali Gupta,17-06-2024,Pune,New
2965,Neha Yadav,26-12-2021,Bangalore,New
2966,Priya Yadav,22-09-2024,Indore,
2967,Anjali Gupta,28-10-2025,Nagpur,Repeat
2968,Amit Yadav,28-05-2020,Udaipur,New
2969,Vikas Sharma,06-06-2021,Mumbai,New
2970,Pooja Yadav,23-10-2020,Delhi,repeat
2971,Rohit Kumar,12-12-2024,Bangalore,new
2972,Sneha Verma,16-10-2021,Pune,
2973,Rahul Yadav,02-09-2023,Jaipur,Repeat
2974,Vikas Patel,07-08-2025,Indore,Repeat
2975,Neha Verma,04-08-2024,Hyderabad,New
2976,Arjun Verma,04-09-2025,Jaipur,Repeat
2977,Vikas Patel,20-10-2022,Udaipur,
2978,Rohit Verma,13-12-2023,Bhubaneswar,
2979,Rohit Sharma,15-06-2024,Chennai,
2980,Neha Joshi,22-11-2020,Bangalore,Repeat
2981,Rohit Singh,15-03-2022,Surat,Repeat
2982,Anjali Yadav,19-06-2022,Gurugram,repeat
2983,Vikas Kumar,31-03-2025,Jaipur,Repeat
2984,Pooja Gupta,02-10-2021,Jaipur,New
2985,Rahul Sharma,22-12-2023,Kolkata,New
2986,Arjun Patel,01-09-2021,Udaipur,New
2987,Sneha Gupta,06-10-2021,Nagpur,new
2988,Amit Gupta,16-03-2020,Jaipur,repeat
2989,Sneha Gupta,27-01-2021,Delhi,Repeat
2990,Arjun Yadav,18-04-2023,Bangalore,Repeat
2991,Amit Das,23-01-2022,Kolkata,repeat
2992,Vikas Sharma,14-01-2020,Udaipur,New
2993,Anjali Joshi,05-07-2022,Indore,
2994,Vikas Gupta,16-05-2023,Mumbai,New
2995,Neha Verma,18-01-2020,Bangalore,repeat
2996,Anjali Kumar,25-06-2021,Nagpur,New
2997,Amit Sharma,17-01-2023,Bhubaneswar,repeat
2998,Sneha Das,20-02-2022,Gurugram,New
2999,Arjun Yadav,15-05-2025,Nagpur,
3000,Rohit Gupta,02-09-2024,Surat,
3001,Vikas Gupta,28-08-2022,Lucknow,repeat
3002,Rohit Gupta,31-05-2021,Jaipur,
3003,Priya Kumar,25-06-2025,Nagpur,repeat
3004,Pooja Singh,21-10-2023,Delhi,new
3005,Rohit Gupta,16-11-2022,Mumbai,New
3006,Arjun Verma,28-02-2025,Mumbai,Repeat
3007,Amit Kumar,20-06-2021,Udaipur,repeat
3008,Pooja Joshi,03-02-2022,Nagpur,
3009,Arjun Joshi,13-07-2021,Jaipur,repeat
3010,Anjali Das,10-05-2025,Bhubaneswar,
3011,Pooja Yadav,09-04-2023,Jaipur,Repeat
3012,Arjun Verma,19-09-2024,Jaipur,repeat
3013,Neha Gupta,10-10-2024,Raipur,New
3014,Pooja Patel,13-02-2025,Nagpur,repeat
3015,Sneha Verma,29-04-2022,Surat,new
3016,Vikas Kumar,05-01-2020,Udaipur,new
3017,Rohit Verma,09-03-2020,Raipur,Repeat
3018,Amit Kumar,12-02-2024,Bangalore,
3019,Pooja Mehta,06-03-2023,Delhi,
3020,Rohit Verma,08-04-2020,Gurugram,repeat
3021,Priya Das,18-09-2024,Raipur,new
3022,Anjali Gupta,07-11-2025,Ahmedabad,new
3023,Rohit Patel,15-07-2020,Chennai,Repeat
3024,Vikas Gupta,17-10-2023,Bhubaneswar,repeat
3025,Arjun Singh,20-07-2022,Hyderabad,
3026,Amit Kumar,18-09-2020,Pune,Repeat
3027,Vikas Das,16-06-2022,Raipur,New
3028,Priya Verma,18-04-2025,Lucknow,new
3029,Rahul Kumar,24-12-2021,Lucknow,Repeat
3030,Priya Verma,15-09-2023,Chennai,New
3031,Rahul Kumar,29-01-2024,Gurugram,New
3032,Pooja Singh,25-02-2024,Mumbai,New
3033,Anjali Das,30-09-2025,Udaipur,
3034,Arjun Mehta,06-09-2024,Hyderabad,Repeat
3035,Amit Kumar,25-12-2025,Pune,New
3036,Arjun Yadav,10-01-2023,Lucknow,New
3037,Amit Joshi,06-04-2020,Gurugram,new
3038,Sneha Joshi,26-08-2022,Pune,
3039,Amit Sharma,09-02-2025,Indore,repeat
3040,Pooja Singh,03-10-2024,Jaipur,new
3041,Amit Verma,02-04-2021,Ahmedabad,Repeat
3042,Sneha Verma,21-06-2024,Surat,repeat
3043,Sneha Kumar,14-09-2023,Chennai,repeat
3044,Rohit Kumar,03-04-2025,Jaipur,repeat
3045,Rohit Kumar,16-10-2021,Surat,repeat
3046,Rohit Singh,30-06-2024,Noida,Repeat
3047,Rohit Verma,03-03-2024,Chennai,New
3048,Amit Joshi,27-02-2021,Lucknow,New
3049,Priya Singh,15-07-2025,Noida,Repeat
3050,Rahul Mehta,04-01-2025,Udaipur,repeat
3051,Neha Kumar,11-06-2021,Jaipur,
3052,Rohit Joshi,11-12-2020,Pune,
3053,Neha Yadav,02-02-2022,Hyderabad,Repeat
3054,Rohit Mehta,19-05-2022,Chennai,new
3055,Vikas Patel,08-08-2025,Gurugram,New
3056,Priya Sharma,01-09-2020,Pune,new
3057,Neha Kumar,24-07-2024,Ahmedabad,Repeat
3058,Arjun Sharma,08-05-2023,Nagpur,New
3059,Priya Sharma,30-07-2021,Kolkata,repeat
3060,Sneha Singh,16-06-2022,Indore,repeat
3061,Pooja Joshi,18-03-2025,Chennai,New
3062,Anjali Joshi,26-05-2023,Nagpur,Repeat
3063,Rahul Das,11-04-2025,Mumbai,Repeat
3064,Neha Mehta,01-02-2023,Indore,repeat
3065,Priya Das,23-10-2022,Chennai,new
3066,Amit Singh,01-08-2020,Delhi,New
3067,Rahul Mehta,26-03-2023,Gurugram,new
3068,Arjun Patel,23-11-2020,Noida,repeat
3069,Neha Yadav,15-07-2022,Delhi,New
3070,Anjali Kumar,07-01-2025,Mumbai,
3071,Arjun Patel,23-07-2024,Noida,Repeat
3072,Pooja Gupta,25-05-2023,Kolkata,Repeat
3073,Amit Sharma,30-12-2023,Raipur,
3074,Sneha Sharma,02-04-2024,Delhi,repeat
3075,Vikas Singh,21-05-2021,Udaipur,
3076,Anjali Joshi,27-01-2020,Mumbai,
3077,Priya Verma,31-03-2020,Surat,Repeat
3078,Neha Kumar,15-09-2025,Surat,
3079,Amit Verma,02-04-2022,Hyderabad,Repeat
3080,Neha Patel,01-12-2024,Raipur,new
3081,Rohit Singh,01-03-2023,Nagpur,repeat
3082,Arjun Das,11-09-2024,Lucknow,repeat
3083,Sneha Singh,25-10-2023,Raipur,Repeat
3084,Arjun Verma,11-12-2020,Delhi,
3085,Amit Yadav,19-03-2022,Hyderabad,New
3086,Rahul Singh,08-05-2023,Nagpur,Repeat
3087,Neha Singh,08-09-2025,Lucknow,repeat
3088,Priya Joshi,20-05-2024,Udaipur,Repeat
3089,Sneha Verma,23-02-2022,Lucknow,
3090,Arjun Joshi,21-02-2022,Mumbai,Repeat
3091,Arjun Patel,08-06-2020,Bhubaneswar,new
3092,Amit Kumar,29-08-2020,Hyderabad,new
3093,Anjali Das,02-06-2020,Delhi,
3094,Sneha Mehta,17-05-2024,Jaipur,repeat
3095,Rohit Das,16-01-2022,Lucknow,Repeat
3096,Vikas Kumar,08-08-2023,Mumbai,
3097,Rohit Gupta,09-11-2024,Bangalore,new
3098,Neha Gupta,28-11-2023,Gurugram,New
3099,Amit Singh,08-11-2023,Nagpur,Repeat
3100,Amit Verma,16-10-2021,Surat,repeat
3101,Anjali Sharma,21-04-2021,Ahmedabad,new
3102,Arjun Mehta,01-06-2020,Bangalore,new
3103,Priya Singh,14-07-2024,Noida,New
3104,Vikas Yadav,01-05-2020,Mumbai,Repeat
3105,Rahul Das,22-01-2024,Hyderabad,Repeat
3106,Anjali Verma,05-08-2023,Nagpur,new
3107,Anjali Sharma,07-12-2022,Delhi,
3108,Rohit Mehta,30-01-2022,Nagpur,Repeat
3109,Sneha Joshi,11-07-2020,Surat,Repeat
3110,Vikas Joshi,11-05-2020,Udaipur,New
3111,Arjun Joshi,30-11-2022,Chennai,repeat
3112,Priya Das,12-09-2024,Nagpur,
3113,Arjun Sharma,12-12-2022,Kolkata,new
3114,Rahul Sharma,16-07-2025,Jaipur,new
3115,Rahul Yadav,05-08-2022,Ahmedabad,new
3116,Pooja Patel,08-12-2023,Mumbai,new
3117,Pooja Yadav,23-10-2021,Indore,New
3118,Anjali Kumar,21-05-2023,Raipur,new
3119,Priya Verma,15-04-2021,Hyderabad,Repeat
3120,Pooja Gupta,28-06-2022,Bhubaneswar,new
3121,Vikas Sharma,26-06-2024,Hyderabad,repeat
3122,Vikas Gupta,21-05-2023,Nagpur,new
3123,Pooja Singh,15-11-2020,Nagpur,
3124,Rahul Kumar,03-10-2025,Kolkata,New
3125,Amit Gupta,01-04-2022,Hyderabad,New
3126,Anjali Gupta,30-01-2022,Lucknow,Repeat
3127,Neha Yadav,03-03-2023,Bhubaneswar,New
3128,Amit Das,14-12-2024,Chennai,New
3129,Sneha Mehta,18-09-2020,Noida,repeat
3130,Arjun Sharma,05-01-2024,Bhubaneswar,new
3131,Priya Patel,14-08-2022,Jaipur,
3132,Vikas Verma,25-05-2020,Kolkata,repeat
3133,Sneha Singh,11-03-2022,Mumbai,New
3134,Pooja Patel,13-08-2022,Hyderabad,Repeat
3135,Rahul Singh,22-04-2025,Nagpur,repeat
3136,Anjali Joshi,26-07-2025,Ahmedabad,repeat
3137,Rahul Singh,30-07-2024,Kolkata,repeat
3138,Pooja Patel,12-03-2023,Bangalore,new
3139,Rohit Yadav,29-02-2024,Bangalore,New
3140,Amit Singh,22-12-2025,Raipur,repeat
3141,Anjali Gupta,01-08-2021,Udaipur,New
3142,Sneha Sharma,03-12-2021,Raipur,repeat
3143,Amit Das,01-05-2021,Kolkata,Repeat
3144,Amit Gupta,29-01-2025,Kolkata,new
3145,Rohit Yadav,15-11-2022,Lucknow,
3146,Sneha Gupta,08-07-2022,Bhubaneswar,New
3147,Vikas Das,12-12-2021,Lucknow,new
3148,Anjali Das,12-07-2020,Raipur,Repeat
3149,Amit Kumar,23-08-2023,Noida,repeat
3150,Rahul Verma,29-12-2023,Mumbai,new
3151,Rahul Yadav,08-09-2025,Bangalore,New
3152,Arjun Patel,20-07-2023,Nagpur,Repeat
3153,Rohit Verma,28-01-2024,Udaipur,
3154,Anjali Kumar,21-06-2023,Udaipur,
3155,Anjali Patel,16-11-2023,Chennai,Repeat
3156,Vikas Mehta,20-07-2025,Kolkata,repeat
3157,Arjun Patel,14-04-2025,Indore,repeat
3158,Pooja Yadav,17-06-2025,Raipur,repeat
3159,Sneha Gupta,02-01-2025,Lucknow,New
3160,Vikas Verma,14-08-2022,Lucknow,new
3161,Arjun Joshi,11-07-2021,Hyderabad,
3162,Neha Gupta,20-02-2023,Noida,repeat
3163,Rohit Yadav,15-07-2021,Gurugram,
3164,Amit Das,21-02-2023,Bhubaneswar,New
3165,Arjun Mehta,02-03-2025,Nagpur,repeat
3166,Vikas Sharma,24-10-2022,Pune,repeat
3167,Amit Mehta,01-08-2023,Lucknow,
3168,Amit Verma,13-05-2021,Nagpur,repeat
3169,Arjun Patel,10-08-2020,Chennai,New
3170,Neha Patel,22-08-2021,Kolkata,new
3171,Rohit Singh,28-05-2025,Bhubaneswar,Repeat
3172,Vikas Verma,19-04-2022,Ahmedabad,new
3173,Priya Kumar,29-09-2023,Gurugram,Repeat
3174,Amit Singh,31-12-2024,Chennai,repeat
3175,Pooja Singh,09-12-2025,Surat,
3176,Rahul Mehta,25-09-2020,Udaipur,
3177,Rohit Singh,04-05-2024,Udaipur,New
3178,Rohit Joshi,20-12-2025,Delhi,New
3179,Rahul Patel,13-03-2022,Pune,
3180,Amit Mehta,20-08-2022,Noida,repeat
3181,Pooja Das,09-02-2022,Jaipur,Repeat
3182,Vikas Joshi,27-10-2023,Noida,repeat
3183,Sneha Mehta,13-09-2024,Kolkata,repeat
3184,Amit Das,19-08-2020,Raipur,
3185,Rohit Patel,08-11-2020,Pune,
3186,Rahul Yadav,06-02-2025,Lucknow,new
3187,Priya Singh,06-05-2021,Chennai,repeat
3188,Arjun Sharma,29-06-2021,Pune,
3189,Anjali Yadav,05-02-2022,Nagpur,repeat
3190,Rohit Kumar,03-04-2024,Chennai,New
3191,Pooja Verma,07-02-2025,Lucknow,Repeat
3192,Rahul Gupta,14-02-2024,Udaipur,
3193,Priya Verma,05-08-2023,Mumbai,New
3194,Priya Das,06-06-2023,Bangalore,new
3195,Arjun Verma,10-04-2020,Mumbai,New
3196,Anjali Sharma,29-08-2025,Raipur,
3197,Amit Yadav,25-06-2020,Jaipur,New
3198,Rahul Mehta,01-05-2023,Surat,
3199,Arjun Yadav,27-09-2021,Noida,Repeat
3200,Arjun Das,01-06-2024,Pune,repeat
3201,Pooja Patel,23-03-2022,Udaipur,repeat
3202,Anjali Verma,22-09-2021,Indore,
3203,Pooja Kumar,01-09-2022,Raipur,new
3204,Anjali Singh,28-03-2022,Delhi,New
3205,Neha Kumar,25-04-2020,Ahmedabad,repeat
3206,Priya Gupta,18-04-2020,Chennai,repeat
3207,Priya Joshi,11-08-2022,Noida,new
3208,Priya Patel,22-12-2024,Pune,Repeat
3209,Neha Singh,29-05-2020,Indore,New
3210,Amit Sharma,12-03-2023,Lucknow,New
3211,Rahul Mehta,29-06-2023,Bhubaneswar,Repeat
3212,Sneha Kumar,20-07-2020,Nagpur,
3213,Vikas Das,13-12-2024,Bangalore,repeat
3214,Neha Verma,13-11-2024,Delhi,repeat
3215,Vikas Kumar,31-12-2025,Bangalore,
3216,Priya Sharma,02-03-2021,Ahmedabad,Repeat
3217,Priya Gupta,31-07-2020,Pune,Repeat
3218,Rohit Joshi,20-03-2022,Surat,new
3219,Arjun Joshi,12-02-2021,Noida,repeat
3220,Rohit Kumar,16-10-2025,Pune,new
3221,Anjali Sharma,22-07-2020,Bhubaneswar,Repeat
3222,Sneha Yadav,30-07-2020,Pune,new
3223,Priya Mehta,08-08-2024,Chennai,New
3224,Priya Mehta,24-09-2025,Pune,
3225,Vikas Mehta,12-06-2023,Lucknow,
3226,Priya Kumar,15-08-2023,Kolkata,repeat
3227,Amit Yadav,04-04-2021,Pune,repeat
3228,Neha Gupta,18-09-2025,Bangalore,new
3229,Rahul Singh,03-06-2025,Hyderabad,
3230,Rohit Singh,01-10-2023,Raipur,Repeat
3231,Arjun Kumar,12-09-2023,Mumbai,Repeat
3232,Vikas Verma,20-04-2024,Delhi,
3233,Anjali Mehta,02-01-2021,Raipur,repeat
3234,Pooja Sharma,16-07-2025,Delhi,repeat
3235,Rahul Sharma,27-11-2022,Kolkata,new
3236,Vikas Sharma,28-04-2021,Bhubaneswar,new
3237,Vikas Kumar,15-03-2020,Surat,Repeat
3238,Amit Singh,01-07-2024,Surat,
3239,Rahul Patel,12-10-2020,Surat,New
3240,Neha Yadav,07-03-2025,Bhubaneswar,new
3241,Rahul Verma,27-03-2022,Gurugram,repeat
3242,Arjun Patel,27-07-2022,Chennai,New
3243,Vikas Yadav,31-01-2020,Chennai,new
3244,Pooja Mehta,08-02-2021,Chennai,
3245,Sneha Mehta,01-01-2021,Jaipur,
3246,Amit Gupta,12-10-2020,Hyderabad,Repeat
3247,Arjun Kumar,04-10-2024,Udaipur,New
3248,Amit Joshi,05-08-2024,Udaipur,
3249,Vikas Patel,29-09-2023,Chennai,new
3250,Priya Gupta,13-09-2020,Udaipur,repeat
3251,Rohit Kumar,04-11-2021,Udaipur,New
3252,Arjun Gupta,08-06-2023,Lucknow,new
3253,Amit Gupta,01-01-2023,Nagpur,Repeat
3254,Amit Singh,02-06-2024,Chennai,Repeat
3255,Rahul Verma,12-03-2020,Jaipur,New
3256,Arjun Das,27-01-2020,Mumbai,New
3257,Sneha Das,08-07-2022,Raipur,New
3258,Neha Kumar,21-05-2022,Jaipur,repeat
3259,Sneha Patel,09-02-2021,Udaipur,New
3260,Neha Gupta,04-02-2020,Gurugram,Repeat
3261,Amit Gupta,09-08-2021,Bhubaneswar,Repeat
3262,Priya Yadav,19-04-2025,Delhi,
3263,Vikas Das,19-07-2025,Delhi,new
3264,Arjun Das,17-03-2023,Delhi,repeat
3265,Pooja Das,01-11-2021,Mumbai,repeat
3266,Arjun Das,15-12-2022,Lucknow,Repeat
3267,Arjun Kumar,30-12-2021,Delhi,New
3268,Rohit Mehta,31-07-2024,Bhubaneswar,New
3269,Vikas Yadav,15-05-2021,Raipur,new
3270,Amit Patel,19-04-2024,Surat,repeat
3271,Rahul Gupta,08-10-2023,Raipur,repeat
3272,Amit Patel,14-07-2023,Udaipur,Repeat
3273,Sneha Gupta,25-05-2024,Lucknow,new
3274,Pooja Yadav,28-02-2024,Raipur,
3275,Amit Singh,06-09-2025,Nagpur,
3276,Arjun Verma,28-01-2021,Indore,repeat
3277,Sneha Mehta,30-06-2024,Nagpur,new
3278,Amit Verma,29-04-2020,Indore,Repeat
3279,Amit Verma,29-06-2024,Ahmedabad,repeat
3280,Pooja Verma,10-01-2022,Delhi,New
3281,Rohit Verma,29-09-2022,Bangalore,Repeat
3282,Rahul Sharma,14-12-2024,Surat,Repeat
3283,Amit Kumar,12-07-2020,Indore,New
3284,Rahul Das,29-06-2025,Bangalore,Repeat
3285,Vikas Das,18-02-2021,Hyderabad,
3286,Neha Das,14-06-2022,Udaipur,new
3287,Sneha Yadav,29-09-2023,Ahmedabad,new
3288,Anjali Joshi,27-09-2025,Lucknow,new
3289,Neha Patel,23-12-2020,Delhi,
3290,Rohit Verma,16-12-2021,Chennai,Repeat
3291,Pooja Kumar,22-05-2021,Gurugram,repeat
3292,Arjun Mehta,04-09-2024,Ahmedabad,new
3293,Neha Yadav,10-10-2022,Indore,new
3294,Vikas Verma,15-10-2024,Hyderabad,new
3295,Neha Kumar,13-05-2025,Gurugram,new
3296,Rohit Singh,01-12-2020,Surat,new
3297,Priya Kumar,05-11-2023,Delhi,
3298,Rohit Verma,01-05-2025,Surat,repeat
3299,Rohit Gupta,11-11-2020,Bangalore,New
3300,Pooja Kumar,16-03-2025,Hyderabad,New
3301,Arjun Verma,08-11-2021,Bhubaneswar,new
3302,Anjali Gupta,23-02-2023,Nagpur,Repeat
3303,Pooja Patel,19-03-2025,Gurugram,new
3304,Arjun Das,29-07-2024,Mumbai,New
3305,Neha Kumar,10-09-2024,Hyderabad,
3306,Anjali Gupta,09-12-2024,Hyderabad,
3307,Pooja Yadav,12-08-2024,Pune,new
3308,Vikas Sharma,30-07-2022,Hyderabad,new
3309,Sneha Singh,15-01-2020,Delhi,repeat
3310,Rahul Kumar,24-08-2024,Kolkata,New
3311,Priya Mehta,14-12-2021,Lucknow,
3312,Sneha Mehta,15-10-2025,Raipur,new
3313,Anjali Kumar,13-07-2021,Pune,New
3314,Pooja Patel,26-07-2022,Ahmedabad,repeat
3315,Arjun Yadav,20-06-2024,Noida,Repeat
3316,Amit Gupta,24-06-2023,Lucknow,Repeat
3317,Anjali Verma,20-01-2025,Indore,
3318,Neha Yadav,21-03-2025,Delhi,new
3319,Priya Verma,20-12-2022,Hyderabad,repeat
3320,Sneha Verma,23-06-2020,Indore,New
3321,Rohit Mehta,10-02-2023,Gurugram,
3322,Amit Singh,15-05-2024,Delhi,new
3323,Amit Sharma,03-11-2021,Hyderabad,New
3324,Rahul Yadav,03-04-2021,Lucknow,Repeat
3325,Rohit Mehta,16-03-2023,Indore,new
3326,Priya Sharma,08-12-2022,Nagpur,new
3327,Vikas Kumar,31-01-2025,Ahmedabad,
3328,Sneha Gupta,06-12-2024,Surat,New
3329,Pooja Kumar,26-06-2024,Gurugram,new
3330,Pooja Verma,03-05-2022,Delhi,New
3331,Sneha Sharma,10-04-2021,Nagpur,Repeat
3332,Anjali Joshi,17-08-2023,Jaipur,new
3333,Rohit Patel,19-02-2025,Delhi,New
3334,Rahul Yadav,12-10-2024,Raipur,repeat
3335,Anjali Yadav,11-04-2021,Kolkata,repeat
3336,Vikas Patel,04-11-2023,Raipur,new
3337,Amit Singh,02-06-2020,Chennai,new
3338,Priya Patel,26-03-2022,Bhubaneswar,repeat
3339,Neha Das,15-05-2021,Raipur,Repeat
3340,Vikas Verma,28-08-2025,Kolkata,repeat
3341,Rohit Kumar,07-05-2024,Ahmedabad,
3342,Arjun Kumar,15-05-2023,Chennai,repeat
3343,Vikas Verma,07-10-2022,Bhubaneswar,new
3344,Pooja Patel,14-01-2021,Gurugram,repeat
3345,Pooja Sharma,12-06-2020,Bangalore,new
3346,Sneha Sharma,04-08-2024,Udaipur,repeat
3347,Sneha Patel,22-06-2025,Udaipur,
3348,Amit Yadav,05-11-2020,Gurugram,Repeat
3349,Neha Gupta,28-05-2022,Jaipur,New
3350,Vikas Verma,09-06-2022,Indore,
3351,Rohit Joshi,13-10-2021,Delhi,New
3352,Rahul Singh,09-10-2023,Ahmedabad,new
3353,Neha Gupta,30-10-2024,Raipur,Repeat
3354,Rohit Gupta,18-09-2025,Bhubaneswar,repeat
3355,Vikas Yadav,05-11-2025,Pune,
3356,Rohit Sharma,07-07-2025,Pune,repeat
3357,Pooja Sharma,03-01-2025,Hyderabad,new
3358,Rohit Sharma,23-11-2024,Indore,repeat
3359,Amit Verma,12-01-2020,Ahmedabad,Repeat
3360,Vikas Kumar,04-09-2022,Lucknow,repeat
3361,Priya Sharma,26-02-2021,Kolkata,New
3362,Neha Verma,06-09-2021,Noida,new
3363,Pooja Mehta,24-12-2025,Surat,Repeat
3364,Neha Verma,10-11-2023,Indore,new
3365,Neha Yadav,29-08-2024,Chennai,Repeat
3366,Vikas Sharma,16-12-2023,Indore,
3367,Priya Yadav,29-05-2022,Mumbai,
3368,Rahul Sharma,06-10-2025,Udaipur,repeat
3369,Rohit Singh,27-12-2023,Indore,New
3370,Vikas Verma,26-08-2021,Surat,New
3371,Amit Das,18-04-2020,Bhubaneswar,Repeat
3372,Priya Kumar,23-05-2021,Noida,repeat
3373,Amit Sharma,09-02-2020,Nagpur,New
3374,Rahul Joshi,01-08-2023,Nagpur,Repeat
3375,Neha Verma,26-06-2022,Ahmedabad,New
3376,Neha Gupta,10-04-2023,Noida,repeat
3377,Vikas Yadav,13-12-2023,Hyderabad,Repeat
3378,Sneha Singh,06-04-2024,Surat,new
3379,Priya Singh,30-01-2024,Nagpur,Repeat
3380,Neha Patel,05-05-2025,Ahmedabad,New
3381,Pooja Gupta,03-11-2024,Noida,New
3382,Amit Yadav,04-08-2020,Chennai,Repeat
3383,Neha Joshi,17-03-2024,Delhi,new
3384,Anjali Singh,30-12-2024,Ahmedabad,
3385,Sneha Das,09-02-2024,Hyderabad,
3386,Rohit Gupta,23-06-2021,Udaipur,New
3387,Pooja Kumar,03-03-2021,Indore,new
3388,Priya Joshi,26-07-2025,Ahmedabad,repeat
3389,Sneha Joshi,02-01-2025,Ahmedabad,repeat
3390,Rahul Verma,27-11-2023,Noida,
3391,Pooja Singh,09-10-2024,Gurugram,repeat
3392,Sneha Das,20-11-2025,Gurugram,repeat
3393,Anjali Gupta,26-02-2023,Mumbai,Repeat
3394,Vikas Kumar,12-03-2025,Mumbai,Repeat
3395,Anjali Das,09-04-2021,Pune,
3396,Arjun Singh,23-05-2025,Pune,repeat
3397,Sneha Verma,12-07-2023,Udaipur,
3398,Neha Gupta,04-11-2022,Surat,Repeat
3399,Rohit Mehta,03-04-2023,Bhubaneswar,New
3400,Rohit Mehta,09-02-2022,Chennai,Repeat
3401,Rahul Das,05-05-2021,Hyderabad,new
3402,Rahul Yadav,16-02-2021,Ahmedabad,New
3403,Vikas Sharma,21-12-2022,Bangalore,repeat
3404,Arjun Verma,25-04-2024,Hyderabad,repeat
3405,Vikas Gupta,23-09-2022,Lucknow,repeat
3406,Sneha Joshi,09-04-2023,Bangalore,repeat
3407,Rahul Das,16-03-2020,Ahmedabad,New
3408,Rahul Patel,13-05-2021,Gurugram,repeat
3409,Rohit Kumar,03-02-2021,Ahmedabad,
3410,Neha Kumar,27-09-2025,Mumbai,New
3411,Neha Joshi,19-11-2021,Raipur,new
3412,Priya Singh,02-03-2020,Delhi,new
3413,Arjun Joshi,29-03-2020,Surat,new
3414,Priya Joshi,08-04-2022,Indore,repeat
3415,Vikas Joshi,02-03-2025,Hyderabad,Repeat
3416,Pooja Kumar,12-03-2025,Jaipur,new
3417,Pooja Mehta,18-04-2021,Mumbai,Repeat
3418,Neha Das,31-08-2020,Ahmedabad,new
3419,Vikas Patel,17-08-2024,Raipur,Repeat
3420,Arjun Yadav,07-02-2021,Bangalore,Repeat
3421,Priya Sharma,08-02-2023,Noida,Repeat
3422,Arjun Yadav,18-06-2023,Mumbai,New
3423,Rahul Das,04-09-2023,Bangalore,
3424,Priya Patel,28-06-2021,Nagpur,New
3425,Vikas Verma,21-04-2023,Ahmedabad,new
3426,Vikas Singh,15-12-2020,Jaipur,New
3427,Rohit Singh,24-04-2025,Surat,New
3428,Anjali Yadav,18-04-2020,Ahmedabad,New
3429,Sneha Yadav,01-12-2021,Pune,new
3430,Vikas Yadav,19-10-2025,Kolkata,repeat
3431,Rohit Sharma,12-11-2022,Jaipur,
3432,Amit Patel,28-09-2024,Ahmedabad,
3433,Sneha Joshi,04-09-2022,Indore,
3434,Amit Yadav,23-12-2021,Indore,
3435,Neha Yadav,23-03-2022,Indore,Repeat
3436,Rohit Das,27-07-2020,Hyderabad,New
3437,Amit Patel,16-12-2021,Bhubaneswar,New
3438,Neha Gupta,02-11-2023,Indore,New
3439,Rohit Kumar,02-02-2021,Bangalore,Repeat
3440,Rahul Sharma,11-06-2021,Bangalore,repeat
3441,Priya Das,24-02-2023,Kolkata,new
3442,Vikas Joshi,15-08-2024,Delhi,new
3443,Pooja Patel,11-09-2023,Pune,new
3444,Vikas Sharma,08-06-2021,Ahmedabad,Repeat
3445,Pooja Mehta,24-08-2022,Indore,
3446,Anjali Kumar,30-04-2025,Kolkata,new
3447,Rahul Mehta,18-03-2024,Pune,Repeat
3448,Pooja Sharma,30-12-2024,Pune,Repeat
3449,Rahul Gupta,16-06-2024,Udaipur,repeat
3450,Anjali Singh,06-05-2024,Jaipur,New
3451,Neha Gupta,11-03-2025,Delhi,repeat
3452,Amit Singh,04-07-2020,Lucknow,
3453,Neha Joshi,24-01-2023,Noida,new
3454,Amit Patel,10-07-2021,Jaipur,new
3455,Anjali Kumar,04-12-2022,Ahmedabad,new
3456,Vikas Sharma,22-07-2020,Bhubaneswar,Repeat
3457,Amit Kumar,12-02-2021,Hyderabad,New
3458,Arjun Das,04-02-2024,Indore,New
3459,Neha Verma,23-09-2021,Udaipur,repeat
3460,Priya Singh,22-06-2022,Gurugram,new
3461,Sneha Verma,02-09-2022,Indore,
3462,Arjun Verma,10-09-2025,Kolkata,repeat
3463,Rohit Gupta,28-10-2025,Lucknow,repeat
3464,Rohit Gupta,22-02-2025,Lucknow,new
3465,Anjali Sharma,21-07-2024,Bhubaneswar,repeat
3466,Vikas Gupta,09-02-2024,Bhubaneswar,repeat
3467,Amit Yadav,30-01-2025,Chennai,New
3468,Amit Kumar,06-01-2025,Noida,new
3469,Neha Kumar,19-02-2020,Noida,repeat
3470,Rohit Sharma,23-06-2022,Pune,repeat
3471,Rohit Das,23-12-2023,Bhubaneswar,new
3472,Rahul Singh,07-02-2022,Mumbai,Repeat
3473,Rohit Das,16-09-2022,Indore,repeat
3474,Sneha Das,18-07-2022,Gurugram,New
3475,Arjun Gupta,04-11-2023,Nagpur,
3476,Neha Mehta,13-11-2021,Jaipur,
3477,Vikas Patel,26-08-2021,Bangalore,Repeat
3478,Anjali Gupta,19-07-2023,Hyderabad,Repeat
3479,Pooja Gupta,19-03-2023,Bhubaneswar,
3480,Rahul Singh,04-04-2023,Gurugram,repeat
3481,Amit Yadav,16-07-2022,Bangalore,new
3482,Priya Gupta,16-03-2023,Pune,Repeat
3483,Anjali Verma,19-08-2021,Surat,
3484,Pooja Patel,03-05-2023,Surat,new
3485,Amit Sharma,08-11-2022,Ahmedabad,Repeat
3486,Amit Sharma,26-10-2020,Hyderabad,new
3487,Sneha Kumar,03-02-2025,Indore,Repeat
3488,Rohit Patel,12-11-2025,Pune,Repeat
3489,Vikas Kumar,22-01-2020,Hyderabad,repeat
3490,Rahul Mehta,28-11-2023,Gurugram,repeat
3491,Rahul Verma,09-09-2023,Delhi,Repeat
3492,Vikas Verma,20-07-2022,Noida,repeat
3493,Pooja Joshi,25-03-2023,Ahmedabad,New
3494,Pooja Singh,28-04-2025,Chennai,Repeat
3495,Rohit Patel,11-11-2024,Ahmedabad,repeat
3496,Arjun Gupta,23-12-2022,Hyderabad,Repeat
3497,Rahul Das,17-09-2021,Indore,New
3498,Vikas Patel,09-11-2025,Raipur,New
3499,Rahul Joshi,27-08-2020,Nagpur,Repeat
3500,Rahul Kumar,28-04-2024,Surat,repeat
3501,Anjali Das,05-11-2020,Chennai,new
3502,Anjali Singh,14-05-2021,Noida,repeat
3503,Pooja Joshi,02-06-2022,Kolkata,new
3504,Neha Verma,08-11-2025,Indore,New
3505,Arjun Patel,27-01-2020,Chennai,
3506,Neha Kumar,04-01-2023,Pune,New
3507,Anjali Verma,04-07-2022,Pune,repeat
3508,Neha Das,29-04-2022,Udaipur,new
3509,Amit Gupta,29-11-2025,Delhi,Repeat
3510,Anjali Verma,03-05-2021,Nagpur,repeat
3511,Neha Kumar,02-11-2022,Nagpur,repeat
3512,Priya Joshi,25-09-2023,Nagpur,Repeat
3513,Priya Sharma,18-02-2021,Nagpur,New
3514,Anjali Verma,29-05-2025,Gurugram,New
3515,Arjun Joshi,21-12-2023,Kolkata,New
3516,Priya Patel,25-11-2022,Surat,
3517,Rahul Singh,19-08-2020,Noida,New
3518,Rohit Yadav,09-10-2021,Chennai,Repeat
3519,Vikas Gupta,24-11-2025,Lucknow,
3520,Anjali Patel,19-05-2023,Pune,Repeat
3521,Arjun Singh,10-06-2023,Bhubaneswar,
3522,Rohit Joshi,26-06-2025,Jaipur,
3523,Rahul Gupta,28-09-2023,Indore,New
3524,Rahul Sharma,16-08-2020,Noida,new
3525,Anjali Mehta,30-09-2022,Ahmedabad,Repeat
3526,Priya Gupta,13-11-2025,Raipur,repeat
3527,Arjun Yadav,24-12-2020,Delhi,Repeat
3528,Rahul Verma,08-10-2024,Raipur,
3529,Priya Verma,05-02-2022,Hyderabad,
3530,Neha Mehta,17-12-2024,Hyderabad,new
3531,Rahul Singh,24-10-2021,Delhi,repeat
3532,Pooja Verma,18-01-2025,Bangalore,repeat
3533,Pooja Gupta,06-08-2022,Indore,repeat
3534,Rahul Joshi,31-05-2020,Nagpur,new
3535,Pooja Sharma,06-02-2023,Raipur,New
3536,Rahul Sharma,08-05-2025,Kolkata,repeat
3537,Amit Patel,09-03-2025,Noida,repeat
3538,Vikas Kumar,21-08-2023,Ahmedabad,new
3539,Pooja Sharma,12-07-2023,Nagpur,new
3540,Vikas Joshi,22-05-2021,Mumbai,
3541,Amit Das,29-06-2024,Raipur,Repeat
3542,Vikas Sharma,09-12-2020,Lucknow,New
3543,Sneha Das,17-09-2023,Bangalore,new
3544,Rahul Joshi,11-10-2023,Ahmedabad,Repeat
3545,Pooja Kumar,10-01-2025,Lucknow,
3546,Rahul Patel,01-12-2021,Surat,New
3547,Rahul Joshi,11-03-2024,Surat,repeat
3548,Priya Singh,15-04-2022,Bhubaneswar,
3549,Anjali Sharma,08-02-2023,Hyderabad,
3550,Rahul Gupta,13-06-2021,Jaipur,repeat
3551,Amit Verma,24-09-2025,Jaipur,repeat
3552,Rahul Patel,30-08-2021,Ahmedabad,Repeat
3553,Amit Das,17-10-2022,Noida,repeat
3554,Neha Gupta,07-10-2022,Mumbai,repeat
3555,Vikas Yadav,28-03-2022,Jaipur,repeat
3556,Vikas Kumar,02-10-2021,Chennai,New
3557,Amit Mehta,05-04-2022,Nagpur,new
3558,Amit Mehta,22-01-2025,Hyderabad,repeat
3559,Pooja Kumar,24-12-2024,Surat,New
3560,Priya Sharma,08-12-2021,Ahmedabad,New
3561,Rohit Mehta,16-05-2022,Raipur,
3562,Vikas Singh,10-10-2024,Hyderabad,
3563,Pooja Das,24-11-2021,Nagpur,
3564,Arjun Patel,30-03-2021,Lucknow,repeat
3565,Sneha Mehta,23-09-2025,Jaipur,
3566,Neha Verma,11-10-2021,Delhi,Repeat
3567,Amit Yadav,24-06-2023,Mumbai,new
3568,Arjun Gupta,02-05-2020,Noida,New
3569,Vikas Mehta,21-08-2021,Chennai,
3570,Pooja Joshi,01-12-2020,Chennai,new
3571,Arjun Joshi,15-03-2021,Surat,New
3572,Pooja Verma,18-09-2022,Bangalore,Repeat
3573,Sneha Singh,15-11-2021,Pune,new
3574,Anjali Kumar,10-02-2020,Mumbai,New
3575,Neha Gupta,23-02-2024,Udaipur,new
3576,Neha Joshi,21-01-2024,Bhubaneswar,New
3577,Anjali Das,04-06-2023,Udaipur,Repeat
3578,Rahul Joshi,08-05-2020,Surat,
3579,Vikas Gupta,28-11-2023,Surat,
3580,Priya Gupta,07-04-2023,Bhubaneswar,
3581,Amit Das,15-12-2021,Ahmedabad,repeat
3582,Anjali Gupta,26-04-2025,Chennai,New
3583,Priya Mehta,01-08-2023,Bhubaneswar,
3584,Rahul Joshi,06-01-2023,Jaipur,new
3585,Rohit Verma,25-07-2020,Udaipur,new
3586,Priya Mehta,02-06-2024,Delhi,repeat
3587,Rohit Joshi,19-10-2024,Nagpur,repeat
3588,Vikas Kumar,17-04-2024,Bhubaneswar,New
3589,Arjun Singh,02-05-2022,Mumbai,repeat
3590,Neha Das,24-06-2023,Jaipur,Repeat
3591,Sneha Verma,12-01-2023,Bangalore,Repeat
3592,Rahul Yadav,27-06-2023,Raipur,repeat
3593,Arjun Sharma,31-12-2022,Bhubaneswar,new
3594,Sneha Gupta,30-11-2024,Kolkata,repeat
3595,Sneha Kumar,01-07-2024,Gurugram,New
3596,Sneha Mehta,22-10-2020,Indore,
3597,Arjun Mehta,06-12-2025,Delhi,repeat
3598,Amit Das,18-04-2022,Pune,New
3599,Neha Singh,23-12-2021,Hyderabad,
3600,Arjun Yadav,11-07-2023,Bhubaneswar,New
3601,Amit Gupta,15-03-2024,Indore,new
3602,Neha Yadav,15-07-2025,Surat,new
3603,Arjun Sharma,14-10-2023,Nagpur,
3604,Pooja Singh,28-06-2024,Indore,new
3605,Neha Kumar,17-12-2025,Pune,
3606,Arjun Gupta,22-11-2021,Chennai,
3607,Arjun Verma,26-07-2021,Gurugram,Repeat
3608,Rahul Mehta,17-02-2024,Pune,new
3609,Rohit Kumar,11-11-2025,Mumbai,repeat
3610,Rahul Mehta,12-05-2023,Mumbai,New
3611,Vikas Patel,13-11-2025,Nagpur,repeat
3612,Neha Patel,03-06-2023,Jaipur,
3613,Priya Patel,01-12-2023,Ahmedabad,
3614,Rahul Kumar,08-01-2022,Hyderabad,
3615,Rohit Singh,18-04-2025,Mumbai,repeat
3616,Neha Mehta,22-05-2025,Delhi,repeat
3617,Rohit Joshi,27-01-2023,Kolkata,New
3618,Rahul Mehta,20-05-2024,Indore,repeat
3619,Amit Sharma,11-04-2025,Chennai,Repeat
3620,Vikas Yadav,05-03-2023,Lucknow,Repeat
3621,Pooja Gupta,13-12-2022,Mumbai,repeat
3622,Arjun Yadav,03-12-2020,Hyderabad,Repeat
3623,Pooja Joshi,24-02-2023,Delhi,
3624,Neha Gupta,10-11-2024,Gurugram,Repeat
3625,Sneha Verma,20-11-2024,Indore,New
3626,Sneha Mehta,15-01-2020,Noida,repeat
3627,Arjun Verma,31-03-2020,Bangalore,repeat
3628,Rohit Verma,19-07-2021,Hyderabad,new
3629,Rahul Sharma,15-04-2025,Noida,new
3630,Pooja Singh,14-03-2025,Gurugram,new
3631,Amit Joshi,06-09-2025,Chennai,New
3632,Neha Gupta,08-03-2020,Udaipur,Repeat
3633,Anjali Patel,19-11-2022,Hyderabad,Repeat
3634,Vikas Verma,02-07-2024,Bhubaneswar,
3635,Rahul Gupta,28-10-2023,Udaipur,
3636,Sneha Patel,05-05-2023,Pune,
3637,Neha Verma,09-09-2022,Mumbai,New
3638,Neha Yadav,17-10-2020,Ahmedabad,Repeat
3639,Vikas Mehta,25-07-2021,Ahmedabad,repeat
3640,Priya Sharma,05-01-2025,Bangalore,new
3641,Anjali Singh,01-03-2025,Mumbai,new
3642,Anjali Yadav,11-09-2021,Indore,Repeat
3643,Rohit Joshi,17-10-2024,Noida,new
3644,Priya Yadav,04-03-2023,Kolkata,Repeat
3645,Priya Kumar,10-10-2021,Surat,repeat
3646,Amit Mehta,30-05-2025,Bhubaneswar,Repeat
3647,Vikas Gupta,01-12-2022,Nagpur,
3648,Arjun Das,23-01-2022,Chennai,New
3649,Arjun Verma,18-01-2025,Indore,repeat
3650,Sneha Gupta,20-07-2023,Jaipur,repeat
3651,Amit Joshi,25-12-2025,Kolkata,repeat
3652,Rohit Sharma,03-06-2024,Delhi,New
3653,Pooja Yadav,07-02-2025,Indore,repeat
3654,Anjali Patel,21-12-2022,Udaipur,new
3655,Rohit Kumar,23-07-2024,Nagpur,New
3656,Pooja Kumar,27-05-2021,Raipur,Repeat
3657,Neha Patel,14-07-2022,Bangalore,Repeat
3658,Pooja Patel,02-11-2021,Delhi,new
3659,Sneha Gupta,30-11-2023,Pune,New
3660,Anjali Sharma,06-05-2024,Ahmedabad,new
3661,Sneha Verma,02-08-2022,Indore,Repeat
3662,Rahul Singh,27-03-2024,Hyderabad,
3663,Anjali Das,02-11-2025,Kolkata,Repeat
3664,Anjali Das,25-04-2024,Surat,
3665,Amit Gupta,30-09-2021,Pune,new
3666,Neha Patel,15-06-2025,Surat,New
3667,Priya Gupta,03-03-2020,Ahmedabad,repeat
3668,Pooja Verma,15-01-2021,Udaipur,
3669,Anjali Das,09-05-2025,Kolkata,New
3670,Rohit Yadav,11-11-2025,Udaipur,Repeat
3671,Pooja Joshi,20-04-2023,Nagpur,new
3672,Amit Joshi,26-03-2023,Udaipur,New
3673,Priya Verma,10-10-2025,Ahmedabad,New
3674,Rohit Patel,06-04-2025,Hyderabad,
3675,Amit Singh,25-12-2021,Hyderabad,repeat
3676,Pooja Kumar,03-02-2022,Ahmedabad,new
3677,Priya Das,04-02-2021,Ahmedabad,Repeat
3678,Rahul Gupta,14-05-2021,Raipur,repeat
3679,Rahul Sharma,11-07-2022,Gurugram,Repeat
3680,Priya Yadav,07-07-2021,Mumbai,New
3681,Rohit Joshi,30-10-2024,Indore,New
3682,Arjun Mehta,18-08-2024,Hyderabad,New
3683,Pooja Gupta,04-07-2020,Ahmedabad,repeat
3684,Amit Verma,05-09-2022,Delhi,New
3685,Neha Das,08-07-2023,Gurugram,New
3686,Rohit Sharma,25-01-2020,Jaipur,Repeat
3687,Priya Sharma,13-03-2023,Kolkata,Repeat
3688,Amit Yadav,15-06-2023,Bhubaneswar,
3689,Arjun Verma,17-05-2024,Indore,Repeat
3690,Vikas Das,07-01-2020,Jaipur,repeat
3691,Anjali Patel,02-04-2025,Indore,new
3692,Priya Patel,08-09-2025,Hyderabad,New
3693,Rohit Singh,21-03-2023,Bangalore,
3694,Pooja Kumar,09-08-2020,Kolkata,new
3695,Sneha Joshi,16-03-2021,Raipur,Repeat
3696,Pooja Sharma,10-05-2021,Chennai,Repeat
3697,Rahul Das,31-10-2022,Ahmedabad,new
3698,Neha Singh,04-10-2022,Bangalore,repeat
3699,Neha Joshi,17-11-2020,Chennai,Repeat
3700,Arjun Das,24-12-2025,Surat,
3701,Neha Kumar,09-04-2024,Pune,Repeat
3702,Sneha Gupta,16-02-2022,Bhubaneswar,repeat
3703,Vikas Joshi,21-01-2020,Lucknow,
3704,Vikas Gupta,09-08-2024,Chennai,
3705,Amit Verma,25-04-2021,Udaipur,new
3706,Rohit Verma,14-05-2025,Delhi,new
3707,Anjali Mehta,23-05-2022,Mumbai,new
3708,Arjun Gupta,02-11-2024,Gurugram,
3709,Amit Verma,21-05-2022,Lucknow,new
3710,Arjun Das,05-02-2025,Mumbai,
3711,Rahul Yadav,18-07-2025,Bhubaneswar,New
3712,Pooja Yadav,31-12-2020,Gurugram,Repeat
3713,Arjun Joshi,06-01-2022,Bhubaneswar,New
3714,Sneha Yadav,23-06-2022,Raipur,repeat
3715,Neha Patel,04-11-2022,Nagpur,Repeat
3716,Sneha Mehta,27-02-2020,Noida,new
3717,Rohit Verma,12-09-2025,Pune,New
3718,Vikas Das,11-11-2023,Lucknow,New
3719,Arjun Yadav,05-06-2025,Jaipur,New
3720,Rohit Sharma,19-12-2020,Mumbai,Repeat
3721,Arjun Gupta,10-04-2022,Lucknow,
3722,Vikas Kumar,10-07-2022,Pune,repeat
3723,Vikas Sharma,09-05-2024,Udaipur,new
3724,Rahul Yadav,12-09-2022,Pune,
3725,Rahul Singh,11-01-2021,Jaipur,new
3726,Rohit Gupta,06-03-2022,Kolkata,Repeat
3727,Vikas Joshi,08-07-2021,Delhi,repeat
3728,Rahul Mehta,10-04-2023,Pune,Repeat
3729,Amit Patel,22-03-2024,Kolkata,New
3730,Sneha Joshi,04-02-2020,Chennai,New
3731,Amit Patel,06-05-2025,Pune,repeat
3732,Amit Joshi,09-04-2020,Ahmedabad,new
3733,Anjali Gupta,03-01-2025,Kolkata,
3734,Sneha Joshi,27-03-2023,Gurugram,Repeat
3735,Anjali Sharma,19-03-2021,Hyderabad,Repeat
3736,Priya Kumar,29-05-2021,Kolkata,repeat
3737,Vikas Das,10-10-2022,Hyderabad,new
3738,Rohit Das,17-01-2021,Jaipur,New
3739,Neha Mehta,16-06-2023,Chennai,New
3740,Neha Kumar,23-11-2023,Hyderabad,
3741,Neha Mehta,27-02-2024,Gurugram,repeat
3742,Priya Verma,15-05-2023,Noida,new
3743,Rahul Joshi,05-02-2024,Ahmedabad,new
3744,Anjali Yadav,03-07-2021,Surat,new
3745,Sneha Singh,11-08-2022,Surat,New
3746,Amit Verma,01-03-2021,Bhubaneswar,
3747,Anjali Sharma,30-07-2025,Surat,
3748,Rahul Verma,02-12-2020,Bangalore,
3749,Rohit Joshi,31-01-2024,Indore,new
3750,Vikas Joshi,09-06-2023,Kolkata,Repeat
3751,Rahul Das,19-11-2024,Jaipur,
3752,Neha Verma,18-08-2025,Kolkata,New
3753,Vikas Gupta,17-06-2021,Jaipur,repeat
3754,Rohit Sharma,20-03-2022,Lucknow,
3755,Neha Singh,09-05-2020,Ahmedabad,repeat
3756,Sneha Joshi,06-01-2021,Nagpur,
3757,Rahul Singh,24-04-2020,Indore,new
3758,Neha Sharma,19-06-2023,Raipur,New
3759,Sneha Patel,02-05-2020,Pune,
3760,Pooja Sharma,16-05-2025,Nagpur,Repeat
3761,Vikas Patel,13-02-2023,Pune,
3762,Anjali Patel,08-04-2024,Nagpur,repeat
3763,Vikas Verma,03-01-2022,Jaipur,repeat
3764,Arjun Gupta,08-05-2020,Indore,Repeat
3765,Sneha Verma,23-06-2021,Mumbai,repeat
3766,Priya Das,18-04-2022,Hyderabad,Repeat
3767,Pooja Verma,08-08-2023,Jaipur,repeat
3768,Sneha Das,03-01-2020,Bhubaneswar,repeat
3769,Rahul Singh,29-01-2025,Delhi,new
3770,Pooja Verma,26-12-2022,Pune,new
3771,Rahul Gupta,16-02-2022,Gurugram,Repeat
3772,Vikas Kumar,11-12-2022,Udaipur,new
3773,Sneha Gupta,23-03-2021,Raipur,New
3774,Rahul Verma,16-03-2020,Udaipur,New
3775,Pooja Verma,25-07-2020,Pune,New
3776,Neha Verma,06-07-2022,Lucknow,Repeat
3777,Vikas Verma,13-08-2025,Jaipur,
3778,Anjali Joshi,12-01-2024,Bangalore,
3779,Arjun Mehta,10-06-2023,Mumbai,New
3780,Rohit Sharma,08-10-2021,Gurugram,New
3781,Amit Das,25-08-2025,Mumbai,New
3782,Pooja Yadav,14-08-2020,Ahmedabad,Repeat
3783,Anjali Mehta,21-10-2023,Chennai,Repeat
3784,Pooja Joshi,30-11-2021,Indore,
3785,Rohit Sharma,04-07-2025,Chennai,
3786,Arjun Patel,03-03-2021,Jaipur,Repeat
3787,Pooja Mehta,27-09-2024,Jaipur,Repeat
3788,Vikas Das,21-11-2021,Ahmedabad,Repeat
3789,Pooja Patel,17-02-2023,Raipur,Repeat
3790,Sneha Patel,15-09-2020,Chennai,repeat
3791,Priya Verma,18-08-2023,Kolkata,
3792,Sneha Verma,25-05-2024,Surat,
3793,Priya Verma,14-05-2021,Surat,Repeat
3794,Rahul Gupta,19-12-2024,Surat,New
3795,Pooja Gupta,03-05-2021,Chennai,Repeat
3796,Amit Joshi,27-06-2021,Chennai,new
3797,Neha Patel,14-09-2021,Pune,new
3798,Rahul Patel,08-01-2025,Delhi,Repeat
3799,Priya Mehta,17-12-2020,Lucknow,New
3800,Arjun Gupta,21-09-2021,Gurugram,new
3801,Sneha Das,26-02-2021,Udaipur,repeat
3802,Rahul Patel,25-11-2020,Gurugram,
3803,Arjun Singh,22-09-2025,Indore,repeat
3804,Vikas Gupta,29-04-2023,Noida,new
3805,Vikas Kumar,09-07-2024,Bhubaneswar,New
3806,Rahul Gupta,28-11-2021,Bangalore,repeat
3807,Vikas Patel,10-02-2025,Surat,new
3808,Rahul Patel,05-04-2023,Mumbai,Repeat
3809,Sneha Patel,03-10-2023,Jaipur,new
3810,Arjun Joshi,12-12-2022,Bhubaneswar,Repeat
3811,Rahul Verma,19-01-2020,Ahmedabad,New
3812,Anjali Joshi,07-11-2021,Delhi,New
3813,Pooja Sharma,08-12-2025,Kolkata,new
3814,Arjun Gupta,24-11-2025,Mumbai,new
3815,Amit Yadav,29-08-2025,Indore,new
3816,Priya Sharma,12-07-2021,Nagpur,New
3817,Sneha Joshi,22-06-2020,Bhubaneswar,new
3818,Amit Singh,16-06-2020,Gurugram,
3819,Neha Joshi,27-06-2020,Chennai,
3820,Rohit Sharma,26-02-2022,Chennai,New
3821,Priya Singh,22-11-2023,Lucknow,repeat
3822,Pooja Gupta,15-12-2024,Ahmedabad,New
3823,Vikas Singh,30-05-2024,Pune,New
3824,Sneha Singh,02-03-2025,Ahmedabad,new
3825,Vikas Sharma,16-01-2022,Bhubaneswar,repeat
3826,Anjali Singh,10-05-2025,Mumbai,repeat
3827,Rahul Singh,25-06-2022,Chennai,
3828,Amit Das,06-12-2024,Jaipur,New
3829,Rohit Patel,23-07-2023,Gurugram,New
3830,Rahul Yadav,17-10-2022,Surat,Repeat
3831,Rahul Gupta,01-06-2024,Noida,New
3832,Sneha Das,29-09-2023,Indore,new
3833,Vikas Kumar,15-11-2024,Nagpur,repeat
3834,Arjun Sharma,20-05-2021,Gurugram,
3835,Priya Patel,19-08-2025,Surat,new
3836,Arjun Yadav,24-05-2023,Ahmedabad,repeat
3837,Vikas Das,24-10-2020,Ahmedabad,repeat
3838,Priya Patel,31-05-2025,Chennai,new
3839,Neha Verma,30-06-2023,Indore,
3840,Sneha Mehta,31-10-2025,Bangalore,repeat
3841,Amit Joshi,20-03-2020,Udaipur,new
3842,Neha Mehta,12-01-2024,Udaipur,Repeat
3843,Pooja Patel,22-07-2023,Ahmedabad,new
3844,Arjun Yadav,13-06-2023,Bhubaneswar,Repeat
3845,Arjun Yadav,16-06-2021,Nagpur,new
3846,Neha Gupta,05-06-2021,Nagpur,new
3847,Arjun Gupta,27-06-2024,Chennai,Repeat
3848,Neha Sharma,03-03-2025,Gurugram,Repeat
3849,Arjun Kumar,11-04-2020,Hyderabad,repeat
3850,Arjun Patel,03-11-2023,Raipur,Repeat
3851,Pooja Verma,28-05-2022,Mumbai,repeat
3852,Vikas Patel,10-03-2023,Pune,repeat
3853,Sneha Joshi,21-01-2020,Bangalore,new
3854,Pooja Patel,10-05-2025,Hyderabad,repeat
3855,Priya Sharma,12-07-2020,Udaipur,new
3856,Rohit Mehta,31-08-2021,Bhubaneswar,Repeat
3857,Pooja Kumar,28-03-2024,Nagpur,New
3858,Priya Kumar,03-10-2021,Bangalore,Repeat
3859,Priya Kumar,23-05-2020,Bangalore,new
3860,Arjun Yadav,14-03-2023,Kolkata,
3861,Sneha Joshi,01-11-2022,Bangalore,new
3862,Anjali Mehta,14-07-2024,Udaipur,new
3863,Priya Yadav,09-05-2020,Ahmedabad,repeat
3864,Vikas Das,02-08-2022,Bhubaneswar,repeat
3865,Sneha Singh,17-09-2025,Noida,New
3866,Pooja Das,23-10-2022,Bhubaneswar,Repeat
3867,Rahul Gupta,13-02-2020,Udaipur,New
3868,Neha Patel,29-04-2022,Delhi,repeat
3869,Amit Kumar,01-08-2022,Lucknow,Repeat
3870,Pooja Kumar,18-02-2020,Bangalore,Repeat
3871,Sneha Mehta,04-03-2022,Delhi,
3872,Vikas Patel,08-08-2021,Indore,repeat
3873,Anjali Sharma,10-06-2025,Jaipur,Repeat
3874,Arjun Joshi,25-05-2020,Nagpur,Repeat
3875,Vikas Mehta,29-01-2024,Ahmedabad,Repeat
3876,Neha Verma,28-07-2021,Noida,repeat
3877,Neha Sharma,18-06-2022,Indore,
3878,Neha Kumar,07-03-2020,Delhi,repeat
3879,Arjun Verma,11-09-2025,Udaipur,Repeat
3880,Arjun Das,15-06-2020,Delhi,repeat
3881,Amit Mehta,24-11-2023,Jaipur,New
3882,Neha Verma,15-11-2023,Gurugram,new
3883,Arjun Yadav,20-10-2022,Lucknow,New
3884,Rohit Kumar,07-12-2023,Surat,New
3885,Arjun Mehta,25-06-2025,Raipur,
3886,Arjun Singh,12-01-2021,Pune,new
3887,Pooja Yadav,31-03-2020,Udaipur,new
3888,Anjali Kumar,24-08-2022,Raipur,repeat
3889,Sneha Kumar,29-07-2024,Gurugram,New
3890,Arjun Gupta,17-11-2020,Indore,new
3891,Anjali Gupta,01-10-2025,Pune,new
3892,Rahul Joshi,01-11-2025,Raipur,new
3893,Priya Gupta,18-02-2022,Indore,new
3894,Arjun Singh,15-12-2021,Hyderabad,new
3895,Amit Verma,03-07-2023,Ahmedabad,New
3896,Priya Yadav,07-08-2022,Gurugram,
3897,Priya Singh,12-03-2022,Noida,new
3898,Pooja Verma,25-11-2024,Surat,Repeat
3899,Neha Patel,13-04-2020,Lucknow,repeat
3900,Rohit Yadav,20-06-2024,Bhubaneswar,
3901,Arjun Yadav,10-11-2022,Noida,Repeat
3902,Neha Verma,29-08-2025,Delhi,New
3903,Anjali Das,28-12-2024,Lucknow,repeat
3904,Anjali Kumar,03-10-2022,Hyderabad,repeat
3905,Neha Joshi,20-12-2023,Bhubaneswar,Repeat
3906,Arjun Das,07-11-2024,Jaipur,repeat
3907,Vikas Kumar,05-03-2020,Bangalore,new
3908,Anjali Das,20-12-2020,Mumbai,New
3909,Pooja Singh,22-03-2025,Lucknow,Repeat
3910,Amit Singh,29-01-2023,Noida,new
3911,Rohit Kumar,10-12-2024,Pune,New
3912,Neha Das,17-02-2024,Udaipur,
3913,Vikas Verma,04-03-2022,Noida,
3914,Pooja Das,16-07-2022,Ahmedabad,Repeat
3915,Vikas Das,05-09-2023,Bhubaneswar,New
3916,Amit Mehta,07-10-2021,Pune,Repeat
3917,Rahul Patel,22-04-2024,Kolkata,
3918,Sneha Verma,17-11-2021,Gurugram,
3919,Amit Gupta,22-11-2022,Surat,new
3920,Neha Verma,06-07-2025,Lucknow,New
3921,Arjun Mehta,25-08-2024,Hyderabad,
3922,Arjun Mehta,11-05-2023,Pune,repeat
3923,Vikas Patel,22-06-2025,Bhubaneswar,Repeat
3924,Amit Mehta,05-07-2020,Ahmedabad,new
3925,Sneha Mehta,07-10-2020,Hyderabad,new
3926,Pooja Patel,07-11-2021,Ahmedabad,repeat
3927,Neha Patel,19-05-2020,Noida,
3928,Rohit Sharma,01-11-2021,Bhubaneswar,repeat
3929,Vikas Gupta,14-05-2020,Surat,
3930,Rohit Kumar,24-08-2021,Gurugram,new
3931,Amit Joshi,03-04-2021,Chennai,repeat
3932,Anjali Mehta,10-07-2022,Lucknow,
3933,Rohit Singh,17-07-2023,Gurugram,repeat
3934,Rahul Verma,09-05-2025,Noida,repeat
3935,Anjali Gupta,11-06-2021,Raipur,new
3936,Pooja Verma,30-03-2023,Udaipur,
3937,Rahul Joshi,10-03-2020,Udaipur,New
3938,Amit Yadav,08-10-2023,Nagpur,Repeat
3939,Pooja Joshi,23-09-2023,Surat,New
3940,Priya Sharma,12-06-2022,Indore,repeat
3941,Amit Kumar,11-07-2021,Indore,New
3942,Neha Mehta,05-05-2022,Bangalore,New
3943,Neha Patel,26-07-2024,Pune,repeat
3944,Vikas Verma,18-04-2023,Noida,New
3945,Priya Yadav,25-03-2023,Surat,repeat
3946,Priya Singh,22-10-2025,Lucknow,repeat
3947,Sneha Verma,01-07-2022,Ahmedabad,Repeat
3948,Arjun Mehta,17-01-2023,Lucknow,new
3949,Pooja Patel,20-11-2020,Nagpur,New
3950,Anjali Mehta,19-07-2025,Bangalore,New
3951,Pooja Gupta,03-05-2023,Hyderabad,New
3952,Neha Das,08-01-2024,Nagpur,new
3953,Sneha Verma,15-09-2020,Jaipur,repeat
3954,Rahul Kumar,20-07-2020,Hyderabad,New
3955,Rohit Yadav,15-06-2023,Pune,new
3956,Rohit Gupta,11-05-2022,Indore,repeat
3957,Rohit Yadav,13-11-2020,Mumbai,
3958,Rahul Das,08-11-2023,Lucknow,Repeat
3959,Anjali Joshi,07-03-2021,Noida,Repeat
3960,Anjali Kumar,13-07-2025,Hyderabad,New
3961,Pooja Gupta,12-05-2024,Gurugram,
3962,Arjun Verma,13-04-2023,Udaipur,repeat
3963,Rohit Yadav,02-11-2025,Pune,repeat
3964,Arjun Mehta,03-05-2024,Udaipur,
3965,Rohit Patel,22-12-2021,Lucknow,New
3966,Pooja Das,13-06-2025,Hyderabad,
3967,Sneha Patel,19-07-2024,Surat,Repeat
3968,Neha Mehta,14-07-2023,Noida,Repeat
3969,Vikas Gupta,25-03-2021,Chennai,Repeat
3970,Rohit Kumar,23-10-2025,Noida,repeat
3971,Arjun Joshi,30-11-2025,Hyderabad,New
3972,Sneha Yadav,05-02-2025,Ahmedabad,repeat
3973,Priya Sharma,01-11-2022,Bhubaneswar,Repeat
3974,Anjali Verma,19-12-2025,Gurugram,New
3975,Anjali Gupta,16-02-2025,Kolkata,New
3976,Rahul Mehta,25-07-2024,Kolkata,
3977,Neha Joshi,25-01-2020,Lucknow,new
3978,Sneha Patel,25-06-2023,Nagpur,new
3979,Priya Yadav,14-05-2021,Bangalore,repeat
3980,Amit Kumar,11-02-2020,Ahmedabad,
3981,Amit Gupta,30-06-2022,Bangalore,
3982,Priya Das,18-04-2023,Udaipur,repeat
3983,Rahul Yadav,10-12-2023,Lucknow,Repeat
3984,Vikas Mehta,21-09-2021,Kolkata,Repeat
3985,Neha Das,08-07-2023,Pune,Repeat
3986,Rohit Sharma,24-10-2024,Nagpur,repeat
3987,Rahul Verma,12-03-2022,Udaipur,
3988,Vikas Singh,25-10-2025,Lucknow,New
3989,Vikas Sharma,19-09-2025,Lucknow,New
3990,Priya Patel,04-05-2024,Indore,
3991,Pooja Joshi,05-04-2024,Nagpur,repeat
3992,Arjun Yadav,22-05-2024,Bangalore,Repeat
3993,Rohit Yadav,27-01-2024,Delhi,New
3994,Amit Mehta,18-08-2023,Udaipur,New
3995,Anjali Kumar,12-06-2025,Udaipur,New
3996,Vikas Patel,05-07-2021,Indore,new
3997,Neha Yadav,17-09-2024,Kolkata,new
3998,Arjun Sharma,08-10-2022,Delhi,
3999,Vikas Kumar,28-04-2021,Lucknow,New
4000,Rohit Mehta,04-08-2021,Nagpur,
4001,Vikas Patel,09-03-2024,Pune,new
4002,Priya Gupta,13-02-2021,Hyderabad,Repeat
4003,Anjali Mehta,11-06-2020,Udaipur,Repeat
4004,Arjun Verma,09-07-2021,Indore,Repeat
4005,Anjali Patel,19-08-2022,Nagpur,Repeat
4006,Anjali Verma,06-10-2024,Gurugram,New
4007,Amit Sharma,26-11-2024,Noida,new
4008,Pooja Gupta,08-01-2024,Indore,new
4009,Priya Gupta,11-04-2023,Gurugram,Repeat
4010,Amit Yadav,21-10-2021,Bhubaneswar,repeat
4011,Arjun Das,03-07-2025,Nagpur,repeat
4012,Anjali Yadav,29-03-2022,Raipur,repeat
4013,Rahul Das,07-09-2020,Kolkata,Repeat
4014,Priya Singh,30-12-2020,Bhubaneswar,
4015,Neha Gupta,02-11-2025,Bangalore,repeat
4016,Vikas Das,10-05-2025,Indore,new
4017,Amit Joshi,24-10-2024,Mumbai,repeat
4018,Neha Mehta,06-08-2024,Hyderabad,New
4019,Amit Singh,12-05-2023,Kolkata,new
4020,Anjali Joshi,24-07-2022,Nagpur,repeat
4021,Vikas Verma,04-01-2021,Bhubaneswar,Repeat
4022,Amit Das,28-03-2021,Gurugram,repeat
4023,Amit Patel,25-11-2022,Hyderabad,repeat
4024,Anjali Kumar,20-10-2023,Nagpur,new
4025,Sneha Mehta,23-05-2023,Indore,new
4026,Arjun Patel,25-09-2021,Delhi,
4027,Priya Joshi,26-03-2024,Nagpur,repeat
4028,Rohit Verma,08-12-2022,Surat,
4029,Vikas Yadav,19-10-2025,Chennai,Repeat
4030,Rahul Mehta,18-10-2023,Noida,new
4031,Amit Sharma,20-05-2024,Surat,
4032,Amit Verma,09-02-2021,Udaipur,
4033,Pooja Mehta,19-09-2025,Lucknow,New
4034,Anjali Joshi,28-05-2025,Delhi,repeat
4035,Vikas Sharma,29-07-2023,Lucknow,repeat
4036,Pooja Kumar,13-09-2022,Udaipur,New
4037,Neha Das,19-12-2025,Raipur,new
4038,Neha Yadav,30-06-2024,Kolkata,Repeat
4039,Arjun Singh,30-08-2024,Delhi,New
4040,Sneha Verma,18-05-2021,Hyderabad,New
4041,Rahul Das,04-06-2022,Udaipur,Repeat
4042,Rahul Verma,22-07-2025,Kolkata,Repeat
4043,Vikas Patel,27-10-2023,Chennai,New
4044,Priya Mehta,28-12-2021,Bhubaneswar,repeat
4045,Neha Joshi,30-10-2024,Kolkata,
4046,Vikas Yadav,17-11-2020,Delhi,New
4047,Arjun Kumar,23-12-2022,Noida,new
4048,Sneha Singh,08-12-2020,Nagpur,
4049,Pooja Verma,03-09-2024,Gurugram,Repeat
4050,Amit Verma,07-09-2023,Ahmedabad,repeat
4051,Amit Joshi,20-04-2023,Chennai,new
4052,Anjali Singh,24-10-2023,Bangalore,New
4053,Pooja Verma,29-01-2021,Kolkata,repeat
4054,Priya Gupta,07-10-2023,Hyderabad,new
4055,Sneha Mehta,26-06-2021,Gurugram,new
4056,Neha Patel,22-11-2020,Kolkata,
4057,Anjali Mehta,07-11-2021,Raipur,
4058,Rohit Kumar,13-10-2023,Jaipur,
4059,Amit Kumar,26-10-2024,Surat,Repeat
4060,Pooja Singh,01-04-2023,Pune,New
4061,Rohit Joshi,26-11-2020,Bhubaneswar,
4062,Anjali Joshi,28-10-2023,Nagpur,new
4063,Rahul Sharma,25-08-2021,Bangalore,
4064,Arjun Kumar,06-11-2025,Ahmedabad,new
4065,Rahul Yadav,06-12-2021,Pune,
4066,Anjali Yadav,02-03-2025,Delhi,New
4067,Pooja Yadav,24-04-2020,Hyderabad,new
4068,Neha Singh,10-09-2025,Raipur,repeat
4069,Neha Sharma,21-09-2020,Bangalore,Repeat
4070,Anjali Joshi,15-04-2025,Mumbai,
4071,Rohit Gupta,23-12-2025,Bhubaneswar,
4072,Neha Patel,08-02-2021,Bhubaneswar,repeat
4073,Vikas Yadav,05-07-2022,Jaipur,new
4074,Anjali Yadav,04-03-2021,Nagpur,Repeat
4075,Rahul Sharma,30-03-2025,Udaipur,new
4076,Amit Singh,29-05-2022,Chennai,Repeat
4077,Vikas Das,23-03-2023,Kolkata,new
4078,Sneha Gupta,13-05-2023,Bangalore,New
4079,Rahul Joshi,14-10-2023,Indore,New
4080,Pooja Yadav,30-03-2022,Mumbai,New
4081,Anjali Mehta,02-10-2025,Gurugram,
4082,Rahul Mehta,09-01-2020,Raipur,New
4083,Anjali Kumar,07-12-2024,Surat,repeat
4084,Pooja Patel,31-08-2020,Jaipur,New
4085,Rahul Gupta,14-04-2021,Bhubaneswar,Repeat
4086,Rahul Sharma,12-05-2025,Nagpur,Repeat
4087,Priya Singh,14-10-2020,Lucknow,new
4088,Vikas Joshi,13-12-2023,Pune,repeat
4089,Priya Kumar,29-07-2021,Gurugram,Repeat
4090,Neha Patel,18-06-2022,Hyderabad,repeat
4091,Rohit Kumar,25-11-2024,Udaipur,
4092,Rahul Gupta,15-08-2023,Raipur,
4093,Arjun Gupta,21-10-2024,Kolkata,New
4094,Anjali Gupta,27-05-2024,Delhi,repeat
4095,Arjun Verma,26-12-2022,Hyderabad,new
4096,Vikas Das,30-10-2021,Bhubaneswar,new
4097,Pooja Yadav,22-09-2023,Noida,New
4098,Vikas Joshi,15-04-2021,Ahmedabad,repeat
4099,Sneha Joshi,23-08-2020,Indore,New
4100,Amit Sharma,27-06-2024,Ahmedabad,new
4101,Vikas Sharma,24-04-2025,Raipur,repeat
4102,Pooja Verma,19-09-2020,Surat,New
4103,Rohit Mehta,17-12-2022,Mumbai,repeat
4104,Priya Kumar,24-02-2021,Ahmedabad,
4105,Rahul Sharma,08-07-2023,Indore,repeat
4106,Vikas Kumar,24-04-2020,Jaipur,new
4107,Pooja Gupta,12-05-2025,Ahmedabad,Repeat
4108,Sneha Joshi,30-11-2021,Gurugram,Repeat
4109,Pooja Kumar,09-05-2024,Mumbai,
4110,Vikas Verma,01-08-2022,Hyderabad,repeat
4111,Anjali Patel,20-10-2024,Bangalore,New
4112,Vikas Kumar,22-03-2020,Raipur,repeat
4113,Vikas Joshi,03-10-2020,Lucknow,repeat
4114,Rohit Sharma,24-02-2023,Bangalore,New
4115,Anjali Sharma,23-11-2025,Hyderabad,Repeat
4116,Vikas Mehta,29-01-2021,Ahmedabad,New
4117,Rahul Singh,08-08-2020,Jaipur,new
4118,Pooja Patel,20-05-2022,Kolkata,repeat
4119,Rohit Mehta,16-04-2024,Bangalore,New
4120,Anjali Joshi,12-09-2021,Bhubaneswar,Repeat
4121,Anjali Joshi,25-08-2020,Gurugram,New
4122,Neha Kumar,30-07-2024,Gurugram,Repeat
4123,Arjun Kumar,12-02-2025,Ahmedabad,new
4124,Rahul Kumar,29-02-2024,Gurugram,
4125,Anjali Joshi,19-03-2020,Kolkata,New
4126,Arjun Mehta,06-01-2023,Hyderabad,new
4127,Arjun Gupta,18-12-2022,Nagpur,New
4128,Priya Mehta,06-09-2022,Bhubaneswar,
4129,Anjali Sharma,29-04-2020,Bangalore,Repeat
4130,Amit Sharma,18-01-2025,Chennai,
4131,Vikas Kumar,22-08-2022,Mumbai,repeat
4132,Pooja Joshi,26-04-2023,Surat,
4133,Vikas Verma,22-11-2020,Indore,Repeat
4134,Rahul Verma,20-09-2023,Udaipur,Repeat
4135,Sneha Singh,03-12-2024,Udaipur,Repeat
4136,Amit Das,14-10-2020,Chennai,New
4137,Sneha Mehta,21-11-2021,Bangalore,
4138,Priya Sharma,14-09-2023,Lucknow,Repeat
4139,Sneha Das,14-04-2025,Bhubaneswar,new
4140,Neha Sharma,10-12-2022,Raipur,repeat
4141,Amit Verma,29-12-2022,Raipur,repeat
4142,Anjali Joshi,08-08-2020,Kolkata,new
4143,Neha Singh,26-01-2024,Lucknow,repeat
4144,Sneha Yadav,11-09-2022,Bangalore,Repeat
4145,Sneha Verma,02-02-2020,Mumbai,
4146,Amit Mehta,12-10-2022,Jaipur,repeat
4147,Pooja Sharma,10-10-2023,Pune,new
4148,Rahul Patel,17-06-2025,Chennai,new
4149,Neha Singh,03-05-2024,Bangalore,repeat
4150,Arjun Kumar,15-08-2025,Pune,New
4151,Arjun Patel,12-03-2022,Raipur,repeat
4152,Rohit Verma,21-12-2024,Lucknow,new
4153,Priya Das,13-06-2022,Delhi,New
4154,Arjun Patel,04-05-2021,Delhi,New
4155,Arjun Sharma,08-08-2022,Chennai,Repeat
4156,Rahul Singh,26-07-2025,Delhi,
4157,Amit Mehta,23-08-2024,Bhubaneswar,New
4158,Vikas Sharma,31-01-2025,Udaipur,
4159,Pooja Das,20-04-2023,Lucknow,New
4160,Arjun Gupta,02-11-2025,Pune,repeat
4161,Arjun Kumar,20-03-2024,Hyderabad,Repeat
4162,Sneha Kumar,17-12-2025,Hyderabad,new
4163,Rahul Mehta,06-07-2024,Pune,Repeat
4164,Sneha Mehta,28-02-2025,Surat,
4165,Arjun Joshi,26-05-2024,Delhi,repeat
4166,Arjun Patel,10-07-2021,Kolkata,new
4167,Neha Singh,17-11-2021,Ahmedabad,repeat
4168,Pooja Mehta,28-01-2025,Lucknow,new
4169,Vikas Gupta,18-08-2021,Surat,new
4170,Vikas Verma,10-11-2023,Bhubaneswar,Repeat
4171,Rahul Singh,21-10-2024,Jaipur,New
4172,Pooja Sharma,18-01-2021,Kolkata,Repeat
4173,Rahul Kumar,04-12-2024,Lucknow,New
4174,Arjun Patel,23-09-2022,Bhubaneswar,new
4175,Rohit Kumar,21-05-2022,Chennai,repeat
4176,Rahul Sharma,09-12-2024,Gurugram,
4177,Rohit Yadav,11-09-2024,Gurugram,
4178,Arjun Joshi,22-09-2024,Lucknow,new
4179,Vikas Das,06-11-2023,Gurugram,New
4180,Rohit Sharma,06-05-2020,Udaipur,New
4181,Rohit Kumar,14-05-2020,Jaipur,repeat
4182,Amit Das,15-11-2020,Noida,repeat
4183,Arjun Gupta,25-12-2021,Raipur,new
4184,Priya Verma,25-12-2022,Lucknow,
4185,Sneha Gupta,14-10-2024,Mumbai,Repeat
4186,Pooja Sharma,08-12-2022,Bangalore,New
4187,Anjali Mehta,07-07-2021,Indore,
4188,Rahul Das,03-03-2025,Mumbai,Repeat
4189,Rahul Kumar,22-02-2024,Bangalore,Repeat
4190,Arjun Yadav,18-06-2020,Hyderabad,new
4191,Anjali Gupta,30-12-2022,Kolkata,Repeat
4192,Neha Yadav,24-08-2023,Chennai,
4193,Neha Joshi,19-05-2025,Surat,new
4194,Arjun Verma,16-05-2021,Lucknow,new
4195,Rahul Patel,01-11-2024,Mumbai,new
4196,Rahul Yadav,05-06-2021,Surat,New
4197,Pooja Mehta,21-10-2025,Surat,repeat
4198,Amit Sharma,01-09-2023,Jaipur,New
4199,Priya Patel,16-02-2020,Surat,New
4200,Pooja Das,16-08-2020,Lucknow,repeat
4201,Sneha Das,09-03-2024,Gurugram,
4202,Neha Gupta,24-07-2021,Chennai,
4203,Sneha Verma,22-11-2024,Indore,
4204,Vikas Gupta,24-03-2021,Hyderabad,
4205,Rohit Patel,24-07-2023,Raipur,New
4206,Anjali Singh,01-05-2022,Surat,New
4207,Pooja Verma,13-08-2022,Gurugram,New
4208,Pooja Yadav,24-02-2023,Surat,New
4209,Rohit Sharma,28-11-2024,Pune,repeat
4210,Arjun Mehta,06-01-2021,Lucknow,New
4211,Rahul Yadav,16-02-2022,Bangalore,Repeat
4212,Anjali Patel,26-09-2025,Surat,new
4213,Neha Yadav,02-08-2022,Bhubaneswar,repeat
4214,Arjun Kumar,08-02-2025,Bangalore,
4215,Vikas Mehta,02-09-2022,Kolkata,new
4216,Arjun Sharma,25-07-2020,Pune,new
4217,Arjun Patel,20-04-2021,Hyderabad,Repeat
4218,Pooja Kumar,31-10-2025,Bhubaneswar,New
4219,Rahul Singh,23-09-2022,Mumbai,
4220,Priya Gupta,14-03-2020,Bangalore,
4221,Pooja Gupta,23-10-2021,Ahmedabad,New
4222,Vikas Das,14-01-2020,Hyderabad,new
4223,Rohit Sharma,04-04-2023,Raipur,repeat
4224,Neha Kumar,23-10-2023,Udaipur,Repeat
4225,Priya Singh,23-11-2021,Udaipur,Repeat
4226,Rohit Gupta,28-01-2023,Bangalore,Repeat
4227,Priya Das,06-06-2023,Bangalore,repeat
4228,Anjali Das,19-03-2025,Bangalore,
4229,Rahul Joshi,02-07-2021,Nagpur,Repeat
4230,Anjali Gupta,24-02-2021,Bhubaneswar,
4231,Anjali Das,09-07-2021,Noida,repeat
4232,Neha Patel,26-06-2023,Bhubaneswar,new
4233,Vikas Gupta,11-12-2022,Kolkata,repeat
4234,Sneha Gupta,11-03-2020,Hyderabad,New
4235,Arjun Gupta,29-08-2025,Mumbai,New
4236,Pooja Das,29-08-2023,Chennai,new
4237,Vikas Gupta,11-10-2025,Ahmedabad,New
4238,Arjun Mehta,22-07-2023,Bangalore,Repeat
4239,Amit Singh,05-10-2022,Lucknow,New
4240,Priya Mehta,01-04-2023,Delhi,Repeat
4241,Amit Patel,10-06-2023,Hyderabad,Repeat
4242,Vikas Joshi,24-09-2022,Lucknow,
4243,Vikas Gupta,23-05-2020,Chennai,repeat
4244,Pooja Gupta,08-01-2024,Noida,Repeat
4245,Pooja Das,11-03-2024,Raipur,repeat
4246,Amit Patel,14-01-2023,Nagpur,repeat
4247,Amit Singh,18-01-2025,Pune,Repeat
4248,Vikas Sharma,24-03-2022,Bhubaneswar,New
4249,Sneha Das,15-08-2022,Pune,new
4250,Vikas Kumar,04-08-2022,Noida,new
4251,Priya Patel,11-01-2024,Pune,repeat
4252,Neha Joshi,01-06-2025,Bhubaneswar,
4253,Pooja Yadav,22-12-2022,Delhi,New
4254,Neha Das,21-12-2020,Bangalore,
4255,Priya Kumar,10-01-2023,Bangalore,repeat
4256,Priya Gupta,04-10-2022,Chennai,New
4257,Vikas Singh,25-11-2025,Bhubaneswar,new
4258,Arjun Gupta,04-04-2025,Delhi,
4259,Arjun Verma,02-12-2024,Gurugram,
4260,Vikas Patel,03-02-2021,Raipur,Repeat
4261,Amit Kumar,05-03-2023,Nagpur,
4262,Priya Kumar,05-01-2022,Jaipur,new
4263,Arjun Verma,02-02-2024,Ahmedabad,
4264,Rohit Mehta,31-12-2024,Chennai,new
4265,Anjali Verma,04-08-2024,Indore,New
4266,Priya Joshi,24-09-2022,Pune,Repeat
4267,Pooja Yadav,14-11-2024,Delhi,repeat
4268,Anjali Yadav,13-11-2020,Nagpur,new
4269,Sneha Joshi,20-03-2025,Lucknow,Repeat
4270,Vikas Joshi,09-07-2020,Bangalore,Repeat
4271,Vikas Das,26-09-2021,Lucknow,repeat
4272,Pooja Verma,29-07-2022,Delhi,new
4273,Anjali Gupta,08-12-2023,Gurugram,new
4274,Sneha Singh,27-12-2020,Delhi,New
4275,Amit Das,14-11-2025,Lucknow,New
4276,Sneha Sharma,29-06-2020,Pune,New
4277,Neha Das,18-02-2023,Udaipur,new
4278,Anjali Singh,25-02-2024,Kolkata,Repeat
4279,Rohit Kumar,06-01-2023,Pune,Repeat
4280,Amit Kumar,16-09-2024,Kolkata,new
4281,Pooja Joshi,31-01-2024,Kolkata,
4282,Rahul Das,16-06-2021,Bhubaneswar,
4283,Priya Mehta,06-03-2023,Jaipur,new
4284,Priya Mehta,11-09-2020,Mumbai,New
4285,Anjali Das,06-09-2024,Delhi,Repeat
4286,Rahul Joshi,04-02-2022,Lucknow,new
4287,Rahul Mehta,16-10-2024,Delhi,New
4288,Rohit Patel,27-05-2023,Raipur,New
4289,Rahul Kumar,03-05-2023,Gurugram,new
4290,Neha Patel,21-09-2025,Raipur,
4291,Vikas Joshi,11-04-2023,Hyderabad,Repeat
4292,Arjun Joshi,08-02-2021,Gurugram,New
4293,Pooja Yadav,11-06-2020,Raipur,Repeat
4294,Amit Joshi,26-02-2020,Delhi,
4295,Amit Verma,20-08-2025,Indore,new
4296,Neha Gupta,28-12-2021,Bhubaneswar,
4297,Vikas Singh,03-07-2024,Chennai,
4298,Priya Joshi,13-11-2023,Surat,New
4299,Sneha Das,01-08-2024,Chennai,
4300,Amit Kumar,02-12-2023,Gurugram,repeat
4301,Amit Verma,28-06-2023,Raipur,
4302,Amit Verma,01-02-2023,Indore,repeat
4303,Amit Yadav,01-10-2025,Lucknow,new
4304,Vikas Joshi,06-03-2022,Lucknow,repeat
4305,Vikas Kumar,06-04-2024,Bangalore,repeat
4306,Amit Verma,07-06-2024,Bhubaneswar,repeat
4307,Rohit Sharma,14-11-2025,Hyderabad,Repeat
4308,Neha Yadav,31-01-2020,Jaipur,
4309,Arjun Sharma,24-01-2025,Bhubaneswar,new
4310,Rahul Yadav,08-06-2022,Raipur,new
4311,Priya Verma,15-01-2020,Gurugram,repeat
4312,Vikas Mehta,12-08-2023,Indore,Repeat
4313,Anjali Sharma,09-09-2025,Indore,
4314,Anjali Sharma,08-05-2023,Nagpur,new
4315,Arjun Sharma,09-02-2021,Hyderabad,new
4316,Amit Patel,15-06-2020,Jaipur,New
4317,Priya Singh,24-12-2025,Chennai,New
4318,Sneha Patel,07-03-2021,Delhi,Repeat
4319,Priya Joshi,16-09-2025,Jaipur,repeat
4320,Rohit Verma,07-06-2023,Chennai,Repeat
4321,Vikas Joshi,30-07-2024,Surat,repeat
4322,Priya Gupta,06-12-2024,Bangalore,Repeat
4323,Neha Patel,02-07-2024,Mumbai,Repeat
4324,Pooja Kumar,02-02-2022,Mumbai,new
4325,Amit Verma,17-08-2023,Gurugram,Repeat
4326,Pooja Patel,25-04-2021,Jaipur,new
4327,Sneha Sharma,07-07-2023,Delhi,
4328,Rahul Singh,24-05-2022,Ahmedabad,Repeat
4329,Neha Das,07-02-2020,Lucknow,New
4330,Anjali Verma,10-11-2022,Delhi,Repeat
4331,Pooja Gupta,13-04-2024,Hyderabad,repeat
4332,Arjun Patel,11-10-2024,Nagpur,repeat
4333,Priya Verma,08-09-2025,Mumbai,new
4334,Rohit Kumar,13-10-2025,Chennai,new
4335,Priya Singh,10-03-2025,Raipur,New
4336,Pooja Yadav,19-08-2020,Indore,Repeat
4337,Vikas Gupta,10-07-2023,Kolkata,New
4338,Rohit Joshi,02-01-2024,Gurugram,Repeat
4339,Pooja Yadav,24-09-2020,Noida,new
4340,Pooja Verma,19-06-2024,Pune,Repeat
4341,Anjali Patel,07-01-2021,Surat,
4342,Arjun Joshi,29-05-2021,Pune,repeat
4343,Vikas Kumar,04-07-2020,Mumbai,repeat
4344,Sneha Das,24-02-2025,Kolkata,repeat
4345,Anjali Joshi,29-07-2023,Bangalore,New
4346,Vikas Yadav,24-02-2023,Nagpur,Repeat
4347,Rahul Gupta,19-12-2023,Kolkata,Repeat
4348,Priya Sharma,26-09-2020,Chennai,Repeat
4349,Rohit Mehta,24-03-2023,Ahmedabad,New
4350,Neha Patel,05-11-2021,Hyderabad,Repeat
4351,Vikas Das,28-07-2025,Bhubaneswar,
4352,Amit Joshi,06-05-2023,Hyderabad,new
4353,Pooja Das,30-10-2024,Hyderabad,Repeat
4354,Pooja Yadav,20-03-2025,Gurugram,New
4355,Amit Sharma,03-01-2024,Surat,Repeat
4356,Vikas Sharma,24-07-2024,Ahmedabad,repeat
4357,Rahul Sharma,16-11-2022,Bhubaneswar,Repeat
4358,Pooja Sharma,21-02-2022,Nagpur,Repeat
4359,Priya Yadav,19-02-2025,Ahmedabad,New
4360,Rahul Joshi,11-05-2023,Noida,new
4361,Arjun Das,20-06-2021,Surat,Repeat
4362,Rahul Verma,20-05-2025,Nagpur,New
4363,Anjali Mehta,20-08-2022,Kolkata,new
4364,Anjali Kumar,22-06-2025,Mumbai,Repeat
4365,Priya Verma,06-06-2020,Hyderabad,Repeat
4366,Priya Joshi,18-01-2025,Mumbai,repeat
4367,Anjali Joshi,17-11-2025,Delhi,repeat
4368,Rahul Yadav,09-06-2022,Pune,
4369,Rahul Kumar,11-08-2022,Hyderabad,new
4370,Neha Patel,12-11-2024,Bhubaneswar,repeat
4371,Arjun Gupta,18-05-2022,Udaipur,
4372,Amit Gupta,04-09-2020,Gurugram,repeat
4373,Anjali Das,14-08-2022,Bhubaneswar,New
4374,Vikas Joshi,31-08-2025,Mumbai,Repeat
4375,Pooja Verma,12-12-2022,Lucknow,new
4376,Arjun Das,31-01-2023,Delhi,new
4377,Arjun Joshi,03-12-2024,Indore,
4378,Amit Das,07-01-2024,Ahmedabad,new
4379,Vikas Mehta,09-07-2025,Udaipur,
4380,Neha Das,09-02-2023,Chennai,New
4381,Neha Sharma,09-06-2021,Nagpur,repeat
4382,Arjun Das,12-08-2025,Pune,new
4383,Arjun Yadav,16-09-2024,Noida,
4384,Vikas Joshi,12-09-2024,Lucknow,
4385,Pooja Singh,27-04-2020,Hyderabad,New
4386,Neha Verma,31-03-2022,Chennai,Repeat
4387,Amit Verma,22-08-2024,Indore,Repeat
4388,Neha Yadav,24-06-2025,Noida,repeat
4389,Arjun Gupta,19-09-2024,Indore,
4390,Anjali Das,18-10-2020,Bangalore,
4391,Priya Singh,07-06-2024,Jaipur,New
4392,Amit Singh,29-05-2023,Jaipur,repeat
4393,Sneha Patel,23-03-2020,Lucknow,new
4394,Amit Patel,13-03-2025,Lucknow,
4395,Amit Verma,18-04-2020,Chennai,New
4396,Arjun Yadav,29-01-2025,Kolkata,
4397,Amit Verma,14-04-2021,Jaipur,new
4398,Rohit Patel,26-04-2023,Raipur,
4399,Neha Yadav,14-09-2021,Chennai,New
4400,Pooja Yadav,09-05-2023,Nagpur,
4401,Priya Joshi,15-04-2025,Udaipur,repeat
4402,Priya Yadav,15-12-2025,Nagpur,Repeat
4403,Sneha Sharma,18-12-2022,Lucknow,Repeat
4404,Neha Patel,11-04-2021,Indore,
4405,Amit Singh,16-02-2025,Nagpur,repeat
4406,Rahul Mehta,19-02-2021,Kolkata,New
4407,Anjali Mehta,13-05-2022,Kolkata,new
4408,Priya Kumar,23-11-2020,Kolkata,repeat
4409,Amit Gupta,01-04-2022,Nagpur,
4410,Priya Kumar,21-12-2021,Hyderabad,new
4411,Pooja Gupta,17-09-2022,Lucknow,New
4412,Priya Patel,04-05-2025,Surat,New
4413,Amit Joshi,07-09-2025,Raipur,Repeat
4414,Priya Singh,28-04-2025,Raipur,repeat
4415,Priya Kumar,05-05-2025,Mumbai,New
4416,Anjali Yadav,27-04-2025,Delhi,New
4417,Vikas Patel,02-02-2024,Ahmedabad,new
4418,Neha Singh,11-09-2024,Indore,new
4419,Priya Mehta,09-02-2022,Bangalore,repeat
4420,Neha Das,14-05-2021,Bhubaneswar,repeat
4421,Neha Gupta,25-09-2021,Udaipur,Repeat
4422,Neha Joshi,08-12-2023,Gurugram,new
4423,Anjali Joshi,20-12-2022,Nagpur,
4424,Rohit Gupta,09-11-2024,Surat,repeat
4425,Amit Das,22-11-2023,Hyderabad,
4426,Priya Sharma,11-09-2020,Bangalore,Repeat
4427,Sneha Kumar,01-10-2022,Jaipur,repeat
4428,Rahul Patel,30-12-2021,Ahmedabad,repeat
4429,Amit Mehta,16-10-2025,Indore,Repeat
4430,Priya Das,03-02-2020,Mumbai,New
4431,Arjun Verma,17-11-2022,Chennai,new
4432,Rohit Gupta,29-05-2025,Bangalore,New
4433,Priya Yadav,24-12-2025,Raipur,repeat
4434,Neha Sharma,27-10-2024,Udaipur,Repeat
4435,Pooja Singh,02-03-2022,Nagpur,repeat
4436,Sneha Sharma,06-12-2025,Udaipur,repeat
4437,Pooja Yadav,29-10-2022,Surat,new
4438,Priya Das,09-12-2024,Gurugram,new
4439,Rahul Yadav,12-11-2025,Hyderabad,New
4440,Rohit Das,31-08-2022,Jaipur,New
4441,Sneha Joshi,15-03-2022,Raipur,New
4442,Sneha Kumar,28-09-2024,Pune,Repeat
4443,Amit Gupta,28-02-2024,Kolkata,new
4444,Rahul Patel,04-06-2024,Lucknow,New
4445,Priya Das,07-05-2024,Kolkata,Repeat
4446,Neha Yadav,22-09-2021,Indore,Repeat
4447,Vikas Joshi,14-04-2023,Ahmedabad,New
4448,Rahul Patel,23-02-2024,Lucknow,Repeat
4449,Arjun Verma,14-01-2023,Delhi,new
4450,Pooja Sharma,06-12-2022,Jaipur,repeat
4451,Rahul Das,08-03-2022,Mumbai,New
4452,Pooja Singh,03-04-2022,Nagpur,repeat
4453,Sneha Yadav,23-11-2022,Pune,New
4454,Pooja Das,13-11-2021,Lucknow,new
4455,Rahul Sharma,11-05-2025,Noida,New
4456,Priya Patel,23-04-2022,Gurugram,New
4457,Pooja Sharma,07-12-2020,Lucknow,new
4458,Priya Das,24-09-2024,Lucknow,
4459,Amit Das,26-09-2023,Bangalore,
4460,Priya Sharma,28-11-2021,Pune,new
4461,Pooja Sharma,29-10-2020,Udaipur,New
4462,Anjali Kumar,14-12-2023,Raipur,new
4463,Vikas Das,08-05-2020,Indore,repeat
4464,Rohit Kumar,07-08-2021,Hyderabad,Repeat
4465,Rohit Yadav,06-11-2023,Chennai,repeat
4466,Priya Kumar,25-02-2025,Udaipur,
4467,Anjali Mehta,03-10-2023,Bangalore,repeat
4468,Arjun Kumar,29-11-2020,Noida,new
4469,Vikas Yadav,21-12-2024,Pune,New
4470,Neha Patel,25-08-2025,Indore,repeat
4471,Priya Das,09-08-2022,Surat,New
4472,Vikas Singh,09-02-2022,Bangalore,Repeat
4473,Vikas Verma,25-10-2025,Surat,new
4474,Amit Verma,09-02-2024,Mumbai,repeat
4475,Rohit Gupta,21-12-2023,Gurugram,
4476,Rohit Sharma,19-05-2024,Ahmedabad,
4477,Anjali Singh,07-08-2024,Noida,Repeat
4478,Arjun Mehta,14-12-2023,Gurugram,repeat
4479,Rahul Patel,11-08-2021,Ahmedabad,
4480,Neha Das,21-05-2023,Kolkata,
4481,Neha Verma,02-07-2021,Nagpur,new
4482,Amit Das,10-12-2021,Hyderabad,New
4483,Amit Gupta,29-01-2020,Indore,
4484,Sneha Gupta,09-01-2021,Hyderabad,Repeat
4485,Neha Singh,24-04-2021,Bhubaneswar,New
4486,Priya Sharma,30-04-2025,Hyderabad,new
4487,Pooja Kumar,15-09-2021,Bhubaneswar,new
4488,Pooja Joshi,21-06-2023,Raipur,repeat
4489,Arjun Das,11-04-2023,Bhubaneswar,new
4490,Amit Patel,05-12-2024,Ahmedabad,
4491,Pooja Verma,17-01-2023,Bhubaneswar,
4492,Sneha Das,20-10-2020,Mumbai,new
4493,Anjali Verma,22-04-2025,Kolkata,repeat
4494,Neha Sharma,22-03-2025,Surat,New
4495,Arjun Joshi,16-07-2020,Bangalore,Repeat
4496,Pooja Singh,01-12-2023,Indore,repeat
4497,Sneha Gupta,16-04-2020,Chennai,
4498,Arjun Patel,04-04-2021,Nagpur,repeat
4499,Rahul Kumar,08-04-2022,Noida,New
4500,Vikas Sharma,11-04-2025,Indore,new
4501,Vikas Kumar,02-04-2020,Hyderabad,New
4502,Rohit Kumar,03-01-2025,Indore,
4503,Pooja Singh,26-06-2024,Delhi,New
4504,Sneha Verma,04-03-2025,Indore,new
4505,Pooja Yadav,20-12-2021,Gurugram,
4506,Rohit Joshi,17-09-2022,Surat,Repeat
4507,Vikas Yadav,10-02-2020,Bangalore,new
4508,Sneha Mehta,29-06-2024,Pune,Repeat
4509,Amit Patel,19-06-2022,Surat,repeat
4510,Rahul Verma,26-09-2021,Indore,
4511,Neha Joshi,29-11-2021,Hyderabad,New
4512,Rohit Kumar,22-12-2020,Udaipur,
4513,Anjali Yadav,05-10-2024,Noida,repeat
4514,Neha Das,17-03-2020,Pune,
4515,Neha Kumar,09-02-2021,Nagpur,Repeat
4516,Neha Das,19-12-2024,Nagpur,new
4517,Neha Verma,13-04-2021,Nagpur,New
4518,Neha Gupta,02-09-2020,Mumbai,new
4519,Pooja Sharma,26-12-2020,Surat,repeat
4520,Sneha Verma,26-06-2020,Ahmedabad,New
4521,Amit Gupta,22-07-2025,Jaipur,repeat
4522,Rahul Gupta,16-06-2024,Kolkata,Repeat
4523,Rahul Joshi,24-11-2021,Surat,new
4524,Rohit Yadav,14-02-2023,Bangalore,Repeat
4525,Vikas Yadav,16-08-2021,Surat,
4526,Arjun Patel,17-09-2022,Surat,Repeat
4527,Neha Kumar,15-10-2020,Ahmedabad,New
4528,Rohit Patel,06-09-2022,Lucknow,New
4529,Neha Mehta,17-09-2024,Udaipur,New
4530,Sneha Patel,28-10-2024,Indore,new
4531,Vikas Verma,31-10-2024,Udaipur,New
4532,Rahul Gupta,30-09-2022,Lucknow,Repeat
4533,Neha Patel,25-03-2022,Nagpur,New
4534,Rohit Verma,23-11-2025,Kolkata,Repeat
4535,Arjun Joshi,03-05-2023,Bangalore,New
4536,Priya Kumar,06-03-2023,Bhubaneswar,New
4537,Neha Yadav,25-07-2021,Ahmedabad,Repeat
4538,Rahul Gupta,13-10-2020,Kolkata,New
4539,Amit Joshi,04-04-2020,Bangalore,new
4540,Neha Yadav,30-03-2024,Bhubaneswar,repeat
4541,Amit Patel,21-07-2023,Kolkata,Repeat
4542,Anjali Yadav,08-04-2025,Udaipur,new
4543,Amit Joshi,26-05-2023,Delhi,new
4544,Sneha Das,07-02-2020,Nagpur,new
4545,Arjun Gupta,07-06-2024,Indore,repeat
4546,Neha Gupta,17-03-2023,Kolkata,New
4547,Vikas Joshi,02-02-2021,Ahmedabad,New
4548,Rohit Das,27-11-2020,Kolkata,repeat
4549,Rohit Verma,12-02-2021,Pune,new
4550,Neha Kumar,19-02-2022,Chennai,new
4551,Neha Kumar,12-11-2020,Surat,New
4552,Pooja Yadav,12-10-2025,Nagpur,New
4553,Priya Verma,28-11-2020,Lucknow,repeat
4554,Amit Joshi,05-01-2021,Udaipur,
4555,Pooja Verma,18-04-2024,Hyderabad,New
4556,Vikas Mehta,25-12-2022,Indore,repeat
4557,Amit Sharma,18-04-2025,Jaipur,
4558,Arjun Singh,02-12-2025,Jaipur,
4559,Amit Sharma,05-07-2023,Chennai,Repeat
4560,Rahul Mehta,16-07-2023,Bangalore,New
4561,Neha Kumar,13-04-2025,Chennai,repeat
4562,Priya Sharma,23-08-2024,Ahmedabad,
4563,Neha Sharma,23-10-2021,Lucknow,Repeat
4564,Rahul Sharma,07-09-2022,Lucknow,Repeat
4565,Neha Kumar,28-07-2023,Ahmedabad,repeat
4566,Rahul Das,06-07-2022,Hyderabad,new
4567,Neha Patel,27-03-2025,Mumbai,New
4568,Amit Kumar,28-07-2023,Mumbai,Repeat
4569,Rahul Das,01-06-2023,Bangalore,
4570,Pooja Mehta,01-05-2022,Hyderabad,Repeat
4571,Sneha Gupta,07-08-2022,Ahmedabad,new
4572,Sneha Patel,27-03-2020,Mumbai,
4573,Pooja Verma,24-10-2020,Bangalore,new
4574,Priya Sharma,25-08-2023,Nagpur,Repeat
4575,Arjun Sharma,20-01-2021,Jaipur,New
4576,Rahul Das,26-12-2025,Bangalore,Repeat
4577,Neha Verma,13-09-2022,Udaipur,Repeat
4578,Pooja Singh,20-11-2020,Raipur,repeat
4579,Amit Mehta,26-12-2020,Ahmedabad,
4580,Amit Patel,11-06-2024,Hyderabad,Repeat
4581,Vikas Yadav,08-11-2020,Nagpur,New
4582,Rahul Yadav,25-11-2020,Ahmedabad,repeat
4583,Amit Das,15-02-2025,Bangalore,New
4584,Priya Verma,15-11-2024,Mumbai,Repeat
4585,Vikas Verma,09-06-2022,Delhi,new
4586,Rohit Singh,15-07-2023,Kolkata,Repeat
4587,Rohit Mehta,25-03-2021,Kolkata,
4588,Arjun Kumar,16-09-2024,Gurugram,new
4589,Vikas Joshi,01-01-2025,Noida,New
4590,Vikas Kumar,09-12-2023,Jaipur,new
4591,Rohit Kumar,19-03-2024,Bangalore,New
4592,Vikas Joshi,25-06-2022,Gurugram,
4593,Rahul Patel,26-05-2021,Lucknow,new
4594,Rahul Sharma,18-04-2021,Nagpur,Repeat
4595,Sneha Yadav,24-08-2024,Jaipur,New
4596,Sneha Joshi,08-04-2024,Nagpur,new
4597,Neha Patel,14-04-2025,Bhubaneswar,new
4598,Priya Mehta,24-12-2021,Bhubaneswar,Repeat
4599,Vikas Kumar,29-11-2024,Jaipur,repeat
4600,Rohit Joshi,27-02-2023,Kolkata,New
4601,Sneha Kumar,09-05-2024,Delhi,new
4602,Amit Mehta,14-10-2024,Jaipur,
4603,Vikas Joshi,16-10-2023,Indore,New
4604,Neha Sharma,03-11-2020,Kolkata,Repeat
4605,Neha Singh,27-04-2023,Kolkata,New
4606,Vikas Gupta,03-07-2021,Bangalore,new
4607,Rohit Verma,13-04-2022,Lucknow,new
4608,Neha Mehta,22-05-2023,Hyderabad,Repeat
4609,Anjali Kumar,25-04-2020,Noida,repeat
4610,Priya Singh,06-05-2023,Ahmedabad,New
4611,Rohit Das,16-04-2021,Raipur,new
4612,Sneha Yadav,03-03-2020,Raipur,
4613,Neha Gupta,05-01-2022,Jaipur,repeat
4614,Sneha Joshi,06-01-2020,Jaipur,Repeat
4615,Anjali Gupta,07-10-2024,Gurugram,repeat
4616,Rahul Gupta,02-11-2025,Pune,
4617,Priya Verma,23-03-2024,Bhubaneswar,repeat
4618,Anjali Joshi,08-07-2022,Jaipur,Repeat
4619,Rohit Yadav,20-12-2023,Lucknow,repeat
4620,Amit Patel,08-05-2025,Jaipur,repeat
4621,Rohit Mehta,04-07-2025,Bhubaneswar,New
4622,Arjun Gupta,09-11-2025,Kolkata,Repeat
4623,Rohit Verma,22-04-2020,Noida,
4624,Rohit Singh,04-11-2022,Indore,New
4625,Sneha Verma,10-12-2024,Pune,
4626,Priya Joshi,07-12-2025,Udaipur,Repeat
4627,Neha Patel,06-07-2022,Indore,Repeat
4628,Vikas Mehta,16-09-2024,Gurugram,
4629,Pooja Patel,17-12-2023,Pune,new
4630,Rohit Singh,18-07-2022,Delhi,New
4631,Neha Yadav,09-09-2020,Surat,
4632,Priya Das,20-05-2024,Surat,repeat
4633,Rohit Gupta,08-06-2020,Raipur,new
4634,Priya Kumar,26-10-2025,Udaipur,New
4635,Arjun Mehta,12-01-2020,Raipur,
4636,Pooja Das,20-07-2021,Surat,New
4637,Anjali Das,12-07-2020,Ahmedabad,Repeat
4638,Sneha Kumar,08-01-2024,Lucknow,Repeat
4639,Sneha Verma,20-04-2024,Hyderabad,
4640,Neha Verma,03-11-2020,Jaipur,new
4641,Vikas Das,07-02-2023,Kolkata,
4642,Arjun Das,15-08-2021,Indore,new
4643,Rahul Kumar,26-02-2020,Nagpur,
4644,Rahul Patel,23-04-2023,Chennai,Repeat
4645,Rohit Joshi,28-09-2020,Indore,Repeat
4646,Rahul Patel,07-05-2020,Indore,new
4647,Rahul Yadav,03-10-2020,Bhubaneswar,New
4648,Vikas Yadav,12-06-2025,Nagpur,
4649,Neha Das,04-03-2022,Gurugram,repeat
4650,Vikas Singh,03-08-2024,Kolkata,New
4651,Amit Kumar,02-05-2020,Indore,Repeat
4652,Rohit Kumar,08-12-2023,Udaipur,
4653,Sneha Sharma,07-01-2023,Bhubaneswar,New
4654,Vikas Kumar,09-09-2021,Delhi,New
4655,Amit Singh,11-12-2024,Ahmedabad,
4656,Amit Das,25-12-2020,Noida,repeat
4657,Sneha Yadav,20-11-2022,Pune,Repeat
4658,Vikas Patel,28-07-2022,Kolkata,New
4659,Arjun Kumar,16-11-2024,Hyderabad,repeat
4660,Sneha Patel,18-10-2023,Jaipur,
4661,Anjali Verma,15-08-2021,Kolkata,new
4662,Amit Gupta,21-08-2024,Bhubaneswar,
4663,Priya Singh,11-12-2025,Ahmedabad,New
4664,Vikas Sharma,21-08-2022,Pune,
4665,Arjun Mehta,03-02-2020,Chennai,New
4666,Arjun Kumar,17-05-2021,Bangalore,Repeat
4667,Rohit Yadav,04-08-2024,Kolkata,
4668,Priya Mehta,07-10-2021,Bangalore,new
4669,Pooja Mehta,03-05-2021,Kolkata,repeat
4670,Arjun Mehta,03-10-2025,Nagpur,repeat
4671,Arjun Das,22-02-2021,Pune,Repeat
4672,Rahul Mehta,16-06-2021,Delhi,new
4673,Arjun Mehta,10-06-2020,Kolkata,repeat
4674,Rahul Sharma,12-10-2022,Mumbai,repeat
4675,Pooja Gupta,19-02-2025,Indore,repeat
4676,Sneha Kumar,06-04-2025,Kolkata,
4677,Priya Yadav,04-09-2024,Ahmedabad,repeat
4678,Vikas Sharma,08-04-2024,Nagpur,new
4679,Rohit Kumar,24-01-2023,Gurugram,
4680,Priya Verma,25-02-2025,Nagpur,Repeat
4681,Vikas Sharma,28-06-2024,Jaipur,Repeat
4682,Rohit Singh,23-03-2025,Kolkata,new
4683,Rahul Verma,09-01-2021,Nagpur,
4684,Pooja Verma,10-05-2024,Noida,new
4685,Vikas Verma,06-12-2021,Kolkata,new
4686,Priya Mehta,19-10-2025,Jaipur,Repeat
4687,Neha Das,17-07-2025,Indore,Repeat
4688,Anjali Sharma,29-07-2021,Lucknow,Repeat
4689,Amit Patel,22-11-2022,Bangalore,Repeat
4690,Rohit Yadav,12-03-2024,Ahmedabad,repeat
4691,Pooja Singh,26-12-2023,Hyderabad,Repeat
4692,Arjun Singh,17-01-2021,Udaipur,new
4693,Rahul Patel,27-07-2025,Pune,Repeat
4694,Rahul Sharma,29-07-2022,Kolkata,repeat
4695,Sneha Kumar,29-12-2021,Pune,Repeat
4696,Amit Singh,04-02-2020,Nagpur,new
4697,Sneha Mehta,29-08-2023,Mumbai,Repeat
4698,Priya Mehta,30-12-2023,Noida,
4699,Rohit Sharma,06-04-2020,Indore,Repeat
4700,Arjun Das,05-11-2023,Chennai,New
4701,Pooja Joshi,15-02-2022,Bhubaneswar,New
4702,Rohit Patel,06-08-2025,Udaipur,new
4703,Pooja Das,07-05-2020,Nagpur,New
4704,Sneha Mehta,27-08-2022,Jaipur,new
4705,Anjali Gupta,11-06-2024,Jaipur,Repeat
4706,Neha Patel,12-01-2020,Noida,
4707,Priya Joshi,20-08-2024,Indore,New
4708,Amit Das,21-05-2022,Chennai,repeat
4709,Anjali Mehta,17-10-2024,Lucknow,new
4710,Anjali Verma,02-03-2022,Nagpur,New
4711,Arjun Sharma,06-12-2022,Noida,new
4712,Vikas Singh,07-03-2024,Hyderabad,New
4713,Sneha Sharma,17-11-2020,Surat,repeat
4714,Priya Joshi,12-01-2025,Raipur,Repeat
4715,Pooja Yadav,04-10-2025,Jaipur,repeat
4716,Sneha Das,29-05-2020,Raipur,new
4717,Priya Kumar,23-07-2020,Kolkata,
4718,Amit Gupta,19-10-2024,Jaipur,new
4719,Rohit Joshi,13-08-2021,Hyderabad,New
4720,Rohit Mehta,06-06-2021,Indore,new
4721,Priya Verma,31-01-2024,Gurugram,repeat
4722,Sneha Yadav,17-02-2022,Noida,
4723,Pooja Das,01-10-2022,Ahmedabad,Repeat
4724,Arjun Singh,12-06-2023,Mumbai,repeat
4725,Amit Das,25-12-2022,Gurugram,New
4726,Neha Singh,21-07-2024,Bhubaneswar,Repeat
4727,Priya Patel,19-09-2021,Gurugram,new
4728,Priya Kumar,20-08-2020,Raipur,
4729,Amit Yadav,22-07-2020,Raipur,Repeat
4730,Pooja Patel,26-07-2023,Kolkata,New
4731,Vikas Patel,26-04-2021,Ahmedabad,repeat
4732,Amit Sharma,22-07-2024,Udaipur,New
4733,Amit Sharma,10-11-2024,Ahmedabad,Repeat
4734,Vikas Singh,11-01-2020,Udaipur,new
4735,Anjali Patel,01-07-2023,Lucknow,
4736,Sneha Kumar,04-03-2024,Mumbai,New
4737,Anjali Das,02-02-2025,Surat,New
4738,Arjun Verma,05-06-2024,Bhubaneswar,Repeat
4739,Vikas Joshi,24-06-2024,Ahmedabad,repeat
4740,Priya Sharma,20-05-2023,Nagpur,New
4741,Neha Das,29-05-2022,Noida,repeat
4742,Neha Joshi,07-07-2023,Bangalore,repeat
4743,Sneha Yadav,21-04-2020,Raipur,New
4744,Anjali Mehta,22-03-2021,Kolkata,new
4745,Anjali Das,30-04-2024,Raipur,New
4746,Vikas Patel,02-07-2023,Lucknow,
4747,Sneha Singh,28-02-2021,Kolkata,New
4748,Pooja Yadav,24-02-2022,Jaipur,New
4749,Rohit Yadav,15-10-2023,Noida,
4750,Sneha Yadav,25-04-2020,Lucknow,
4751,Sneha Mehta,09-08-2020,Jaipur,repeat
4752,Neha Das,01-07-2025,Udaipur,
4753,Anjali Das,16-03-2025,Mumbai,New
4754,Sneha Verma,22-10-2025,Nagpur,Repeat
4755,Sneha Das,30-04-2021,Nagpur,repeat
4756,Rohit Kumar,25-12-2022,Mumbai,
4757,Rahul Singh,08-02-2021,Ahmedabad,repeat
4758,Amit Singh,22-11-2020,Raipur,repeat
4759,Sneha Mehta,12-08-2025,Pune,new
4760,Rahul Das,10-02-2025,Kolkata,Repeat
4761,Anjali Kumar,16-12-2024,Surat,Repeat
4762,Rahul Mehta,31-05-2022,Raipur,
4763,Pooja Sharma,08-01-2021,Nagpur,New
4764,Vikas Kumar,23-03-2024,Jaipur,New
4765,Priya Yadav,08-02-2025,Delhi,new
4766,Neha Gupta,07-12-2023,Raipur,new
4767,Priya Das,02-05-2020,Gurugram,
4768,Arjun Sharma,24-05-2025,Chennai,new
4769,Neha Singh,06-01-2020,Nagpur,Repeat
4770,Arjun Verma,22-06-2022,Delhi,Repeat
4771,Vikas Joshi,19-07-2023,Ahmedabad,repeat
4772,Vikas Sharma,06-05-2020,Jaipur,repeat
4773,Priya Patel,13-08-2021,Raipur,Repeat
4774,Rahul Patel,03-08-2021,Lucknow,repeat
4775,Rahul Sharma,01-10-2025,Bangalore,New
4776,Pooja Das,25-08-2025,Mumbai,New
4777,Amit Sharma,03-08-2025,Chennai,new
4778,Vikas Verma,25-06-2020,Chennai,New
4779,Rahul Singh,30-10-2020,Bangalore,repeat
4780,Arjun Gupta,05-06-2020,Jaipur,
4781,Sneha Gupta,26-02-2023,Chennai,repeat
4782,Arjun Kumar,29-10-2025,Surat,repeat
4783,Amit Patel,06-02-2022,Surat,Repeat
4784,Vikas Patel,04-10-2023,Nagpur,repeat
4785,Rahul Sharma,16-01-2020,Indore,New
4786,Amit Singh,04-04-2020,Delhi,new
4787,Vikas Das,25-08-2024,Bhubaneswar,new
4788,Rohit Singh,20-01-2023,Ahmedabad,Repeat
4789,Rohit Mehta,08-03-2024,Raipur,repeat
4790,Priya Singh,18-07-2023,Jaipur,New
4791,Sneha Sharma,12-07-2025,Bhubaneswar,Repeat
4792,Rohit Mehta,07-08-2020,Raipur,Repeat
4793,Rohit Gupta,28-02-2022,Hyderabad,
4794,Rahul Mehta,05-06-2025,Jaipur,Repeat
4795,Arjun Gupta,07-09-2023,Kolkata,new
4796,Neha Kumar,16-01-2021,Delhi,repeat
4797,Rohit Sharma,07-01-2024,Noida,New
4798,Pooja Das,22-01-2022,Bangalore,new
4799,Rahul Kumar,18-06-2025,Nagpur,new
4800,Sneha Gupta,20-03-2023,Chennai,New
4801,Amit Das,23-03-2020,Delhi,repeat
4802,Sneha Sharma,17-06-2021,Hyderabad,
4803,Neha Verma,18-07-2024,Raipur,Repeat
4804,Vikas Mehta,14-01-2022,Surat,repeat
4805,Amit Singh,19-02-2020,Pune,new
4806,Sneha Singh,08-05-2020,Mumbai,Repeat
4807,Vikas Yadav,05-04-2020,Chennai,repeat
4808,Rohit Verma,13-09-2023,Nagpur,new
4809,Vikas Singh,15-09-2023,Indore,New
4810,Pooja Verma,25-05-2021,Hyderabad,repeat
4811,Priya Sharma,26-02-2024,Lucknow,New
4812,Pooja Singh,03-09-2020,Nagpur,New
4813,Rohit Singh,01-10-2023,Delhi,New
4814,Vikas Kumar,18-10-2023,Mumbai,
4815,Neha Patel,08-11-2020,Indore,Repeat
4816,Priya Verma,26-03-2022,Raipur,
4817,Arjun Mehta,26-04-2023,Mumbai,repeat
4818,Anjali Joshi,27-12-2020,Kolkata,
4819,Vikas Patel,28-02-2023,Nagpur,new
4820,Amit Singh,28-10-2023,Chennai,repeat
4821,Neha Patel,05-08-2025,Udaipur,repeat
4822,Priya Yadav,10-02-2025,Hyderabad,New
4823,Priya Patel,03-01-2023,Delhi,Repeat
4824,Rohit Kumar,16-12-2020,Kolkata,New
4825,Rahul Patel,17-09-2021,Bhubaneswar,
4826,Rahul Gupta,19-04-2023,Surat,Repeat
4827,Rahul Joshi,15-10-2021,Mumbai,
4828,Amit Yadav,24-11-2020,Lucknow,
4829,Priya Mehta,15-01-2021,Nagpur,
4830,Sneha Gupta,23-12-2024,Chennai,new
4831,Vikas Yadav,21-11-2021,Bangalore,repeat
4832,Rohit Kumar,11-04-2021,Bangalore,New
4833,Arjun Patel,23-06-2025,Bhubaneswar,repeat
4834,Priya Patel,17-09-2022,Mumbai,Repeat
4835,Rahul Verma,02-01-2023,Udaipur,
4836,Arjun Gupta,26-10-2023,Hyderabad,New
4837,Neha Gupta,01-10-2023,Hyderabad,New
4838,Rahul Yadav,12-07-2024,Hyderabad,Repeat
4839,Priya Joshi,27-04-2025,Pune,repeat
4840,Amit Joshi,25-02-2024,Raipur,New
4841,Vikas Kumar,24-10-2021,Ahmedabad,new
4842,Amit Das,16-11-2022,Udaipur,New
4843,Neha Yadav,09-04-2023,Nagpur,repeat
4844,Amit Joshi,15-09-2022,Noida,
4845,Vikas Mehta,21-07-2023,Chennai,new
4846,Vikas Yadav,06-03-2021,Surat,
4847,Sneha Gupta,17-02-2021,Chennai,repeat
4848,Anjali Patel,04-02-2024,Kolkata,repeat
4849,Anjali Kumar,26-02-2023,Raipur,
4850,Rahul Das,03-12-2021,Indore,repeat
4851,Vikas Gupta,18-12-2024,Bhubaneswar,
4852,Sneha Das,22-04-2023,Jaipur,new
4853,Priya Kumar,01-04-2022,Hyderabad,
4854,Rohit Gupta,27-01-2023,Mumbai,New
4855,Amit Verma,30-11-2021,Jaipur,
4856,Rohit Verma,12-04-2020,Jaipur,new
4857,Arjun Verma,11-09-2023,Indore,
4858,Anjali Singh,20-06-2025,Hyderabad,New
4859,Anjali Das,29-09-2023,Kolkata,repeat
4860,Priya Mehta,17-01-2022,Surat,New
4861,Priya Kumar,02-03-2023,Ahmedabad,
4862,Pooja Patel,04-04-2022,Gurugram,new
4863,Rahul Yadav,05-03-2025,Bhubaneswar,Repeat
4864,Sneha Joshi,25-05-2024,Lucknow,Repeat
4865,Arjun Joshi,18-05-2023,Delhi,repeat
4866,Priya Mehta,05-04-2024,Bhubaneswar,repeat
4867,Rahul Gupta,06-01-2025,Ahmedabad,Repeat
4868,Anjali Kumar,27-04-2023,Ahmedabad,Repeat
4869,Amit Yadav,18-11-2023,Surat,New
4870,Priya Das,23-09-2020,Chennai,Repeat
4871,Rahul Joshi,12-01-2024,Udaipur,new
4872,Rohit Kumar,22-01-2021,Noida,New
4873,Anjali Kumar,27-02-2025,Chennai,Repeat
4874,Rahul Verma,09-12-2024,Raipur,
4875,Arjun Verma,21-07-2024,Indore,New
4876,Arjun Patel,04-11-2025,Hyderabad,
4877,Pooja Sharma,11-02-2023,Chennai,repeat
4878,Amit Gupta,07-04-2022,Ahmedabad,Repeat
4879,Amit Gupta,08-02-2025,Surat,new
4880,Vikas Gupta,15-02-2025,Kolkata,repeat
4881,Priya Gupta,17-06-2023,Lucknow,repeat
4882,Rahul Yadav,26-01-2020,Jaipur,
4883,Neha Kumar,18-10-2021,Lucknow,new
4884,Priya Joshi,13-08-2023,Raipur,Repeat
4885,Amit Singh,27-07-2021,Nagpur,new
4886,Pooja Mehta,06-10-2022,Ahmedabad,new
4887,Vikas Mehta,18-09-2025,Pune,Repeat
4888,Neha Das,23-11-2024,Bhubaneswar,new
4889,Priya Verma,13-03-2023,Noida,Repeat
4890,Rahul Patel,06-05-2022,Mumbai,
4891,Priya Singh,23-04-2020,Chennai,
4892,Arjun Sharma,27-05-2024,Ahmedabad,repeat
4893,Anjali Yadav,10-10-2021,Ahmedabad,New
4894,Neha Kumar,14-04-2020,Ahmedabad,New
4895,Vikas Singh,04-08-2020,Pune,new
4896,Rohit Gupta,12-05-2022,Raipur,New
4897,Anjali Das,13-04-2024,Delhi,Repeat
4898,Sneha Gupta,25-03-2023,Noida,new
4899,Amit Mehta,08-02-2024,Jaipur,Repeat
4900,Arjun Yadav,23-01-2023,Bangalore,Repeat
4901,Vikas Singh,17-02-2023,Raipur,repeat
4902,Neha Yadav,24-01-2025,Bhubaneswar,Repeat
4903,Pooja Joshi,15-01-2023,Mumbai,Repeat
4904,Sneha Joshi,20-09-2024,Kolkata,repeat
4905,Priya Mehta,29-04-2022,Nagpur,New
4906,Rahul Patel,17-03-2021,Kolkata,
4907,Vikas Patel,23-11-2024,Udaipur,New
4908,Priya Joshi,04-08-2022,Bangalore,New
4909,Neha Patel,27-07-2024,Delhi,new
4910,Arjun Patel,14-05-2022,Gurugram,new
4911,Amit Das,18-02-2020,Ahmedabad,New
4912,Sneha Joshi,26-10-2020,Jaipur,repeat
4913,Rahul Singh,04-02-2023,Raipur,New
4914,Rahul Singh,22-03-2021,Mumbai,repeat
4915,Sneha Joshi,22-02-2022,Udaipur,Repeat
4916,Arjun Patel,01-09-2023,Bhubaneswar,New
4917,Anjali Yadav,19-12-2025,Bangalore,Repeat
4918,Arjun Gupta,29-12-2024,Chennai,repeat
4919,Arjun Joshi,18-04-2020,Kolkata,Repeat
4920,Sneha Joshi,24-12-2021,Hyderabad,
4921,Anjali Patel,01-06-2025,Udaipur,repeat
4922,Pooja Singh,16-05-2022,Hyderabad,New
4923,Rahul Verma,03-06-2021,Gurugram,new
4924,Pooja Das,16-12-2024,Hyderabad,New
4925,Rohit Gupta,03-04-2021,Chennai,new
4926,Sneha Mehta,12-10-2021,Nagpur,new
4927,Sneha Patel,12-08-2020,Pune,Repeat
4928,Anjali Yadav,05-11-2020,Lucknow,new
4929,Rahul Mehta,21-02-2020,Mumbai,New
4930,Sneha Singh,06-04-2020,Hyderabad,New
4931,Vikas Kumar,18-06-2023,Lucknow,new
4932,Anjali Singh,21-12-2025,Bangalore,Repeat
4933,Priya Joshi,01-06-2023,Jaipur,New
4934,Rohit Kumar,03-04-2021,Kolkata,
4935,Priya Verma,25-06-2024,Ahmedabad,Repeat
4936,Pooja Joshi,27-04-2020,Bhubaneswar,
4937,Neha Verma,22-07-2020,Bhubaneswar,repeat
4938,Vikas Gupta,06-12-2023,Raipur,repeat
4939,Anjali Sharma,29-03-2020,Noida,repeat
4940,Neha Yadav,25-04-2025,Noida,repeat
4941,Rohit Patel,13-12-2023,Bhubaneswar,Repeat
4942,Pooja Patel,28-05-2024,Chennai,Repeat
4943,Rahul Kumar,11-02-2024,Noida,
4944,Anjali Patel,20-03-2022,Ahmedabad,
4945,Vikas Mehta,10-04-2022,Pune,repeat
4946,Sneha Joshi,04-10-2025,Jaipur,
4947,Vikas Kumar,19-03-2021,Jaipur,new
4948,Amit Mehta,14-03-2023,Hyderabad,
4949,Amit Singh,02-07-2020,Hyderabad,new
4950,Vikas Kumar,20-04-2024,Delhi,New
4951,Priya Kumar,03-12-2021,Gurugram,repeat
4952,Anjali Joshi,17-09-2024,Ahmedabad,new
4953,Vikas Mehta,29-02-2020,Lucknow,Repeat
4954,Pooja Mehta,06-03-2021,Udaipur,Repeat
4955,Sneha Patel,02-02-2023,Udaipur,New
4956,Vikas Singh,26-04-2020,Nagpur,New
4957,Anjali Joshi,12-09-2022,Bangalore,Repeat
4958,Rohit Yadav,07-12-2021,Jaipur,new
4959,Anjali Kumar,05-09-2021,Lucknow,Repeat
4960,Rahul Das,21-04-2025,Ahmedabad,
4961,Anjali Mehta,09-07-2024,Indore,Repeat
4962,Amit Sharma,15-12-2022,Jaipur,Repeat
4963,Neha Gupta,25-10-2022,Lucknow,New
4964,Rahul Verma,29-04-2021,Udaipur,New
4965,Neha Kumar,12-02-2025,Kolkata,new
4966,Pooja Sharma,11-09-2022,Jaipur,
4967,Rahul Kumar,27-09-2025,Nagpur,new
4968,Priya Mehta,18-01-2023,Raipur,Repeat
4969,Pooja Das,11-06-2020,Bhubaneswar,new
4970,Neha Joshi,20-05-2025,Surat,repeat
4971,Amit Singh,05-01-2021,Bangalore,new
4972,Priya Verma,11-03-2023,Raipur,
4973,Rahul Sharma,08-09-2022,Nagpur,New
4974,Pooja Gupta,28-11-2025,Udaipur,
4975,Neha Singh,07-05-2025,Raipur,new
4976,Arjun Das,03-07-2025,Pune,
4977,Anjali Verma,21-02-2021,Delhi,repeat
4978,Neha Yadav,07-02-2022,Mumbai,
4979,Rohit Patel,29-10-2020,Surat,repeat
4980,Arjun Sharma,18-05-2022,Surat,repeat
4981,Pooja Singh,09-04-2025,Nagpur,new
4982,Rahul Singh,28-04-2023,Nagpur,Repeat
4983,Sneha Singh,25-05-2022,Delhi,new
4984,Neha Yadav,30-07-2020,Raipur,Repeat
4985,Rahul Das,09-02-2020,Mumbai,New
4986,Pooja Singh,29-06-2020,Nagpur,new
4987,Neha Verma,03-12-2025,Mumbai,Repeat
4988,Pooja Verma,15-04-2021,Surat,new
4989,Pooja Mehta,24-04-2025,Pune,New
4990,Anjali Verma,15-04-2024,Bangalore,
4991,Rahul Mehta,01-02-2025,Nagpur,Repeat
4992,Anjali Sharma,12-06-2021,Udaipur,repeat
4993,Arjun Verma,25-03-2024,Jaipur,Repeat
4994,Neha Patel,09-11-2025,Ahmedabad,New
4995,Pooja Sharma,02-01-2020,Nagpur,new
4996,Anjali Joshi,23-03-2023,Pune,New
4997,Pooja Verma,06-04-2023,Bhubaneswar,New
4998,Rahul Gupta,15-03-2023,Ahmedabad,new
4999,Vikas Singh,26-07-2020,Raipur,new
5000,Priya Singh,01-11-2023,Ahmedabad,new
5001,Amit Yadav,13-01-2020,Jaipur,repeat
5002,Sneha Mehta,12-12-2022,Kolkata,
5003,Arjun Verma,11-11-2022,Kolkata,New
5004,Priya Mehta,20-02-2024,Noida,repeat
5005,Amit Verma,14-12-2023,Lucknow,repeat
5006,Neha Verma,14-10-2023,Chennai,repeat
5007,Sneha Das,12-05-2023,Mumbai,New
5008,Priya Mehta,30-03-2025,Chennai,repeat
5009,Vikas Joshi,25-03-2024,Mumbai,repeat
5010,Neha Yadav,30-01-2025,Delhi,
5011,Pooja Sharma,16-07-2023,Hyderabad,
5012,Rahul Singh,14-12-2023,Bhubaneswar,repeat
5013,Rahul Gupta,09-09-2023,Udaipur,New
5014,Priya Patel,02-05-2021,Surat,repeat
5015,Neha Gupta,07-11-2022,Delhi,new
5016,Sneha Das,26-08-2021,Udaipur,repeat
5017,Anjali Das,08-06-2021,Noida,
5018,Arjun Yadav,31-07-2025,Udaipur,repeat
5019,Amit Yadav,03-09-2021,Gurugram,New
5020,Amit Mehta,08-01-2024,Bhubaneswar,New
5021,Vikas Singh,11-06-2021,Jaipur,new
5022,Priya Sharma,24-05-2021,Bangalore,repeat
5023,Amit Gupta,29-03-2023,Udaipur,repeat
5024,Sneha Mehta,27-10-2025,Mumbai,Repeat
5025,Rohit Verma,17-07-2020,Hyderabad,repeat
5026,Arjun Joshi,11-03-2020,Lucknow,Repeat
5027,Pooja Joshi,20-05-2021,Kolkata,repeat
5028,Vikas Das,16-05-2024,Pune,repeat
5029,Rohit Yadav,20-01-2021,Lucknow,New
5030,Arjun Patel,10-07-2025,Mumbai,
5031,Amit Das,24-11-2021,Raipur,New
5032,Pooja Joshi,04-07-2025,Kolkata,New
5033,Rahul Kumar,16-04-2025,Lucknow,repeat
5034,Amit Joshi,14-11-2025,Bangalore,repeat
5035,Priya Gupta,27-01-2023,Ahmedabad,Repeat
5036,Rahul Verma,20-12-2022,Bhubaneswar,Repeat
5037,Priya Mehta,07-04-2024,Bhubaneswar,New
5038,Rahul Gupta,06-12-2022,Chennai,
5039,Rohit Mehta,04-07-2024,Bangalore,Repeat
5040,Rahul Yadav,30-05-2020,Indore,New
5041,Sneha Verma,13-09-2022,Bhubaneswar,Repeat
5042,Priya Kumar,10-10-2025,Indore,
5043,Sneha Yadav,21-01-2023,Kolkata,new
5044,Vikas Joshi,15-02-2025,Hyderabad,new
5045,Rohit Patel,25-04-2022,Noida,
5046,Rohit Joshi,23-03-2020,Chennai,Repeat
5047,Sneha Verma,25-06-2021,Bhubaneswar,repeat
5048,Pooja Verma,21-12-2024,Noida,
5049,Rohit Joshi,21-07-2024,Bhubaneswar,repeat
5050,Sneha Joshi,01-05-2020,Hyderabad,New
5051,Arjun Kumar,22-03-2025,Mumbai,New
5052,Vikas Patel,12-04-2021,Noida,repeat
5053,Anjali Mehta,22-10-2020,Bangalore,new
5054,Neha Patel,21-04-2021,Lucknow,new
5055,Rahul Patel,09-04-2023,Lucknow,new
5056,Priya Sharma,03-12-2025,Delhi,Repeat
5057,Rahul Mehta,21-08-2020,Jaipur,New
5058,Rahul Sharma,04-01-2025,Kolkata,
5059,Arjun Das,08-04-2025,Nagpur,New
5060,Rohit Singh,31-05-2024,Bhubaneswar,repeat
5061,Vikas Sharma,27-04-2024,Lucknow,New
5062,Anjali Kumar,11-08-2024,Hyderabad,repeat
5063,Sneha Sharma,19-02-2020,Indore,new
5064,Sneha Gupta,22-05-2021,Delhi,
5065,Vikas Gupta,15-12-2023,Bhubaneswar,new
5066,Pooja Gupta,16-06-2020,Raipur,repeat
5067,Sneha Yadav,07-03-2024,Chennai,New
5068,Arjun Mehta,30-03-2021,Indore,new
5069,Sneha Gupta,25-10-2020,Mumbai,repeat
5070,Pooja Yadav,14-08-2024,Mumbai,new
5071,Rohit Verma,13-12-2022,Mumbai,repeat
5072,Vikas Kumar,28-06-2025,Surat,Repeat
5073,Pooja Singh,28-05-2024,Gurugram,New
5074,Arjun Singh,01-07-2021,Hyderabad,Repeat
5075,Rohit Yadav,03-12-2020,Noida,Repeat
5076,Arjun Sharma,28-10-2022,Mumbai,
5077,Rohit Mehta,29-01-2024,Hyderabad,Repeat
5078,Amit Kumar,23-06-2024,Pune,Repeat
5079,Neha Verma,26-08-2020,Bangalore,New
5080,Rahul Kumar,03-06-2025,Noida,new
5081,Arjun Joshi,19-05-2021,Mumbai,Repeat
5082,Rahul Gupta,15-03-2022,Raipur,new
5083,Vikas Verma,15-08-2025,Noida,
5084,Vikas Kumar,21-04-2022,Mumbai,new
5085,Neha Kumar,20-11-2023,Chennai,
5086,Rohit Verma,13-01-2021,Mumbai,
5087,Vikas Verma,02-06-2023,Lucknow,Repeat
5088,Sneha Gupta,17-03-2024,Chennai,New
5089,Neha Yadav,18-10-2020,Indore,New
5090,Arjun Joshi,09-02-2021,Delhi,
5091,Neha Joshi,09-02-2020,Bhubaneswar,New
5092,Priya Das,21-06-2020,Chennai,
5093,Arjun Kumar,28-10-2022,Nagpur,New
5094,Arjun Yadav,26-01-2025,Kolkata,
5095,Sneha Gupta,20-06-2021,Chennai,Repeat
5096,Rohit Joshi,15-01-2022,Kolkata,Repeat
5097,Arjun Gupta,22-11-2024,Gurugram,repeat
5098,Arjun Verma,18-12-2023,Raipur,New
5099,Anjali Verma,08-12-2020,Indore,
5100,Anjali Sharma,03-05-2024,Indore,New
5101,Vikas Das,18-05-2025,Bangalore,New
5102,Rahul Joshi,30-10-2021,Lucknow,Repeat
5103,Sneha Patel,29-11-2020,Surat,New
5104,Rohit Singh,12-04-2025,Chennai,Repeat
5105,Rohit Patel,08-10-2022,Udaipur,new
5106,Neha Yadav,18-10-2024,Udaipur,
5107,Pooja Joshi,04-05-2024,Ahmedabad,repeat
5108,Arjun Patel,05-04-2020,Chennai,repeat
5109,Anjali Joshi,19-09-2024,Bhubaneswar,New
5110,Priya Yadav,23-02-2020,Mumbai,New
5111,Amit Singh,16-07-2021,Indore,Repeat
5112,Amit Yadav,03-09-2021,Chennai,repeat
5113,Rahul Mehta,23-08-2024,Jaipur,repeat
5114,Vikas Joshi,09-05-2020,Mumbai,
5115,Pooja Sharma,06-08-2025,Kolkata,repeat
5116,Sneha Gupta,06-08-2023,Bhubaneswar,Repeat
5117,Neha Kumar,31-07-2024,Udaipur,New
5118,Anjali Das,10-07-2021,Kolkata,new
5119,Arjun Joshi,20-02-2022,Nagpur,new
5120,Rohit Kumar,14-03-2021,Kolkata,repeat
5121,Pooja Mehta,05-06-2023,Hyderabad,Repeat
5122,Vikas Gupta,17-11-2020,Kolkata,New
5123,Rahul Gupta,28-06-2025,Lucknow,New
5124,Neha Yadav,21-08-2025,Lucknow,repeat
5125,Rohit Kumar,27-10-2020,Raipur,new
5126,Anjali Kumar,17-07-2025,Indore,new
5127,Vikas Patel,17-05-2023,Delhi,New
5128,Priya Mehta,14-10-2021,Surat,repeat
5129,Neha Verma,09-09-2024,Mumbai,New
5130,Sneha Verma,27-12-2020,Nagpur,repeat
5131,Vikas Joshi,31-01-2025,Surat,New
5132,Sneha Mehta,18-04-2022,Hyderabad,New
5133,Arjun Das,10-11-2025,Pune,
5134,Anjali Mehta,28-06-2022,Noida,
5135,Sneha Yadav,28-06-2022,Kolkata,New
5136,Neha Mehta,25-09-2021,Jaipur,repeat
5137,Vikas Sharma,09-05-2023,Delhi,new
5138,Vikas Joshi,01-03-2020,Mumbai,Repeat
5139,Sneha Yadav,20-11-2022,Indore,Repeat
5140,Rohit Das,05-10-2023,Lucknow,
5141,Neha Mehta,08-03-2023,Nagpur,
5142,Amit Gupta,04-01-2022,Lucknow,new
5143,Vikas Das,31-12-2022,Bangalore,new
5144,Neha Mehta,17-03-2020,Mumbai,Repeat
5145,Arjun Yadav,05-05-2023,Noida,New
5146,Rohit Joshi,26-03-2021,Gurugram,
5147,Rohit Verma,12-11-2021,Noida,new
5148,Rahul Sharma,18-04-2020,Pune,new
5149,Sneha Das,25-01-2020,Pune,new
5150,Rohit Singh,21-03-2025,Surat,repeat
5151,Vikas Gupta,01-07-2023,Nagpur,
5152,Neha Verma,08-06-2020,Surat,New
5153,Rohit Gupta,25-04-2022,Bangalore,repeat
5154,Arjun Yadav,06-04-2020,Jaipur,Repeat
5155,Arjun Das,02-04-2024,Surat,Repeat
5156,Rohit Verma,06-05-2020,Kolkata,New
5157,Arjun Verma,17-12-2020,Raipur,new
5158,Anjali Das,27-08-2024,Bangalore,Repeat
5159,Sneha Mehta,28-02-2020,Bhubaneswar,Repeat
5160,Rahul Mehta,18-04-2024,Lucknow,new
5161,Sneha Joshi,07-03-2020,Gurugram,
5162,Arjun Joshi,07-11-2021,Pune,repeat
5163,Rohit Sharma,18-08-2023,Udaipur,New
5164,Pooja Yadav,28-04-2025,Bhubaneswar,
5165,Vikas Joshi,01-06-2020,Hyderabad,New
5166,Arjun Patel,18-08-2024,Raipur,Repeat
5167,Amit Singh,13-07-2025,Bhubaneswar,new
5168,Rahul Mehta,30-12-2022,Udaipur,new
5169,Vikas Mehta,23-08-2020,Hyderabad,
5170,Anjali Yadav,01-06-2025,Nagpur,repeat
5171,Rohit Mehta,12-02-2025,Noida,
5172,Arjun Patel,30-05-2025,Indore,repeat
5173,Rahul Verma,17-10-2025,Bangalore,new
5174,Anjali Mehta,29-01-2025,Indore,repeat
5175,Rahul Joshi,17-11-2022,Raipur,repeat
5176,Priya Mehta,05-06-2024,Pune,New
5177,Arjun Verma,08-10-2020,Chennai,
5178,Pooja Das,30-12-2020,Udaipur,
5179,Amit Sharma,14-02-2024,Raipur,new
5180,Neha Das,10-11-2025,Raipur,New
5181,Arjun Kumar,19-07-2022,Hyderabad,new
5182,Pooja Mehta,20-07-2020,Lucknow,New
5183,Neha Patel,01-08-2022,Bhubaneswar,new
5184,Anjali Sharma,16-04-2022,Bangalore,new
5185,Amit Sharma,24-07-2024,Raipur,Repeat
5186,Neha Verma,24-03-2022,Pune,
5187,Pooja Mehta,07-04-2022,Bangalore,Repeat
5188,Amit Kumar,06-09-2021,Kolkata,repeat
5189,Pooja Gupta,02-12-2025,Delhi,repeat
5190,Amit Joshi,17-03-2025,Surat,New
5191,Vikas Das,22-06-2020,Noida,Repeat
5192,Anjali Kumar,05-07-2023,Nagpur,new
5193,Rohit Kumar,21-10-2021,Nagpur,Repeat
5194,Vikas Singh,28-07-2023,Pune,
5195,Sneha Das,26-06-2024,Gurugram,new
5196,Neha Joshi,04-09-2021,Gurugram,repeat
5197,Anjali Singh,08-08-2020,Ahmedabad,new
5198,Vikas Singh,18-07-2025,Bhubaneswar,New
5199,Pooja Patel,15-07-2022,Gurugram,Repeat
5200,Neha Mehta,08-12-2024,Indore,Repeat
5201,Priya Das,19-03-2020,Jaipur,Repeat
5202,Neha Kumar,31-03-2021,Kolkata,new
5203,Amit Patel,18-02-2020,Pune,Repeat
5204,Rohit Kumar,24-09-2020,Jaipur,New
5205,Amit Joshi,23-08-2024,Bangalore,repeat
5206,Rohit Singh,03-03-2021,Chennai,new
5207,Priya Verma,22-06-2021,Bangalore,New
5208,Priya Gupta,02-05-2022,Noida,new
5209,Rahul Kumar,15-12-2021,Raipur,new
5210,Sneha Verma,25-03-2022,Chennai,repeat
5211,Sneha Mehta,24-11-2023,Bhubaneswar,
5212,Arjun Singh,17-05-2021,Delhi,
5213,Amit Joshi,13-06-2020,Udaipur,New
5214,Neha Yadav,03-10-2022,Nagpur,repeat
5215,Rahul Gupta,27-05-2024,Bhubaneswar,New
5216,Sneha Verma,02-08-2021,Pune,New
5217,Pooja Patel,11-10-2025,Chennai,
5218,Neha Patel,14-11-2021,Indore,New
5219,Priya Mehta,24-07-2023,Noida,
5220,Pooja Das,24-07-2023,Noida,new
5221,Vikas Verma,10-03-2022,Kolkata,
5222,Amit Yadav,02-04-2023,Jaipur,
5223,Rohit Joshi,27-09-2023,Bhubaneswar,New
5224,Rahul Yadav,02-03-2023,Bhubaneswar,repeat
5225,Pooja Yadav,09-06-2021,Gurugram,Repeat
5226,Neha Patel,22-06-2022,Noida,New
5227,Amit Yadav,21-06-2022,Bangalore,Repeat
5228,Pooja Verma,25-12-2022,Nagpur,
5229,Neha Singh,20-11-2025,Surat,repeat
5230,Anjali Singh,12-05-2022,Pune,new
5231,Priya Yadav,07-05-2025,Indore,repeat
5232,Pooja Singh,03-10-2021,Gurugram,Repeat
5233,Pooja Das,05-09-2022,Pune,New
5234,Pooja Patel,24-02-2023,Delhi,New
5235,Arjun Singh,19-01-2020,Jaipur,
5236,Rahul Patel,30-03-2021,Lucknow,
5237,Rahul Mehta,01-04-2022,Bhubaneswar,repeat
5238,Pooja Patel,24-05-2023,Hyderabad,repeat
5239,Neha Mehta,21-12-2021,Ahmedabad,new
5240,Rohit Joshi,05-07-2021,Bangalore,Repeat
5241,Neha Joshi,28-09-2021,Nagpur,new
5242,Vikas Joshi,21-09-2024,Hyderabad,new
5243,Priya Das,19-02-2025,Udaipur,repeat
5244,Arjun Yadav,25-08-2025,Nagpur,new
5245,Pooja Singh,06-11-2025,Hyderabad,Repeat
5246,Rahul Mehta,13-06-2023,Gurugram,new
5247,Rahul Sharma,30-01-2020,Pune,new
5248,Amit Kumar,21-03-2020,Lucknow,New
5249,Amit Verma,22-09-2025,Chennai,new
5250,Vikas Mehta,15-07-2021,Noida,Repeat
5251,Rahul Das,26-01-2023,Delhi,repeat
5252,Pooja Singh,01-12-2024,Udaipur,Repeat
5253,Priya Patel,19-12-2025,Gurugram,Repeat
5254,Priya Patel,29-01-2021,Ahmedabad,Repeat
5255,Neha Das,21-05-2023,Bangalore,new
5256,Neha Mehta,24-08-2022,Ahmedabad,new
5257,Pooja Sharma,22-06-2022,Pune,repeat
5258,Vikas Das,19-05-2021,Jaipur,Repeat
5259,Anjali Patel,18-04-2022,Nagpur,repeat
5260,Priya Singh,02-03-2025,Raipur,new
5261,Amit Yadav,25-03-2024,Chennai,New
5262,Priya Mehta,12-12-2021,Bhubaneswar,repeat
5263,Vikas Joshi,01-09-2024,Jaipur,repeat
5264,Vikas Patel,11-08-2021,Nagpur,new
5265,Vikas Kumar,29-10-2022,Pune,new
5266,Pooja Kumar,09-02-2020,Mumbai,new
5267,Rahul Sharma,13-05-2021,Bhubaneswar,Repeat
5268,Priya Das,20-10-2022,Surat,
5269,Anjali Sharma,05-10-2022,Lucknow,
5270,Sneha Gupta,08-11-2022,Bhubaneswar,new
5271,Arjun Kumar,03-12-2020,Noida,New
5272,Anjali Das,10-08-2024,Hyderabad,repeat
5273,Sneha Gupta,13-07-2020,Mumbai,new
5274,Priya Verma,06-01-2022,Pune,repeat
5275,Rohit Singh,10-07-2021,Delhi,New
5276,Vikas Sharma,08-01-2022,Surat,
5277,Arjun Das,06-12-2025,Indore,
5278,Neha Joshi,11-08-2020,Ahmedabad,repeat
5279,Amit Kumar,09-01-2022,Bhubaneswar,repeat
5280,Pooja Mehta,07-12-2021,Indore,repeat
5281,Anjali Sharma,02-03-2025,Indore,new
5282,Anjali Mehta,13-01-2023,Delhi,repeat
5283,Amit Verma,23-08-2022,Gurugram,new
5284,Pooja Yadav,22-02-2024,Udaipur,Repeat
5285,Priya Joshi,16-07-2020,Ahmedabad,New
5286,Neha Das,25-10-2025,Bhubaneswar,new
5287,Arjun Gupta,06-05-2020,Noida,new
5288,Rohit Das,23-08-2022,Ahmedabad,New
5289,Pooja Joshi,03-02-2021,Bangalore,Repeat
5290,Neha Das,19-04-2021,Gurugram,new
5291,Arjun Yadav,04-08-2020,Nagpur,new
5292,Vikas Gupta,06-01-2024,Jaipur,repeat
5293,Rahul Mehta,26-04-2025,Ahmedabad,new
5294,Amit Gupta,22-04-2023,Delhi,New
5295,Rahul Gupta,30-06-2023,Kolkata,repeat
5296,Anjali Mehta,28-04-2025,Lucknow,repeat
5297,Sneha Joshi,21-05-2021,Bangalore,
5298,Rahul Patel,09-12-2024,Chennai,new
5299,Rahul Das,10-05-2021,Gurugram,Repeat
5300,Priya Mehta,05-09-2023,Udaipur,New
5301,Vikas Sharma,08-10-2020,Bhubaneswar,New
5302,Anjali Gupta,29-12-2023,Gurugram,Repeat
5303,Arjun Singh,11-04-2021,Gurugram,
5304,Rahul Das,04-05-2022,Hyderabad,new
5305,Amit Yadav,26-07-2025,Indore,Repeat
5306,Sneha Yadav,20-01-2020,Gurugram,repeat
5307,Rahul Verma,28-02-2020,Gurugram,New
5308,Pooja Joshi,06-10-2021,Pune,new
5309,Pooja Gupta,12-03-2020,Surat,new
5310,Anjali Yadav,24-08-2021,Indore,new
5311,Anjali Yadav,13-01-2024,Lucknow,Repeat
5312,Sneha Kumar,27-01-2023,Bhubaneswar,Repeat
5313,Pooja Gupta,03-10-2025,Pune,new
5314,Amit Joshi,21-11-2022,Nagpur,
5315,Pooja Gupta,01-02-2024,Indore,Repeat
5316,Vikas Mehta,26-07-2024,Nagpur,repeat
5317,Arjun Sharma,21-05-2024,Delhi,
5318,Neha Mehta,18-10-2021,Hyderabad,
5319,Neha Verma,01-06-2025,Bangalore,new
5320,Amit Patel,30-07-2021,Delhi,Repeat
5321,Amit Singh,28-12-2023,Hyderabad,new
5322,Sneha Yadav,08-11-2022,Ahmedabad,Repeat
5323,Pooja Mehta,19-01-2024,Raipur,
5324,Rohit Patel,16-09-2025,Hyderabad,Repeat
5325,Anjali Gupta,12-11-2020,Lucknow,New
5326,Vikas Patel,14-05-2024,Noida,New
5327,Anjali Verma,31-01-2025,Noida,new
5328,Pooja Patel,23-03-2024,Nagpur,New
5329,Sneha Gupta,05-04-2024,Pune,repeat
5330,Neha Kumar,20-09-2020,Jaipur,
5331,Priya Patel,21-08-2020,Noida,Repeat
5332,Arjun Mehta,09-05-2021,Kolkata,
5333,Anjali Mehta,01-04-2023,Gurugram,Repeat
5334,Sneha Patel,06-05-2021,Delhi,Repeat
5335,Neha Verma,01-12-2025,Noida,new
5336,Arjun Mehta,03-04-2022,Jaipur,New
5337,Pooja Sharma,11-05-2024,Chennai,Repeat
5338,Arjun Sharma,06-08-2025,Bangalore,repeat
5339,Sneha Yadav,29-06-2025,Udaipur,Repeat
5340,Vikas Kumar,16-04-2024,Hyderabad,new
5341,Anjali Patel,22-09-2025,Indore,
5342,Rahul Patel,25-03-2023,Jaipur,New
5343,Arjun Kumar,29-03-2021,Kolkata,
5344,Pooja Patel,05-03-2021,Nagpur,
5345,Pooja Yadav,10-04-2024,Noida,
5346,Sneha Kumar,02-05-2023,Chennai,repeat
5347,Rohit Das,06-03-2025,Surat,Repeat
5348,Priya Kumar,03-10-2021,Noida,New
5349,Pooja Yadav,09-03-2022,Hyderabad,Repeat
5350,Rohit Yadav,10-11-2025,Hyderabad,New
5351,Amit Singh,23-11-2020,Bangalore,new
5352,Arjun Sharma,20-10-2023,Surat,new
5353,Anjali Patel,20-02-2024,Indore,Repeat
5354,Vikas Gupta,05-05-2022,Hyderabad,
5355,Priya Mehta,19-01-2021,Pune,new
5356,Priya Gupta,25-04-2021,Bangalore,new
5357,Anjali Patel,10-04-2025,Raipur,
5358,Rohit Patel,10-11-2024,Mumbai,Repeat
5359,Priya Yadav,31-08-2025,Noida,repeat
5360,Sneha Das,12-02-2023,Nagpur,repeat
5361,Rohit Verma,23-07-2020,Gurugram,
5362,Neha Mehta,31-10-2022,Jaipur,
5363,Vikas Mehta,01-09-2022,Hyderabad,repeat
5364,Neha Gupta,26-09-2022,Pune,
5365,Amit Sharma,21-02-2022,Bhubaneswar,
5366,Priya Sharma,13-11-2024,Mumbai,new
5367,Arjun Verma,02-11-2025,Chennai,
5368,Rohit Kumar,09-02-2022,Bangalore,repeat
5369,Anjali Yadav,27-11-2025,Mumbai,
5370,Amit Kumar,25-06-2023,Udaipur,Repeat
5371,Anjali Das,12-10-2022,Surat,Repeat
5372,Rahul Kumar,25-02-2022,Bhubaneswar,new
5373,Sneha Joshi,24-04-2024,Nagpur,Repeat
5374,Amit Joshi,13-02-2021,Udaipur,repeat
5375,Arjun Yadav,21-09-2023,Surat,New
5376,Vikas Kumar,08-05-2022,Lucknow,Repeat
5377,Anjali Joshi,13-07-2020,Noida,New
5378,Priya Kumar,12-04-2022,Bangalore,Repeat
5379,Priya Sharma,02-06-2021,Ahmedabad,Repeat
5380,Rohit Mehta,22-08-2021,Bangalore,New
5381,Amit Sharma,25-06-2023,Delhi,Repeat
5382,Priya Mehta,21-10-2021,Gurugram,Repeat
5383,Anjali Gupta,13-05-2025,Ahmedabad,new
5384,Sneha Singh,17-05-2025,Ahmedabad,Repeat
5385,Priya Singh,22-02-2024,Bangalore,new
5386,Rahul Joshi,05-05-2021,Surat,repeat
5387,Sneha Yadav,31-10-2020,Chennai,new
5388,Priya Singh,27-01-2020,Ahmedabad,repeat
5389,Anjali Mehta,25-11-2020,Mumbai,
5390,Arjun Joshi,26-04-2021,Ahmedabad,
5391,Rahul Das,02-02-2021,Indore,
5392,Neha Sharma,23-03-2025,Bhubaneswar,New
5393,Rohit Yadav,14-04-2020,Jaipur,new
5394,Neha Patel,12-04-2022,Indore,
5395,Rahul Sharma,13-08-2021,Pune,Repeat
5396,Rahul Sharma,31-05-2020,Raipur,
5397,Pooja Patel,03-11-2023,Raipur,New
5398,Rahul Gupta,26-12-2020,Udaipur,New
5399,Neha Singh,21-11-2021,Kolkata,
5400,Priya Sharma,02-02-2022,Raipur,Repeat
5401,Anjali Patel,12-08-2025,Hyderabad,new
5402,Rohit Gupta,11-02-2022,Nagpur,New
5403,Vikas Sharma,29-08-2024,Gurugram,New
5404,Neha Sharma,07-01-2023,Lucknow,Repeat
5405,Priya Verma,27-06-2025,Hyderabad,Repeat
5406,Priya Patel,09-06-2021,Bangalore,repeat
5407,Priya Das,26-06-2022,Pune,new
5408,Sneha Yadav,24-03-2024,Raipur,new
5409,Rahul Joshi,28-01-2021,Noida,New
5410,Sneha Patel,17-05-2024,Ahmedabad,Repeat
5411,Rohit Mehta,28-09-2023,Nagpur,Repeat
5412,Rohit Singh,06-02-2021,Udaipur,repeat
5413,Pooja Yadav,03-04-2025,Hyderabad,
5414,Pooja Joshi,22-09-2025,Pune,Repeat
5415,Neha Yadav,18-06-2023,Surat,repeat
5416,Pooja Gupta,02-03-2023,Chennai,new
5417,Pooja Sharma,10-08-2025,Hyderabad,repeat
5418,Amit Joshi,24-07-2025,Bangalore,new
5419,Pooja Das,05-09-2021,Mumbai,
5420,Anjali Joshi,05-12-2022,Bhubaneswar,New
5421,Neha Verma,09-02-2024,Jaipur,New
5422,Anjali Kumar,20-03-2023,Surat,Repeat
5423,Neha Yadav,12-01-2025,Raipur,
5424,Rahul Das,21-02-2020,Gurugram,repeat
5425,Rohit Gupta,19-04-2020,Delhi,new
5426,Rahul Kumar,13-06-2023,Surat,new
5427,Anjali Kumar,20-01-2024,Chennai,new
5428,Rohit Kumar,11-10-2025,Chennai,New
5429,Vikas Joshi,08-03-2020,Nagpur,repeat
5430,Sneha Kumar,22-06-2023,Jaipur,repeat
5431,Sneha Gupta,12-08-2022,Surat,Repeat
5432,Neha Das,14-07-2020,Bangalore,repeat
5433,Arjun Mehta,21-06-2022,Nagpur,repeat
5434,Arjun Gupta,24-01-2021,Noida,Repeat
5435,Amit Patel,27-04-2025,Bangalore,New
5436,Priya Joshi,22-01-2023,Pune,
5437,Neha Mehta,17-01-2024,Delhi,Repeat
5438,Rohit Sharma,26-09-2022,Bangalore,New
5439,Arjun Sharma,09-12-2022,Raipur,
5440,Arjun Singh,10-12-2023,Udaipur,repeat
5441,Pooja Verma,25-07-2025,Surat,new
5442,Priya Joshi,24-05-2020,Gurugram,new
5443,Sneha Sharma,25-10-2021,Ahmedabad,new
5444,Amit Singh,10-08-2022,Surat,New
5445,Rohit Sharma,21-01-2023,Bangalore,
5446,Pooja Kumar,19-04-2025,Jaipur,Repeat
5447,Priya Singh,05-12-2023,Noida,Repeat
5448,Sneha Das,08-06-2023,Udaipur,New
5449,Sneha Patel,15-08-2022,Indore,Repeat
5450,Rohit Yadav,12-11-2022,Mumbai,Repeat
5451,Priya Das,08-08-2023,Hyderabad,
5452,Arjun Kumar,23-05-2020,Gurugram,Repeat
5453,Rohit Patel,22-03-2025,Kolkata,Repeat
5454,Amit Gupta,19-12-2023,Gurugram,new
5455,Sneha Mehta,28-02-2022,Raipur,New
5456,Anjali Kumar,23-04-2021,Gurugram,repeat
5457,Sneha Sharma,06-05-2025,Surat,new
5458,Priya Das,16-01-2022,Mumbai,
5459,Sneha Verma,16-09-2021,Chennai,Repeat
5460,Vikas Verma,23-02-2022,Hyderabad,
5461,Arjun Sharma,19-02-2021,Nagpur,repeat
5462,Anjali Kumar,16-01-2023,Hyderabad,New
5463,Vikas Singh,13-02-2025,Jaipur,New
5464,Anjali Patel,25-01-2023,Raipur,new
5465,Sneha Kumar,24-09-2022,Raipur,new
5466,Anjali Sharma,25-07-2022,Raipur,New
5467,Neha Mehta,22-03-2021,Hyderabad,
5468,Anjali Verma,18-06-2020,Bhubaneswar,
5469,Pooja Das,27-03-2020,Delhi,new
5470,Rohit Singh,05-01-2025,Nagpur,repeat
5471,Amit Sharma,31-03-2022,Indore,Repeat
5472,Anjali Singh,30-04-2020,Udaipur,new
5473,Neha Yadav,01-01-2020,Jaipur,New
5474,Sneha Joshi,16-07-2020,Udaipur,new
5475,Priya Verma,09-06-2024,Indore,new
5476,Neha Kumar,04-03-2024,Bhubaneswar,Repeat
5477,Amit Gupta,17-01-2025,Indore,new
5478,Amit Verma,04-05-2024,Gurugram,new
5479,Anjali Singh,05-12-2022,Bangalore,New
5480,Amit Verma,13-12-2022,Lucknow,New
5481,Arjun Joshi,24-10-2025,Pune,New
5482,Neha Gupta,26-01-2024,Gurugram,New
5483,Anjali Patel,14-03-2020,Bangalore,
5484,Anjali Verma,06-03-2024,Mumbai,New
5485,Priya Gupta,07-03-2025,Raipur,New
5486,Priya Singh,03-04-2020,Bangalore,
5487,Pooja Das,16-11-2022,Indore,
5488,Pooja Patel,22-06-2023,Ahmedabad,
5489,Priya Kumar,16-11-2022,Raipur,
5490,Amit Yadav,27-02-2023,Gurugram,
5491,Neha Verma,24-03-2022,Chennai,
5492,Neha Joshi,18-08-2025,Lucknow,Repeat
5493,Anjali Kumar,23-07-2025,Raipur,Repeat
5494,Sneha Verma,04-02-2022,Pune,New
5495,Rahul Joshi,05-01-2020,Gurugram,repeat
5496,Sneha Joshi,01-10-2022,Surat,
5497,Sneha Singh,16-06-2020,Noida,
5498,Priya Joshi,21-06-2025,Chennai,new
5499,Sneha Joshi,14-09-2022,Hyderabad,
5500,Amit Kumar,16-10-2024,Lucknow,new
5501,Arjun Gupta,25-06-2022,Surat,
5502,Sneha Kumar,11-04-2024,Jaipur,New
5503,Arjun Sharma,16-11-2021,Hyderabad,repeat
5504,Priya Das,08-11-2023,Kolkata,repeat
5505,Neha Patel,01-07-2021,Surat,New
5506,Amit Verma,26-02-2021,Udaipur,repeat
5507,Pooja Joshi,09-11-2021,Noida,
5508,Sneha Sharma,24-01-2021,Kolkata,Repeat
5509,Arjun Gupta,09-08-2022,Indore,
5510,Arjun Patel,11-06-2025,Gurugram,new
5511,Amit Gupta,08-12-2024,Mumbai,repeat
5512,Rahul Patel,02-11-2021,Jaipur,repeat
5513,Pooja Patel,26-04-2020,Ahmedabad,Repeat
5514,Arjun Yadav,25-10-2025,Jaipur,repeat
5515,Amit Singh,21-02-2023,Nagpur,New
5516,Amit Patel,08-09-2022,Delhi,
5517,Arjun Singh,05-04-2025,Noida,
5518,Pooja Gupta,14-09-2020,Lucknow,new
5519,Pooja Sharma,26-02-2023,Pune,New
5520,Pooja Joshi,24-10-2021,Pune,repeat
5521,Neha Joshi,20-12-2020,Ahmedabad,repeat
5522,Priya Kumar,19-02-2025,Raipur,
5523,Amit Yadav,28-07-2021,Bangalore,new
5524,Arjun Sharma,21-01-2024,Gurugram,repeat
5525,Rohit Mehta,19-08-2024,Bangalore,repeat
5526,Anjali Mehta,19-05-2020,Lucknow,Repeat
5527,Arjun Patel,08-10-2022,Bhubaneswar,Repeat
5528,Vikas Mehta,28-08-2022,Lucknow,New
5529,Priya Singh,06-06-2023,Ahmedabad,repeat
5530,Arjun Joshi,12-03-2025,Surat,repeat
5531,Rahul Mehta,25-01-2023,Nagpur,new
5532,Anjali Kumar,27-06-2020,Ahmedabad,repeat
5533,Pooja Singh,19-10-2025,Nagpur,repeat
5534,Rohit Kumar,01-06-2022,Kolkata,new
5535,Amit Joshi,24-09-2024,Gurugram,New
5536,Vikas Sharma,23-01-2022,Hyderabad,
5537,Neha Singh,06-08-2024,Indore,Repeat
5538,Arjun Verma,18-10-2023,Noida,repeat
5539,Amit Verma,18-04-2020,Udaipur,new
5540,Sneha Kumar,11-10-2020,Jaipur,Repeat
5541,Anjali Singh,08-03-2022,Kolkata,new
5542,Sneha Kumar,01-09-2023,Gurugram,new
5543,Neha Yadav,25-04-2025,Noida,New
5544,Neha Gupta,07-08-2022,Pune,Repeat
5545,Anjali Kumar,11-09-2024,Hyderabad,
5546,Rohit Mehta,06-08-2022,Raipur,repeat
5547,Sneha Verma,02-10-2024,Hyderabad,Repeat
5548,Anjali Patel,01-07-2022,Ahmedabad,Repeat
5549,Amit Gupta,28-11-2024,Ahmedabad,Repeat
5550,Anjali Joshi,06-01-2023,Udaipur,
5551,Priya Sharma,29-08-2024,Noida,Repeat
5552,Rohit Yadav,02-07-2024,Indore,repeat
5553,Sneha Sharma,12-06-2024,Bhubaneswar,Repeat
5554,Pooja Joshi,04-01-2020,Chennai,repeat
5555,Priya Gupta,14-12-2024,Raipur,repeat
5556,Rahul Das,02-01-2022,Mumbai,repeat
5557,Rohit Singh,31-12-2021,Raipur,New
5558,Neha Verma,30-06-2022,Nagpur,New
5559,Anjali Joshi,21-03-2020,Hyderabad,Repeat
5560,Amit Singh,10-06-2025,Kolkata,Repeat
5561,Arjun Joshi,21-11-2021,Bhubaneswar,
5562,Neha Mehta,10-03-2021,Surat,Repeat
5563,Neha Mehta,18-08-2023,Indore,new
5564,Amit Gupta,01-09-2022,Mumbai,repeat
5565,Anjali Singh,23-06-2025,Udaipur,repeat
5566,Neha Patel,28-05-2024,Hyderabad,New
5567,Priya Singh,13-10-2025,Hyderabad,repeat
5568,Amit Singh,11-04-2024,Kolkata,
5569,Rahul Joshi,01-07-2020,Chennai,Repeat
5570,Amit Gupta,25-01-2022,Bangalore,
5571,Sneha Gupta,28-02-2022,Indore,
5572,Rahul Yadav,19-09-2024,Surat,Repeat
5573,Pooja Verma,13-06-2025,Bangalore,new
5574,Rahul Das,03-07-2020,Nagpur,new
5575,Anjali Kumar,22-11-2020,Indore,New
5576,Sneha Singh,13-01-2021,Jaipur,repeat
5577,Rahul Gupta,17-05-2021,Jaipur,new
5578,Anjali Joshi,31-01-2025,Nagpur,new
5579,Rohit Mehta,27-09-2025,Indore,Repeat
5580,Anjali Singh,27-09-2020,Delhi,Repeat
5581,Arjun Mehta,19-02-2023,Hyderabad,New
5582,Rahul Mehta,12-06-2024,Nagpur,new
5583,Priya Singh,29-06-2020,Noida,
5584,Priya Mehta,04-06-2025,Indore,
5585,Pooja Patel,04-04-2021,Delhi,
5586,Arjun Verma,31-03-2020,Noida,new
5587,Anjali Gupta,19-07-2020,Raipur,
5588,Sneha Singh,17-09-2024,Pune,
5589,Priya Mehta,30-01-2025,Bhubaneswar,Repeat
5590,Sneha Patel,30-06-2021,Ahmedabad,New
5591,Vikas Yadav,09-08-2021,Lucknow,new
5592,Neha Verma,26-05-2023,Indore,new
5593,Neha Singh,11-12-2025,Delhi,Repeat
5594,Rohit Sharma,20-12-2021,Lucknow,new
5595,Rahul Sharma,12-01-2021,Delhi,
5596,Amit Verma,12-04-2024,Mumbai,
5597,Amit Kumar,31-03-2024,Indore,
5598,Priya Sharma,12-11-2025,Kolkata,Repeat
5599,Pooja Joshi,17-10-2024,Gurugram,new
5600,Pooja Sharma,12-06-2022,Raipur,
5601,Pooja Yadav,02-02-2025,Kolkata,new
5602,Rahul Gupta,08-12-2021,Kolkata,
5603,Arjun Patel,03-08-2025,Nagpur,New
5604,Priya Yadav,07-01-2024,Indore,repeat
5605,Priya Joshi,31-08-2022,Nagpur,new
5606,Arjun Das,06-02-2025,Pune,
5607,Pooja Verma,30-01-2022,Chennai,repeat
5608,Sneha Verma,20-03-2025,Bangalore,
5609,Vikas Joshi,13-12-2022,Ahmedabad,New
5610,Amit Sharma,12-05-2021,Surat,New
5611,Sneha Verma,29-06-2023,Bhubaneswar,
5612,Vikas Sharma,17-02-2025,Mumbai,New
5613,Rahul Kumar,19-09-2025,Noida,repeat
5614,Priya Yadav,02-04-2025,Gurugram,New
5615,Amit Verma,06-08-2022,Pune,Repeat
5616,Amit Joshi,19-04-2024,Indore,New
5617,Neha Verma,11-03-2021,Jaipur,new
5618,Amit Joshi,10-12-2023,Nagpur,
5619,Vikas Sharma,23-02-2023,Gurugram,Repeat
5620,Arjun Kumar,01-12-2021,Delhi,new
5621,Vikas Verma,20-10-2020,Delhi,Repeat
5622,Priya Sharma,24-02-2022,Jaipur,Repeat
5623,Amit Yadav,14-06-2025,Bangalore,
5624,Rohit Verma,06-10-2021,Kolkata,new
5625,Rahul Singh,12-09-2024,Hyderabad,New
5626,Vikas Das,23-10-2025,Surat,Repeat
5627,Rohit Sharma,30-04-2020,Mumbai,New
5628,Amit Singh,18-05-2024,Raipur,
5629,Rohit Sharma,27-12-2020,Delhi,New
5630,Rahul Kumar,21-02-2025,Jaipur,Repeat
5631,Amit Patel,05-07-2021,Lucknow,Repeat
5632,Rohit Das,04-04-2020,Ahmedabad,New
5633,Neha Sharma,03-11-2023,Delhi,new
5634,Neha Das,19-08-2021,Pune,New
5635,Anjali Joshi,26-04-2022,Lucknow,new
5636,Priya Sharma,28-06-2022,Jaipur,
5637,Rohit Singh,26-10-2024,Chennai,new
5638,Arjun Gupta,19-03-2025,Udaipur,New
5639,Rohit Patel,21-01-2023,Gurugram,new
5640,Vikas Gupta,05-03-2025,Chennai,
5641,Priya Verma,25-04-2020,Gurugram,
5642,Sneha Kumar,25-02-2022,Noida,New
5643,Neha Sharma,02-10-2024,Indore,Repeat
5644,Arjun Gupta,14-10-2024,Noida,repeat
5645,Rohit Kumar,19-05-2022,Gurugram,repeat
5646,Arjun Joshi,23-04-2022,Lucknow,
5647,Amit Mehta,13-03-2020,Bangalore,Repeat
5648,Vikas Patel,05-09-2022,Bhubaneswar,new
5649,Anjali Verma,26-01-2025,Ahmedabad,
5650,Anjali Kumar,05-11-2020,Raipur,new
5651,Arjun Sharma,02-07-2023,Delhi,Repeat
5652,Pooja Singh,04-08-2020,Surat,Repeat
5653,Pooja Das,29-12-2022,Mumbai,new
5654,Rohit Kumar,30-08-2024,Surat,repeat
5655,Amit Kumar,13-02-2022,Noida,
5656,Amit Sharma,11-04-2020,Raipur,New
5657,Priya Das,16-09-2020,Kolkata,repeat
5658,Anjali Verma,05-06-2024,Nagpur,
5659,Rahul Das,24-05-2022,Kolkata,repeat
5660,Anjali Joshi,28-03-2025,Delhi,Repeat
5661,Neha Joshi,18-12-2022,Indore,new
5662,Sneha Kumar,26-11-2022,Hyderabad,repeat
5663,Arjun Patel,05-11-2024,Udaipur,Repeat
5664,Vikas Das,06-04-2024,Lucknow,
5665,Sneha Patel,29-05-2025,Bangalore,repeat
5666,Arjun Kumar,21-05-2025,Surat,
5667,Amit Gupta,08-12-2023,Chennai,
5668,Anjali Yadav,20-11-2020,Noida,new
5669,Rohit Patel,08-06-2022,Indore,repeat
5670,Pooja Gupta,08-10-2024,Gurugram,New
5671,Rohit Singh,14-05-2025,Surat,Repeat
5672,Neha Singh,16-03-2021,Nagpur,New
5673,Neha Kumar,17-04-2023,Pune,New
5674,Anjali Das,16-07-2024,Surat,New
5675,Rohit Sharma,22-04-2022,Bangalore,New
5676,Rahul Joshi,20-04-2021,Gurugram,New
5677,Sneha Patel,16-08-2024,Bhubaneswar,repeat
5678,Vikas Kumar,05-11-2023,Ahmedabad,new
5679,Pooja Singh,29-03-2020,Delhi,new
5680,Priya Das,16-11-2022,Kolkata,New
5681,Priya Mehta,07-09-2022,Nagpur,Repeat
5682,Pooja Yadav,31-10-2023,Ahmedabad,Repeat
5683,Pooja Singh,18-05-2021,Indore,Repeat
5684,Rohit Kumar,18-07-2020,Pune,New
5685,Priya Joshi,28-11-2022,Kolkata,
5686,Sneha Das,29-11-2025,Lucknow,repeat
5687,Amit Kumar,23-04-2023,Chennai,New
5688,Amit Mehta,18-03-2023,Nagpur,new
5689,Anjali Joshi,24-03-2025,Udaipur,
5690,Pooja Kumar,18-02-2025,Bhubaneswar,Repeat
5691,Rohit Yadav,19-08-2023,Kolkata,New
5692,Priya Verma,19-06-2024,Raipur,repeat
5693,Rahul Yadav,02-01-2024,Raipur,new
5694,Pooja Verma,01-01-2021,Kolkata,repeat
5695,Pooja Gupta,12-11-2023,Lucknow,Repeat
5696,Priya Sharma,01-02-2021,Pune,
5697,Sneha Joshi,30-05-2023,Bangalore,new
5698,Neha Patel,21-03-2023,Pune,repeat
5699,Anjali Singh,31-01-2020,Udaipur,New
5700,Rahul Sharma,04-11-2021,Noida,
5701,Sneha Sharma,22-08-2023,Indore,New
5702,Rahul Sharma,12-07-2020,Raipur,repeat
5703,Vikas Yadav,01-09-2022,Lucknow,new
5704,Pooja Gupta,04-07-2023,Bhubaneswar,repeat
5705,Amit Gupta,30-10-2022,Jaipur,New
5706,Amit Yadav,30-10-2024,Raipur,Repeat
5707,Amit Sharma,13-01-2023,Raipur,
5708,Rohit Verma,20-04-2023,Lucknow,Repeat
5709,Amit Mehta,10-03-2021,Nagpur,repeat
5710,Vikas Joshi,11-11-2024,Bangalore,Repeat
5711,Amit Sharma,22-08-2020,Raipur,new
5712,Amit Yadav,30-08-2024,Gurugram,repeat
5713,Priya Das,18-09-2020,Nagpur,New
5714,Rahul Sharma,05-08-2020,Gurugram,New
5715,Neha Patel,20-09-2020,Gurugram,new
5716,Anjali Gupta,26-01-2020,Udaipur,
5717,Amit Das,13-04-2021,Delhi,New
5718,Anjali Singh,05-02-2025,Gurugram,
5719,Arjun Gupta,06-04-2022,Bhubaneswar,new
5720,Rohit Joshi,31-05-2024,Delhi,New
5721,Neha Yadav,22-04-2025,Udaipur,new
5722,Rahul Verma,21-08-2024,Bhubaneswar,Repeat
5723,Priya Mehta,11-03-2021,Ahmedabad,New
5724,Rahul Joshi,05-04-2024,Bangalore,repeat
5725,Anjali Singh,26-02-2021,Gurugram,repeat
5726,Sneha Das,06-05-2024,Indore,New
5727,Vikas Singh,09-05-2022,Bangalore,new
5728,Neha Mehta,25-08-2025,Bhubaneswar,New
5729,Neha Kumar,09-05-2024,Noida,repeat
5730,Rohit Sharma,21-05-2023,Gurugram,Repeat
5731,Priya Verma,17-05-2024,Kolkata,repeat
5732,Sneha Joshi,22-05-2020,Mumbai,Repeat
5733,Anjali Kumar,08-02-2024,Mumbai,
5734,Pooja Kumar,02-02-2024,Delhi,New
5735,Rahul Kumar,05-01-2025,Noida,new
5736,Priya Yadav,01-04-2025,Bhubaneswar,New
5737,Neha Das,05-03-2023,Chennai,New
5738,Arjun Kumar,17-01-2021,Noida,repeat
5739,Neha Sharma,23-04-2023,Bangalore,new
5740,Rohit Joshi,20-10-2024,Raipur,
5741,Anjali Patel,18-07-2022,Lucknow,new
5742,Vikas Mehta,19-10-2024,Chennai,New
5743,Anjali Patel,31-12-2024,Kolkata,
5744,Rahul Mehta,21-12-2024,Indore,
5745,Anjali Verma,22-07-2024,Lucknow,New
5746,Amit Verma,22-10-2020,Delhi,repeat
5747,Arjun Kumar,19-10-2022,Ahmedabad,
5748,Sneha Mehta,05-09-2021,Jaipur,new
5749,Arjun Kumar,07-01-2025,Raipur,repeat
5750,Sneha Das,10-01-2023,Surat,
5751,Rohit Mehta,30-08-2023,Bhubaneswar,New
5752,Vikas Das,24-09-2025,Ahmedabad,repeat
5753,Rohit Mehta,22-12-2022,Hyderabad,new
5754,Anjali Singh,30-08-2023,Surat,
5755,Priya Kumar,10-11-2021,Gurugram,New
5756,Anjali Sharma,29-04-2022,Delhi,Repeat
5757,Rahul Das,22-02-2025,Pune,
5758,Rahul Verma,04-12-2022,Bhubaneswar,Repeat
5759,Sneha Verma,10-02-2025,Ahmedabad,New
5760,Rohit Kumar,01-11-2023,Mumbai,Repeat
5761,Amit Gupta,05-09-2021,Lucknow,Repeat
5762,Pooja Das,11-01-2022,Mumbai,new
5763,Sneha Patel,18-01-2025,Kolkata,
5764,Priya Yadav,19-12-2021,Surat,repeat
5765,Vikas Joshi,16-05-2022,Gurugram,new
5766,Rohit Das,01-12-2024,Pune,
5767,Arjun Patel,28-10-2023,Lucknow,Repeat
5768,Amit Kumar,06-09-2024,Jaipur,new
5769,Pooja Patel,24-08-2025,Udaipur,repeat
5770,Amit Patel,30-12-2021,Nagpur,Repeat
5771,Arjun Verma,03-07-2020,Bangalore,New
5772,Amit Kumar,22-09-2021,Chennai,Repeat
5773,Vikas Yadav,09-09-2022,Hyderabad,New
5774,Sneha Gupta,09-08-2023,Indore,repeat
5775,Vikas Patel,20-02-2024,Indore,
5776,Rohit Yadav,20-10-2021,Surat,
5777,Sneha Mehta,17-08-2024,Nagpur,
5778,Vikas Sharma,04-10-2021,Raipur,
5779,Pooja Patel,17-05-2024,Udaipur,
5780,Pooja Singh,20-09-2024,Raipur,new
5781,Rohit Verma,17-06-2021,Hyderabad,New
5782,Rahul Verma,25-03-2024,Surat,Repeat
5783,Priya Gupta,29-07-2023,Mumbai,Repeat
5784,Rohit Joshi,19-11-2023,Raipur,repeat
5785,Sneha Das,14-05-2020,Udaipur,
5786,Arjun Mehta,02-05-2020,Kolkata,repeat
5787,Priya Verma,24-12-2024,Jaipur,
5788,Priya Patel,07-08-2023,Jaipur,Repeat
5789,Sneha Sharma,30-07-2023,Ahmedabad,Repeat
5790,Sneha Sharma,30-07-2024,Lucknow,repeat
5791,Pooja Singh,24-07-2023,Jaipur,Repeat
5792,Amit Das,16-07-2021,Lucknow,repeat
5793,Sneha Singh,14-10-2021,Jaipur,repeat
5794,Amit Verma,26-03-2024,Gurugram,new
5795,Priya Kumar,24-11-2024,Gurugram,
5796,Vikas Das,16-10-2025,Bhubaneswar,new
5797,Pooja Verma,19-03-2021,Ahmedabad,
5798,Rahul Patel,14-06-2021,Nagpur,Repeat
5799,Priya Kumar,30-09-2022,Lucknow,New
5800,Rahul Mehta,17-09-2021,Raipur,
5801,Amit Patel,11-09-2025,Chennai,repeat
5802,Anjali Joshi,09-06-2021,Nagpur,New
5803,Pooja Das,01-04-2022,Ahmedabad,repeat
5804,Anjali Verma,04-06-2023,Pune,Repeat
5805,Priya Das,04-08-2025,Surat,repeat
5806,Anjali Das,25-12-2022,Gurugram,
5807,Priya Mehta,20-07-2025,Surat,Repeat
5808,Priya Gupta,13-02-2020,Lucknow,
5809,Rahul Sharma,13-06-2025,Bangalore,Repeat
5810,Pooja Verma,27-01-2022,Surat,repeat
5811,Neha Singh,30-10-2021,Hyderabad,repeat
5812,Sneha Verma,21-12-2024,Surat,New
5813,Priya Gupta,28-02-2023,Mumbai,Repeat
5814,Pooja Yadav,05-01-2021,Gurugram,new
5815,Priya Mehta,09-09-2025,Udaipur,repeat
5816,Neha Das,06-08-2022,Lucknow,
5817,Neha Verma,27-12-2025,Nagpur,repeat
5818,Rohit Kumar,13-09-2020,Gurugram,new
5819,Arjun Singh,28-08-2022,Jaipur,Repeat
5820,Anjali Kumar,10-04-2025,Hyderabad,new
5821,Vikas Joshi,28-11-2021,Lucknow,New
5822,Rahul Singh,22-01-2020,Kolkata,new
5823,Arjun Verma,13-07-2023,Hyderabad,new
5824,Amit Sharma,21-05-2021,Ahmedabad,
5825,Anjali Das,28-12-2022,Pune,New
5826,Rahul Patel,17-10-2022,Mumbai,repeat
5827,Arjun Verma,15-05-2021,Mumbai,New
5828,Rahul Sharma,05-02-2025,Bangalore,New
5829,Priya Sharma,10-06-2022,Kolkata,repeat
5830,Rahul Gupta,31-10-2020,Noida,new
5831,Vikas Kumar,15-04-2021,Hyderabad,New
5832,Vikas Gupta,05-01-2020,Delhi,Repeat
5833,Neha Singh,28-07-2022,Raipur,New
5834,Rahul Verma,25-12-2022,Gurugram,New
5835,Amit Sharma,03-07-2025,Delhi,New
5836,Vikas Kumar,01-01-2020,Chennai,New
5837,Rahul Singh,14-04-2021,Bangalore,
5838,Rahul Das,20-01-2021,Hyderabad,repeat
5839,Vikas Singh,23-08-2025,Noida,new
5840,Priya Gupta,05-08-2024,Mumbai,
5841,Amit Gupta,16-12-2020,Kolkata,Repeat
5842,Priya Singh,03-11-2025,Kolkata,
5843,Rohit Sharma,25-09-2021,Bangalore,New
5844,Amit Gupta,23-04-2023,Noida,repeat
5845,Rohit Mehta,28-11-2025,Lucknow,new
5846,Arjun Kumar,07-05-2025,Jaipur,repeat
5847,Anjali Singh,30-08-2024,Noida,Repeat
5848,Pooja Singh,16-12-2025,Indore,new
5849,Amit Patel,19-06-2025,Ahmedabad,new
5850,Arjun Mehta,11-11-2021,Udaipur,repeat
5851,Vikas Mehta,13-10-2020,Nagpur,repeat
5852,Vikas Singh,22-09-2024,Chennai,New
5853,Sneha Das,05-07-2023,Chennai,Repeat
5854,Neha Gupta,22-04-2024,Hyderabad,new
5855,Anjali Verma,04-04-2022,Bangalore,Repeat
5856,Sneha Singh,26-05-2022,Mumbai,
5857,Vikas Verma,08-06-2024,Udaipur,New
5858,Neha Das,09-10-2025,Udaipur,repeat
5859,Amit Patel,21-12-2021,Nagpur,
5860,Rahul Singh,24-12-2022,Chennai,repeat
5861,Rohit Das,12-05-2025,Noida,Repeat
5862,Vikas Patel,14-11-2020,Gurugram,
5863,Vikas Mehta,03-02-2024,Surat,repeat
5864,Pooja Sharma,18-03-2021,Nagpur,new
5865,Rohit Patel,05-10-2024,Nagpur,new
5866,Amit Mehta,25-02-2021,Hyderabad,New
5867,Arjun Gupta,20-10-2022,Surat,New
5868,Sneha Kumar,23-05-2020,Hyderabad,New
5869,Priya Patel,14-07-2023,Pune,New
5870,Arjun Yadav,19-06-2021,Lucknow,
5871,Vikas Joshi,10-05-2021,Jaipur,Repeat
5872,Pooja Joshi,26-05-2025,Bhubaneswar,repeat
5873,Sneha Kumar,29-09-2024,Pune,New
5874,Pooja Joshi,22-05-2025,Noida,New
5875,Anjali Verma,11-01-2024,Raipur,New
5876,Rahul Joshi,08-08-2024,Indore,
5877,Arjun Joshi,27-12-2021,Nagpur,
5878,Vikas Kumar,01-07-2022,Pune,new
5879,Neha Singh,12-05-2020,Noida,Repeat
5880,Amit Kumar,08-03-2021,Bhubaneswar,repeat
5881,Vikas Yadav,23-03-2025,Nagpur,
5882,Sneha Mehta,14-10-2021,Raipur,New
5883,Anjali Kumar,23-11-2024,Udaipur,New
5884,Sneha Mehta,09-05-2022,Noida,new
5885,Rahul Sharma,13-05-2022,Bangalore,New
5886,Neha Singh,24-05-2025,Chennai,Repeat
5887,Vikas Yadav,24-06-2022,Lucknow,
5888,Anjali Gupta,04-12-2023,Bhubaneswar,
5889,Amit Gupta,30-01-2021,Surat,new
5890,Rahul Das,05-10-2024,Raipur,new
5891,Rohit Verma,06-03-2022,Indore,New
5892,Anjali Joshi,03-01-2023,Mumbai,Repeat
5893,Amit Yadav,14-10-2025,Bhubaneswar,New
5894,Amit Patel,11-06-2020,Lucknow,New
5895,Anjali Singh,20-11-2020,Mumbai,repeat
5896,Amit Gupta,22-02-2021,Jaipur,
5897,Priya Verma,20-02-2021,Surat,New
5898,Neha Sharma,11-09-2023,Lucknow,repeat
5899,Neha Singh,24-03-2020,Indore,Repeat
5900,Neha Mehta,30-12-2025,Mumbai,New
5901,Rahul Gupta,21-05-2025,Lucknow,Repeat
5902,Neha Gupta,14-06-2024,Mumbai,new
5903,Vikas Singh,02-02-2025,Kolkata,new
5904,Rahul Das,15-07-2024,Hyderabad,Repeat
5905,Amit Das,15-12-2020,Udaipur,Repeat
5906,Pooja Singh,16-10-2021,Raipur,Repeat
5907,Sneha Mehta,10-09-2020,Nagpur,New
5908,Rohit Das,07-07-2024,Nagpur,Repeat
5909,Priya Joshi,05-06-2022,Mumbai,repeat
5910,Amit Mehta,01-08-2022,Jaipur,New
5911,Pooja Verma,09-01-2024,Delhi,repeat
5912,Priya Patel,02-09-2021,Kolkata,New
5913,Sneha Joshi,10-10-2024,Ahmedabad,Repeat
5914,Rahul Mehta,30-08-2024,Jaipur,repeat
5915,Amit Gupta,09-06-2024,Lucknow,new
5916,Pooja Joshi,28-12-2022,Udaipur,New
5917,Amit Patel,18-06-2021,Noida,repeat
5918,Rahul Mehta,11-10-2022,Surat,new
5919,Rahul Verma,22-01-2025,Raipur,Repeat
5920,Amit Patel,12-09-2023,Hyderabad,Repeat
5921,Pooja Patel,18-12-2024,Surat,
5922,Arjun Singh,28-09-2022,Mumbai,
5923,Neha Yadav,03-06-2020,Mumbai,Repeat
5924,Rahul Gupta,10-12-2021,Noida,Repeat
5925,Sneha Verma,31-07-2024,Nagpur,Repeat
5926,Vikas Sharma,10-06-2022,Noida,Repeat
5927,Neha Joshi,19-04-2023,Raipur,New
5928,Vikas Mehta,06-07-2021,Lucknow,new
5929,Anjali Das,26-11-2020,Raipur,
5930,Rahul Patel,27-10-2024,Delhi,New
5931,Priya Sharma,29-11-2021,Chennai,new
5932,Pooja Verma,30-09-2023,Jaipur,repeat
5933,Pooja Sharma,20-09-2024,Udaipur,
5934,Sneha Yadav,23-07-2021,Bangalore,new
5935,Anjali Singh,14-10-2024,Raipur,new
5936,Rohit Patel,12-10-2024,Mumbai,Repeat
5937,Amit Gupta,14-08-2024,Chennai,new
5938,Neha Sharma,09-01-2024,Delhi,Repeat
5939,Arjun Mehta,30-05-2024,Gurugram,Repeat
5940,Neha Singh,26-06-2020,Chennai,repeat
5941,Anjali Kumar,27-04-2020,Indore,Repeat
5942,Rohit Das,09-08-2021,Kolkata,
5943,Arjun Kumar,23-02-2023,Indore,
5944,Vikas Yadav,04-04-2023,Kolkata,
5945,Priya Verma,19-02-2024,Mumbai,Repeat
5946,Priya Kumar,18-11-2022,Gurugram,
5947,Pooja Das,31-07-2025,Lucknow,Repeat
5948,Rohit Das,09-04-2021,Jaipur,repeat
5949,Rahul Singh,23-05-2021,Surat,Repeat
5950,Rohit Joshi,25-08-2020,Mumbai,repeat
5951,Sneha Yadav,04-09-2023,Pune,repeat
5952,Sneha Patel,24-09-2023,Bhubaneswar,
5953,Priya Mehta,22-09-2020,Kolkata,
5954,Priya Gupta,12-12-2022,Kolkata,repeat
5955,Arjun Singh,16-03-2025,Hyderabad,New
5956,Pooja Patel,10-09-2025,Noida,new
5957,Sneha Gupta,08-09-2021,Gurugram,Repeat
5958,Rohit Verma,07-03-2023,Chennai,new
5959,Arjun Kumar,09-05-2022,Surat,
5960,Amit Joshi,30-10-2021,Jaipur,repeat
5961,Rahul Das,03-10-2022,Noida,New
5962,Priya Yadav,14-08-2022,Mumbai,new
5963,Anjali Singh,28-06-2023,Raipur,new
5964,Vikas Das,22-10-2024,Bhubaneswar,repeat
5965,Pooja Yadav,07-02-2020,Nagpur,New
5966,Amit Yadav,19-10-2023,Raipur,new
5967,Sneha Kumar,16-10-2022,Bhubaneswar,Repeat
5968,Pooja Verma,18-06-2020,Indore,
5969,Priya Singh,12-09-2020,Mumbai,New
5970,Rahul Singh,03-06-2022,Surat,
5971,Sneha Das,17-12-2022,Udaipur,new
5972,Pooja Yadav,18-02-2022,Mumbai,new
5973,Sneha Patel,13-10-2020,Indore,
5974,Amit Gupta,18-03-2021,Delhi,New
5975,Pooja Verma,22-06-2022,Pune,
5976,Amit Verma,29-11-2024,Jaipur,new
5977,Priya Joshi,14-01-2025,Nagpur,
5978,Vikas Joshi,29-07-2025,Lucknow,
5979,Pooja Singh,21-03-2022,Mumbai,Repeat
5980,Arjun Das,27-10-2021,Ahmedabad,New
5981,Sneha Singh,11-02-2021,Mumbai,Repeat
5982,Priya Singh,07-11-2022,Noida,new
5983,Amit Mehta,12-04-2021,Nagpur,Repeat
5984,Rohit Verma,27-03-2024,Bhubaneswar,new
5985,Pooja Patel,27-02-2022,Gurugram,repeat
5986,Pooja Mehta,16-11-2022,Ahmedabad,Repeat
5987,Anjali Sharma,06-09-2020,Kolkata,New
5988,Priya Verma,25-01-2024,Chennai,New
5989,Amit Kumar,15-11-2023,Bhubaneswar,New
5990,Amit Singh,14-12-2023,Hyderabad,
5991,Rahul Das,11-01-2023,Bangalore,
5992,Anjali Sharma,25-04-2023,Ahmedabad,
5993,Anjali Singh,04-05-2022,Bangalore,new
5994,Vikas Gupta,21-05-2022,Kolkata,Repeat
5995,Pooja Yadav,02-11-2023,Noida,Repeat
5996,Sneha Verma,09-06-2024,Delhi,Repeat
5997,Arjun Gupta,29-08-2024,Hyderabad,repeat
5998,Anjali Joshi,26-11-2021,Jaipur,
5999,Amit Das,06-09-2021,Pune,
