Return_ID,Order_ID,Issue_Type,Refund_Amount,Status
1,12404,Missing Item,99999,Processed
2,82376,Damaged,-200,Pending
3,30373,Missing Item,618,Pending
4,84237,Damaged,408,PENDING
5,58488,WRONG,1236,Rejected
6,24694,WRONG,0,Processed
7,79613,Late Delivery,1757,Pending
8,18935,,1677,Processed
9,35846,Damaged,0,Pending
10,40164,WRONG,670,Processed
11,1315,Missing Item,2738,Pending
12,12817,,0,Pending
13,26532,Damaged,0,PENDING
14,39187,,99999,Processed
15,44424,Missing Item,-200,Processed
16,81219,Late Delivery,-200,processed
17,85156,,4420,Pending
18,6639,damaged,0,Rejected
19,90719,,99999,Pending
20,53401,WRONG,848,Pending
21,61797,,0,PENDING
22,54345,Damaged,742,Processed
23,39050,damaged,4531,Processed
24,76608,,-200,Pending
25,8929,WRONG,4620,Rejected
26,49397,Wrong Item,-200,Rejected
27,57600,Late Delivery,933,Processed
28,48090,,3198,Pending
29,7431,,1948,processed
30,58696,Missing Item,3887,PENDING
31,78431,Missing Item,4216,processed
32,26648,,-200,processed
33,48346,,-200,PENDING
34,56184,Missing Item,0,Rejected
35,53690,Damaged,99999,Rejected
36,61546,WRONG,99999,Rejected
37,77817,WRONG,-200,PENDING
38,67892,WRONG,1561,Rejected
39,44696,,4243,Pending
40,52074,damaged,0,processed
41,8612,WRONG,3538,processed
42,40428,Late Delivery,3714,Pending
43,68388,Damaged,1887,processed
44,41991,Late Delivery,4046,Processed
45,39216,Missing Item,0,PENDING
46,50008,,99999,PENDING
47,60940,Missing Item,-200,Pending
48,60127,damaged,99999,PENDING
49,74836,Late Delivery,3159,Rejected
50,51292,Missing Item,2174,Processed
51,59400,Wrong Item,-200,Processed
52,65792,Late Delivery,99999,Rejected
53,93985,Missing Item,4234,Rejected
54,17216,damaged,4410,Rejected
55,69228,Late Delivery,2705,processed
56,71389,Damaged,0,processed
57,45533,Missing Item,99999,Processed
58,75439,WRONG,0,Rejected
59,34697,,1600,Rejected
60,50570,,4315,Processed
61,47270,damaged,-200,processed
62,93514,damaged,0,PENDING
63,1438,WRONG,2909,processed
64,78853,Late Delivery,4118,processed
65,45535,Missing Item,-200,Pending
66,16434,Wrong Item,99999,Processed
67,15942,Wrong Item,-200,Processed
68,85204,Late Delivery,-200,processed
69,27446,Damaged,251,PENDING
70,25647,Late Delivery,99999,Pending
71,51360,Late Delivery,1257,Rejected
72,20871,,-200,Rejected
73,47352,Wrong Item,782,Rejected
74,31149,Missing Item,-200,Processed
75,72420,Damaged,-200,PENDING
76,35559,Damaged,99999,Rejected
77,73518,Late Delivery,99999,Processed
78,26307,Damaged,1847,Rejected
79,37674,WRONG,-200,Pending
80,35102,Damaged,2026,Processed
81,56450,damaged,1987,Pending
82,64287,,3010,processed
83,43710,Wrong Item,99999,processed
84,93390,Wrong Item,2361,Pending
85,25548,Damaged,-200,processed
86,82775,,-200,processed
87,37677,Late Delivery,0,Processed
88,22651,Missing Item,618,PENDING
89,53847,damaged,99999,Processed
90,93140,Wrong Item,1990,processed
91,49167,,469,processed
92,62029,Missing Item,1693,Pending
93,60487,damaged,0,Pending
94,88802,Late Delivery,99999,PENDING
95,2610,Missing Item,0,PENDING
96,57253,WRONG,0,Rejected
97,28405,Wrong Item,4589,PENDING
98,45347,Late Delivery,0,Rejected
99,7733,,99999,Processed
100,18718,Damaged,4955,processed
101,95259,Late Delivery,931,Rejected
102,17897,Late Delivery,2691,processed
103,89023,Missing Item,3651,Pending
104,12223,WRONG,1585,Pending
105,83117,Wrong Item,-200,Rejected
106,23941,,0,Rejected
107,96342,Damaged,1991,processed
108,11408,Late Delivery,0,Rejected
109,80740,Wrong Item,99999,PENDING
110,66396,Late Delivery,-200,processed
111,90081,Missing Item,-200,Pending
112,47000,Late Delivery,99999,Pending
113,34344,,3098,PENDING
114,84932,damaged,1719,processed
115,90495,damaged,2685,processed
116,58351,Damaged,0,Processed
117,74144,Late Delivery,99999,Pending
118,8446,Wrong Item,99999,Processed
119,9324,Late Delivery,0,Processed
120,38005,Late Delivery,1325,Pending
121,55393,damaged,0,PENDING
122,92394,Wrong Item,99999,Pending
123,55446,Missing Item,-200,PENDING
124,10938,,0,PENDING
125,87672,WRONG,-200,PENDING
126,51542,,0,PENDING
127,1813,WRONG,2816,processed
128,50649,damaged,0,Processed
129,86937,Late Delivery,0,processed
130,31910,damaged,0,PENDING
131,44388,Late Delivery,99999,PENDING
132,90623,Missing Item,0,Pending
133,34909,damaged,3833,PENDING
134,56284,Late Delivery,0,Rejected
135,89665,Late Delivery,0,processed
136,25957,damaged,4928,processed
137,51551,WRONG,-200,Processed
138,85340,Late Delivery,-200,PENDING
139,96815,Wrong Item,4936,PENDING
140,386,Late Delivery,-200,Pending
141,32222,,-200,processed
142,7461,Damaged,2592,processed
143,94351,Damaged,3779,processed
144,82229,WRONG,453,Pending
145,22582,Late Delivery,99999,PENDING
146,49008,,1840,processed
147,8681,damaged,99999,Pending
148,42512,Wrong Item,1250,Processed
149,67287,Missing Item,0,PENDING
150,53915,Damaged,1565,Pending
151,35154,WRONG,-200,PENDING
152,69400,Late Delivery,656,Pending
153,8787,Wrong Item,0,processed
154,46166,Wrong Item,99999,Rejected
155,23513,Wrong Item,99999,Rejected
156,10080,damaged,99999,PENDING
157,75610,WRONG,604,Rejected
158,76505,Missing Item,1673,processed
159,8623,Late Delivery,99999,Processed
160,64414,damaged,-200,Processed
161,64824,WRONG,0,Processed
162,26599,,-200,Pending
163,61588,Late Delivery,1408,PENDING
164,44786,Wrong Item,2964,PENDING
165,41545,Wrong Item,0,Processed
166,9402,Late Delivery,-200,Processed
167,19084,damaged,3377,Processed
168,62128,,-200,Processed
169,78905,damaged,1881,Rejected
170,90727,damaged,0,Rejected
171,52577,Late Delivery,3745,Rejected
172,99761,Late Delivery,1283,PENDING
173,7888,damaged,99999,PENDING
174,99374,damaged,4488,Pending
175,71249,Damaged,-200,Rejected
176,7519,damaged,-200,processed
177,27589,Wrong Item,0,processed
178,1134,Damaged,99999,processed
179,53306,Late Delivery,876,Processed
180,42134,Damaged,2497,Rejected
181,71891,Late Delivery,2960,Pending
182,64998,Late Delivery,99999,Processed
183,75623,damaged,99999,processed
184,35198,Wrong Item,1634,Rejected
185,12526,Damaged,0,Processed
186,5934,damaged,99999,Pending
187,87940,Missing Item,0,Pending
188,95360,Damaged,4157,Pending
189,26653,Damaged,-200,Processed
190,70723,Missing Item,-200,processed
191,40893,Damaged,0,PENDING
192,56820,,0,Processed
193,81727,Wrong Item,-200,processed
194,49360,Missing Item,3261,Processed
195,78805,WRONG,99999,PENDING
196,20935,,1991,PENDING
197,7306,WRONG,99999,PENDING
198,23514,Wrong Item,1072,Processed
199,68155,damaged,2902,Rejected
200,60839,,2304,Rejected
201,47708,,2855,Rejected
202,16763,Missing Item,-200,Pending
203,28683,damaged,99999,processed
204,76527,Late Delivery,3478,Processed
205,15629,Damaged,4902,PENDING
206,5432,Late Delivery,0,Pending
207,7424,damaged,2562,PENDING
208,48056,damaged,-200,PENDING
209,48725,damaged,3584,Pending
210,61314,WRONG,4793,PENDING
211,24203,damaged,1812,PENDING
212,46920,Wrong Item,-200,Rejected
213,70796,Missing Item,3762,Pending
214,69,Late Delivery,-200,Processed
215,49542,WRONG,2591,Pending
216,78368,,4578,Processed
217,49510,,971,PENDING
218,99969,Late Delivery,927,Processed
219,3760,Wrong Item,3889,Rejected
220,99269,WRONG,4730,processed
221,18522,WRONG,99999,Rejected
222,46399,,2971,Pending
223,71951,,99999,Rejected
224,37090,Late Delivery,3743,Pending
225,71944,damaged,749,Processed
226,55624,WRONG,1085,Rejected
227,52518,Missing Item,4913,Rejected
228,85117,Damaged,3979,Processed
229,43548,,99999,processed
230,91748,Missing Item,-200,Rejected
231,33053,Late Delivery,1285,PENDING
232,94976,Late Delivery,2200,Pending
233,41988,damaged,99999,Pending
234,85560,Missing Item,-200,processed
235,3210,WRONG,686,Processed
236,51636,WRONG,99999,Processed
237,48416,WRONG,0,Pending
238,84252,Late Delivery,-200,Processed
239,88561,damaged,4972,Rejected
240,39759,Late Delivery,99999,processed
241,28499,Wrong Item,1571,PENDING
242,24961,,4975,PENDING
243,34786,Late Delivery,3146,Rejected
244,25005,Damaged,140,processed
245,74634,damaged,1024,Processed
246,85046,,99999,Rejected
247,85795,Wrong Item,99999,Pending
248,5097,WRONG,-200,Pending
249,46279,damaged,1405,Processed
250,85036,,4670,Pending
251,2614,Wrong Item,2148,processed
252,3086,Late Delivery,99999,Rejected
253,78204,,3835,Pending
254,28608,Late Delivery,-200,processed
255,5890,damaged,2752,Processed
256,21556,damaged,1599,processed
257,71460,Missing Item,-200,processed
258,31979,damaged,4649,Rejected
259,56131,Missing Item,99999,PENDING
260,18284,Damaged,2944,Rejected
261,89669,WRONG,-200,Pending
262,93769,Damaged,3321,PENDING
263,78749,WRONG,4854,Rejected
264,98559,Late Delivery,0,Rejected
265,88612,Damaged,99999,PENDING
266,39363,damaged,0,processed
267,88928,damaged,567,Pending
268,37956,,3952,PENDING
269,78446,Damaged,2953,processed
270,24920,WRONG,817,Rejected
271,37831,Late Delivery,99999,Rejected
272,8283,Late Delivery,-200,PENDING
273,24666,Wrong Item,3104,Processed
274,95649,,-200,Rejected
275,68546,Late Delivery,3449,PENDING
276,83217,Wrong Item,1859,processed
277,21163,,99999,Processed
278,50583,Late Delivery,99999,PENDING
279,49721,,0,Processed
280,43206,,4775,Rejected
281,76526,Late Delivery,542,processed
282,14467,Late Delivery,3431,Rejected
283,82634,Damaged,2371,Processed
284,29503,Damaged,2436,Rejected
285,5839,Wrong Item,1992,Rejected
286,66093,Missing Item,99999,processed
287,35918,Damaged,-200,Rejected
288,35728,Damaged,1961,Pending
289,23519,Late Delivery,99999,Rejected
290,10983,WRONG,1546,Pending
291,91058,Missing Item,3608,processed
292,594,Late Delivery,99999,PENDING
293,8975,Missing Item,3323,Processed
294,36439,Wrong Item,3970,Pending
295,81711,damaged,99999,Processed
296,45199,damaged,0,Pending
297,13510,,-200,processed
298,83122,damaged,99999,Pending
299,62685,WRONG,2794,Pending
300,97017,WRONG,-200,Processed
301,97762,Wrong Item,3875,Pending
302,53045,Missing Item,-200,Pending
303,76703,Damaged,1305,Processed
304,37609,Wrong Item,-200,Rejected
305,58102,,4946,Rejected
306,73850,Missing Item,2197,Pending
307,39564,Damaged,0,Rejected
308,6794,Damaged,2387,Processed
309,53694,Late Delivery,134,Processed
310,42360,Late Delivery,99999,Processed
311,19703,WRONG,1922,processed
312,56361,,197,Processed
313,30324,WRONG,570,Rejected
314,63955,damaged,99999,PENDING
315,78746,Late Delivery,99999,Pending
316,13541,Missing Item,-200,Pending
317,27816,,4903,Pending
318,72996,Wrong Item,2369,PENDING
319,11713,,0,Rejected
320,75371,,99999,Pending
321,47813,Late Delivery,1583,Processed
322,90952,Wrong Item,0,Pending
323,41354,Late Delivery,99999,PENDING
324,45072,Missing Item,2354,PENDING
325,32436,,533,processed
326,91830,Late Delivery,3383,processed
327,79288,Wrong Item,1833,PENDING
328,57918,damaged,1876,PENDING
329,3712,damaged,4660,Pending
330,95837,Late Delivery,-200,PENDING
331,43060,Damaged,0,processed
332,85826,damaged,961,processed
333,71525,Late Delivery,2304,Pending
334,29973,,0,Processed
335,86036,Missing Item,4088,Processed
336,22092,Wrong Item,4017,PENDING
337,21680,Wrong Item,3003,PENDING
338,5292,Damaged,1030,processed
339,44416,Missing Item,99999,Processed
340,12676,,99999,Rejected
341,59766,,1200,Pending
342,13553,Missing Item,1963,Rejected
343,70740,Late Delivery,99999,Rejected
344,54119,Missing Item,2261,Rejected
345,48176,,132,Processed
346,48914,Late Delivery,2953,processed
347,32076,,-200,Processed
348,8241,,-200,Pending
349,97920,Damaged,4554,Rejected
350,82859,Damaged,3468,processed
351,17863,WRONG,99999,Rejected
352,49630,,3162,Rejected
353,47342,,0,Rejected
354,59520,WRONG,-200,Pending
355,63734,damaged,0,Rejected
356,77237,Wrong Item,3424,Pending
357,32882,damaged,99999,Pending
358,27909,Missing Item,2351,Rejected
359,89462,WRONG,563,Pending
360,57296,WRONG,-200,Rejected
361,43550,Damaged,969,PENDING
362,51756,Damaged,495,Rejected
363,31043,Wrong Item,4774,processed
364,10962,damaged,99999,Pending
365,27877,Late Delivery,-200,Rejected
366,65415,Missing Item,0,Processed
367,56473,Late Delivery,99999,PENDING
368,96384,Missing Item,0,PENDING
369,25415,WRONG,0,processed
370,83451,Damaged,664,Pending
371,6575,Late Delivery,4053,Pending
372,8584,damaged,99999,Rejected
373,74826,,3928,processed
374,67832,,4487,PENDING
375,82270,,1203,processed
376,67695,,2337,processed
377,63660,Late Delivery,4778,Rejected
378,3035,damaged,0,PENDING
379,29953,Wrong Item,1292,PENDING
380,51452,Wrong Item,2099,Pending
381,76556,,0,Pending
382,45487,,-200,processed
383,79725,Wrong Item,1320,Pending
384,73723,Missing Item,-200,PENDING
385,71551,Late Delivery,552,Pending
386,151,damaged,99999,Rejected
387,47729,Missing Item,-200,Processed
388,30004,WRONG,3431,PENDING
389,8685,Late Delivery,99999,PENDING
390,47228,Wrong Item,-200,Processed
391,16443,Late Delivery,99999,Pending
392,63329,Damaged,0,Pending
393,44899,WRONG,0,PENDING
394,24626,WRONG,0,PENDING
395,13442,Late Delivery,850,Processed
396,54258,damaged,3940,Rejected
397,61103,Late Delivery,-200,Pending
398,81149,Wrong Item,0,Processed
399,51031,Late Delivery,2391,Pending
400,74912,Missing Item,4376,processed
401,8832,Missing Item,1816,PENDING
402,12565,WRONG,2047,Rejected
403,71033,damaged,99999,Processed
404,54373,Missing Item,99999,Processed
405,30078,Wrong Item,400,PENDING
406,471,Wrong Item,99999,Pending
407,38237,Damaged,0,PENDING
408,50010,WRONG,3708,PENDING
409,77961,,99999,Processed
410,67571,Wrong Item,2077,Processed
411,66792,,-200,processed
412,1121,Missing Item,4122,Pending
413,22579,,3011,Processed
414,93989,Late Delivery,-200,PENDING
415,71301,Missing Item,-200,processed
416,36714,WRONG,-200,PENDING
417,56996,Wrong Item,591,Rejected
418,28691,Damaged,4277,Rejected
419,8785,Missing Item,-200,Processed
420,59723,,-200,Rejected
421,49892,WRONG,3034,processed
422,75930,Late Delivery,-200,Rejected
423,41164,WRONG,1134,processed
424,71204,Missing Item,4789,Rejected
425,35811,WRONG,3518,Processed
426,55246,WRONG,99999,Pending
427,70378,Missing Item,-200,PENDING
428,80327,Damaged,2986,processed
429,2223,Damaged,2514,Rejected
430,37023,Late Delivery,1425,Rejected
431,86690,WRONG,956,Rejected
432,97710,,0,processed
433,31886,Wrong Item,99999,Rejected
434,77264,Wrong Item,2814,Pending
435,88787,,0,PENDING
436,54219,Wrong Item,-200,processed
437,31721,Late Delivery,3427,PENDING
438,96534,damaged,4717,Processed
439,23589,Damaged,1076,processed
440,21511,Wrong Item,501,PENDING
441,65632,,0,Processed
442,9799,Damaged,132,PENDING
443,68190,Wrong Item,0,Pending
444,4460,damaged,1521,processed
445,47589,Damaged,1045,Processed
446,75876,Damaged,3020,processed
447,89772,WRONG,3133,processed
448,6142,Damaged,0,Pending
449,6294,Late Delivery,0,processed
450,73710,Damaged,4319,PENDING
451,24216,Late Delivery,2038,Pending
452,5205,Damaged,4642,Processed
453,27027,Late Delivery,99999,processed
454,5619,Wrong Item,-200,Processed
455,9918,Wrong Item,99999,Rejected
456,99786,Missing Item,-200,Rejected
457,15145,,-200,processed
458,58523,WRONG,0,Processed
459,16648,Missing Item,2873,Rejected
460,38639,Wrong Item,984,processed
461,19827,Damaged,3533,processed
462,65728,Damaged,490,processed
463,68035,Wrong Item,99999,Rejected
464,44638,Damaged,-200,Pending
465,40345,Wrong Item,705,processed
466,14142,Wrong Item,0,Processed
467,34695,Damaged,4993,Rejected
468,83795,damaged,99999,Processed
469,71373,Wrong Item,-200,PENDING
470,94214,Damaged,1244,processed
471,36205,Missing Item,496,processed
472,71257,Wrong Item,0,Rejected
473,47941,WRONG,0,Rejected
474,7845,Damaged,3922,PENDING
475,6276,damaged,0,processed
476,84520,Late Delivery,3151,Rejected
477,6200,WRONG,2059,Rejected
478,86954,damaged,-200,processed
479,78178,Wrong Item,99999,PENDING
480,90460,damaged,4393,Processed
481,35754,Missing Item,3169,processed
482,28149,Damaged,0,Pending
483,50956,Late Delivery,-200,processed
484,40647,Missing Item,-200,Pending
485,56548,,4798,Pending
486,2789,Late Delivery,2061,Processed
487,69822,Missing Item,3184,Rejected
488,23056,,99999,Pending
489,28759,Missing Item,3743,Pending
490,66113,damaged,4870,Pending
491,47383,Wrong Item,0,processed
492,65543,WRONG,0,processed
493,42115,Late Delivery,1245,Pending
494,97028,Late Delivery,99999,processed
495,69871,,-200,processed
496,63186,Damaged,1471,Processed
497,70152,damaged,1888,Rejected
498,81358,,3914,Processed
499,50726,Late Delivery,4446,Rejected
500,44695,,1258,Rejected
501,54217,Wrong Item,-200,Pending
502,21136,WRONG,0,Processed
503,8169,,-200,processed
504,31031,Damaged,904,PENDING
505,57245,Wrong Item,0,Processed
506,27689,Damaged,4039,Rejected
507,91097,damaged,0,Processed
508,66243,,-200,Pending
509,86917,Damaged,2111,Rejected
510,73695,WRONG,2268,processed
511,88987,,4200,Processed
512,21239,Wrong Item,1962,Pending
513,13340,Damaged,3786,Processed
514,58678,Missing Item,4393,Rejected
515,95002,WRONG,-200,Pending
516,97504,Wrong Item,99999,Processed
517,89621,damaged,0,Pending
518,45616,damaged,0,Rejected
519,50395,damaged,0,Rejected
520,20888,Late Delivery,142,Rejected
521,95184,Missing Item,0,Rejected
522,73116,Missing Item,99999,PENDING
523,6192,WRONG,0,processed
524,67833,,-200,processed
525,74442,damaged,99999,Processed
526,38553,Wrong Item,1404,Processed
527,1805,Missing Item,734,Rejected
528,75306,damaged,468,Pending
529,80165,WRONG,-200,Processed
530,43394,Damaged,99999,processed
531,13471,WRONG,0,Rejected
532,35969,WRONG,2604,processed
533,9396,Missing Item,3186,PENDING
534,80937,damaged,99999,Processed
535,43979,Missing Item,3639,processed
536,64050,damaged,4848,Rejected
537,41628,,3001,Rejected
538,91559,Wrong Item,1266,Rejected
539,4709,Wrong Item,99999,PENDING
540,47154,Missing Item,4921,processed
541,50625,WRONG,0,PENDING
542,6929,WRONG,0,Pending
543,89230,Missing Item,-200,PENDING
544,82999,Late Delivery,2447,Processed
545,2495,Damaged,99999,processed
546,32030,Damaged,3357,Rejected
547,90576,Wrong Item,3565,processed
548,84104,Missing Item,99999,PENDING
549,33009,WRONG,2373,Pending
550,45478,WRONG,4236,PENDING
551,37765,Missing Item,986,Pending
552,53511,WRONG,2485,Rejected
553,98990,Wrong Item,4507,processed
554,80897,Late Delivery,-200,Rejected
555,65556,Late Delivery,99999,Processed
556,80737,Wrong Item,2953,Rejected
557,81998,Wrong Item,3580,Pending
558,33204,Late Delivery,1455,Rejected
559,67620,Wrong Item,1057,Rejected
560,45605,WRONG,-200,PENDING
561,3998,WRONG,3598,Pending
562,68123,Missing Item,0,Processed
563,50084,Damaged,-200,processed
564,51557,Missing Item,99999,Processed
565,40861,Damaged,1791,processed
566,35216,,-200,Pending
567,26551,Wrong Item,0,PENDING
568,23454,Damaged,717,Processed
569,78860,WRONG,2045,Rejected
570,38198,Late Delivery,3246,Processed
571,44031,damaged,4916,Pending
572,47138,WRONG,0,Pending
573,48353,Damaged,-200,processed
574,8420,Late Delivery,-200,Rejected
575,37710,Damaged,-200,Rejected
576,21768,,4126,processed
577,24163,Wrong Item,-200,Processed
578,11226,Wrong Item,0,Pending
579,98058,Late Delivery,2049,Pending
580,18128,Damaged,99999,Processed
581,92030,Damaged,2261,Processed
582,88669,,1884,processed
583,48525,Damaged,1845,PENDING
584,48451,Late Delivery,0,Processed
585,51335,WRONG,99999,PENDING
586,77124,Missing Item,-200,PENDING
587,88876,Damaged,1800,PENDING
588,89391,Missing Item,1223,Rejected
589,79107,,1009,processed
590,29973,damaged,0,Processed
591,80972,damaged,-200,processed
592,80274,,-200,Rejected
593,52348,damaged,4007,processed
594,56968,Damaged,1533,Rejected
595,95215,,1025,Rejected
596,95189,,842,Processed
597,36942,Wrong Item,-200,Processed
598,37093,Missing Item,251,PENDING
599,14127,Wrong Item,3476,processed
600,99752,Damaged,-200,Pending
601,26850,Missing Item,-200,processed
602,52350,Damaged,1967,processed
603,49406,WRONG,3470,Processed
604,5907,Missing Item,337,processed
605,36307,Late Delivery,99999,Rejected
606,57632,Wrong Item,-200,Processed
607,33015,WRONG,0,processed
608,13043,,-200,Pending
609,85581,Damaged,4698,processed
610,61429,Wrong Item,2249,PENDING
611,28920,Damaged,-200,processed
612,57599,Damaged,2522,processed
613,84767,damaged,-200,PENDING
614,6825,damaged,99999,PENDING
615,21472,WRONG,3191,Processed
616,99910,Missing Item,0,Pending
617,60808,damaged,0,Pending
618,19426,WRONG,3496,PENDING
619,45747,Wrong Item,1616,processed
620,75688,Wrong Item,-200,Pending
621,65112,damaged,-200,processed
622,29398,Missing Item,99999,Rejected
623,21239,Wrong Item,1233,Rejected
624,17718,Missing Item,99999,PENDING
625,965,,714,processed
626,80148,WRONG,2707,processed
627,52038,Late Delivery,993,Rejected
628,56839,Wrong Item,0,processed
629,623,damaged,1288,PENDING
630,12345,,-200,Pending
631,13430,WRONG,2764,Rejected
632,27259,Late Delivery,690,Rejected
633,78765,WRONG,2570,processed
634,48145,Late Delivery,-200,Rejected
635,7485,Missing Item,99999,Pending
636,10000,damaged,1529,Rejected
637,39391,WRONG,4782,Rejected
638,57273,damaged,3537,PENDING
639,6826,Damaged,426,processed
640,63157,WRONG,-200,Rejected
641,49532,Late Delivery,4771,Rejected
642,84198,Damaged,4996,PENDING
643,3595,Late Delivery,4682,processed
644,37606,Late Delivery,-200,Rejected
645,39054,,-200,Pending
646,27019,Damaged,3723,Pending
647,65838,,2559,Rejected
648,46646,Damaged,4579,Pending
649,45260,Missing Item,127,processed
650,80005,damaged,-200,PENDING
651,42146,WRONG,4251,Rejected
652,50645,,0,Processed
653,90268,Late Delivery,2312,Pending
654,86270,Damaged,1398,Rejected
655,60824,damaged,-200,processed
656,72520,WRONG,2011,Rejected
657,15078,Missing Item,3544,Pending
658,22277,Damaged,-200,PENDING
659,30384,WRONG,4881,processed
660,64936,,0,Processed
661,55333,,3361,Processed
662,93718,Missing Item,762,Processed
663,24217,,-200,PENDING
664,33037,damaged,3441,PENDING
665,36853,Missing Item,4274,PENDING
666,36881,Late Delivery,3018,Rejected
667,68284,Missing Item,99999,Rejected
668,91663,,99999,Pending
669,76266,Missing Item,99999,Processed
670,6429,Damaged,99999,Pending
671,74549,damaged,3847,PENDING
672,27760,Missing Item,3418,PENDING
673,86787,Late Delivery,3049,Rejected
674,3544,Late Delivery,3749,Pending
675,11583,WRONG,4121,Processed
676,82621,damaged,0,Processed
677,84808,Missing Item,2012,Rejected
678,53875,WRONG,0,PENDING
679,21754,Wrong Item,0,processed
680,99003,WRONG,0,Pending
681,22419,WRONG,99999,PENDING
682,42996,,0,Processed
683,62198,Damaged,-200,Pending
684,99897,Missing Item,2756,PENDING
685,72411,Damaged,2612,Rejected
686,80328,Damaged,99999,Rejected
687,88337,Wrong Item,2916,Processed
688,25329,Damaged,2796,Rejected
689,75981,Missing Item,0,Rejected
690,80268,WRONG,0,Rejected
691,85682,WRONG,99999,Processed
692,1550,damaged,1260,Rejected
693,21860,Missing Item,0,Rejected
694,6695,Damaged,3720,processed
695,96744,Missing Item,0,PENDING
696,43343,Missing Item,-200,Pending
697,10986,,1406,Pending
698,21408,,-200,PENDING
699,90975,WRONG,2549,Pending
700,76924,Damaged,99999,Processed
701,53854,,99999,Rejected
702,96059,Missing Item,3590,Processed
703,19113,Damaged,2549,PENDING
704,33778,damaged,-200,processed
705,43316,damaged,2609,Pending
706,13242,Wrong Item,332,Pending
707,29250,Wrong Item,0,Rejected
708,49478,Missing Item,0,Rejected
709,99433,Damaged,99999,Rejected
710,66548,,561,processed
711,69568,Missing Item,4112,Rejected
712,41773,,4173,Processed
713,36594,,0,Processed
714,59580,WRONG,3772,Rejected
715,13162,WRONG,1656,Rejected
716,20981,Damaged,0,Processed
717,6299,Wrong Item,925,Pending
718,88950,Wrong Item,0,Pending
719,93299,Missing Item,1043,Rejected
720,20679,WRONG,0,Rejected
721,94377,,0,Rejected
722,73976,Missing Item,0,processed
723,47465,Missing Item,99999,Rejected
724,34857,,99999,Rejected
725,86383,,-200,PENDING
726,35790,WRONG,4590,PENDING
727,77356,Damaged,-200,Processed
728,32672,,2469,Rejected
729,10701,Late Delivery,0,Pending
730,18199,,-200,processed
731,7066,WRONG,-200,Processed
732,85303,WRONG,2287,processed
733,62320,damaged,0,PENDING
734,30232,Missing Item,-200,PENDING
735,69849,Wrong Item,-200,Processed
736,41544,damaged,1060,Rejected
737,78466,Late Delivery,-200,Pending
738,58595,Late Delivery,4387,Rejected
739,70380,damaged,-200,Processed
740,23021,Damaged,99999,PENDING
741,44617,Missing Item,-200,Pending
742,22318,Wrong Item,-200,Pending
743,60506,Damaged,4747,PENDING
744,52283,Late Delivery,1276,Rejected
745,82027,Damaged,189,Pending
746,41541,Wrong Item,1081,processed
747,3552,Late Delivery,4520,processed
748,49065,,99999,Pending
749,60161,Wrong Item,719,Pending
750,83141,,522,Pending
751,12841,Damaged,797,PENDING
752,10654,damaged,99999,PENDING
753,33279,Damaged,4962,PENDING
754,57701,Missing Item,1673,Processed
755,78218,Missing Item,4958,Pending
756,23091,damaged,917,processed
757,32634,,2094,Rejected
758,74670,Late Delivery,749,PENDING
759,35484,Damaged,4709,processed
760,51583,Missing Item,1230,Pending
761,25912,Wrong Item,0,Processed
762,46851,Damaged,99999,Pending
763,76086,Wrong Item,-200,Rejected
764,7655,Damaged,-200,PENDING
765,51577,damaged,3212,PENDING
766,86705,Wrong Item,634,Processed
767,47463,Wrong Item,4085,processed
768,115,,1572,Pending
769,41390,Damaged,3209,Pending
770,40895,damaged,0,Rejected
771,41846,Wrong Item,99999,Rejected
772,26124,WRONG,3456,Rejected
773,77892,Missing Item,-200,Rejected
774,85175,WRONG,-200,Processed
775,34946,Late Delivery,0,processed
776,81651,damaged,99999,Pending
777,73949,,3349,processed
778,9802,Late Delivery,2296,Pending
779,65600,Late Delivery,-200,Processed
780,48061,Late Delivery,4198,Rejected
781,16399,Late Delivery,1293,Rejected
782,77944,Late Delivery,4800,PENDING
783,92027,Wrong Item,1457,PENDING
784,58526,WRONG,4437,Rejected
785,68169,,330,Pending
786,84379,damaged,1436,PENDING
787,87890,damaged,3121,PENDING
788,82862,,1874,Processed
789,74298,Damaged,2020,Pending
790,80503,,1030,Pending
791,29151,WRONG,1692,Pending
792,56924,Missing Item,0,Processed
793,45711,WRONG,2751,PENDING
794,41289,,99999,Rejected
795,24609,damaged,-200,Processed
796,35128,Wrong Item,1969,PENDING
797,83534,damaged,2716,Rejected
798,26995,Late Delivery,0,processed
799,37411,,-200,Processed
800,4733,damaged,1930,processed
801,79768,Late Delivery,1419,processed
802,33325,WRONG,312,processed
803,17144,,99999,PENDING
804,44098,Late Delivery,2224,processed
805,90491,Wrong Item,-200,Pending
806,79135,damaged,0,PENDING
807,53701,Wrong Item,-200,processed
808,87629,damaged,4676,Rejected
809,55151,Late Delivery,0,PENDING
810,76595,Missing Item,3197,processed
811,78928,,99999,PENDING
812,64312,Missing Item,99999,Pending
813,95738,Late Delivery,-200,Processed
814,77675,Late Delivery,0,Processed
815,92517,,2175,processed
816,88189,Late Delivery,3140,Processed
817,33999,WRONG,1775,Processed
818,84125,,3866,Processed
819,93666,,1175,processed
820,64851,damaged,99999,Processed
821,67105,Damaged,2797,Processed
822,55973,Wrong Item,0,Processed
823,25387,,-200,PENDING
824,72886,Damaged,-200,Pending
825,14983,Wrong Item,99999,Pending
826,80977,damaged,99999,Processed
827,47919,Late Delivery,3445,processed
828,99223,Wrong Item,4601,Rejected
829,12480,Missing Item,0,processed
830,48211,WRONG,99999,Pending
831,63621,Wrong Item,0,processed
832,22382,WRONG,-200,Pending
833,93573,Damaged,4688,Rejected
834,78398,,-200,PENDING
835,4777,Damaged,0,Rejected
836,7853,damaged,4254,processed
837,44931,Late Delivery,0,Pending
838,77783,Missing Item,364,Rejected
839,47920,Wrong Item,99999,Pending
840,81992,Missing Item,4390,Processed
841,64888,WRONG,4942,Rejected
842,93749,Missing Item,3416,Pending
843,82781,,0,Rejected
844,62360,Damaged,3786,processed
845,44009,WRONG,4662,Pending
846,86688,Missing Item,722,processed
847,31961,Missing Item,-200,processed
848,76314,Missing Item,3564,Processed
849,68139,Wrong Item,0,processed
850,307,Damaged,-200,Pending
851,19168,Missing Item,490,Pending
852,65719,Late Delivery,99999,Rejected
853,45627,Wrong Item,-200,Processed
854,59331,Late Delivery,4458,Pending
855,43713,Missing Item,1086,processed
856,38924,,0,Pending
857,91493,,99999,Rejected
858,59831,Damaged,99999,processed
859,79085,,1341,processed
860,86073,damaged,0,PENDING
861,46744,Wrong Item,0,Pending
862,93444,Late Delivery,99999,Rejected
863,23553,Late Delivery,2340,processed
864,67033,Missing Item,3103,Processed
865,44516,Wrong Item,99999,PENDING
866,95342,Damaged,99999,Pending
867,31567,WRONG,4844,Processed
868,75170,Wrong Item,716,PENDING
869,67527,Late Delivery,2460,processed
870,49739,Missing Item,3670,Processed
871,3149,Wrong Item,2469,Processed
872,83017,Wrong Item,1654,processed
873,47923,,0,PENDING
874,91372,Late Delivery,2308,processed
875,36619,WRONG,807,Pending
876,50207,WRONG,-200,Processed
877,70432,Wrong Item,99999,Rejected
878,57251,damaged,383,Rejected
879,61872,Wrong Item,538,PENDING
880,16668,Late Delivery,-200,Processed
881,18891,Damaged,2743,PENDING
882,55081,Late Delivery,-200,Rejected
883,55337,Wrong Item,4184,PENDING
884,57386,Wrong Item,0,Processed
885,7990,Missing Item,3227,Processed
886,41041,WRONG,2383,processed
887,1533,Late Delivery,-200,processed
888,31901,Missing Item,3254,PENDING
889,2188,Late Delivery,932,PENDING
890,2227,Wrong Item,2918,Pending
891,25391,Wrong Item,1287,PENDING
892,14938,Late Delivery,0,processed
893,42087,,3341,Processed
894,82725,Damaged,99999,processed
895,48632,Missing Item,4447,Pending
896,94043,damaged,1199,PENDING
897,68149,damaged,1810,Pending
898,97311,Missing Item,-200,PENDING
899,54721,damaged,0,Pending
900,678,WRONG,4842,PENDING
901,22860,,0,processed
902,2847,Damaged,0,Rejected
903,20613,Damaged,0,processed
904,47311,damaged,4910,Rejected
905,82549,Late Delivery,2845,processed
906,36457,WRONG,-200,Rejected
907,79267,Missing Item,99999,PENDING
908,26933,Damaged,3997,processed
909,66953,Wrong Item,3326,Rejected
910,48244,damaged,99999,Rejected
911,26243,Wrong Item,3855,Pending
912,81823,WRONG,99999,Rejected
913,54380,Late Delivery,0,PENDING
914,29680,Wrong Item,2445,Pending
915,34878,Missing Item,4091,Processed
916,46546,damaged,-200,Rejected
917,13630,Wrong Item,0,Processed
918,54969,Missing Item,-200,processed
919,43156,Damaged,4199,PENDING
920,20973,Damaged,4603,Rejected
921,17286,damaged,-200,PENDING
922,59709,Missing Item,99999,PENDING
923,83652,WRONG,4809,Pending
924,51847,Damaged,4612,PENDING
925,25697,Late Delivery,-200,PENDING
926,24161,,-200,Processed
927,37260,Late Delivery,1925,PENDING
928,78408,Wrong Item,4456,PENDING
929,89527,Damaged,0,Processed
930,75066,Missing Item,2946,PENDING
931,92982,Late Delivery,-200,Pending
932,30221,damaged,2636,PENDING
933,81796,Late Delivery,0,Rejected
934,9111,damaged,-200,Rejected
935,93039,Missing Item,4004,Pending
936,7458,Damaged,4338,Rejected
937,95378,WRONG,99999,processed
938,89346,Missing Item,2263,PENDING
939,67414,Missing Item,3590,Processed
940,53016,Late Delivery,4127,Pending
941,96452,Missing Item,239,PENDING
942,6828,Missing Item,99999,processed
943,9844,,1377,Pending
944,96971,Wrong Item,0,Pending
945,4496,,4730,processed
946,87770,Late Delivery,1556,processed
947,25379,damaged,-200,Processed
948,33310,Missing Item,3074,processed
949,34609,WRONG,3698,Processed
950,61454,Wrong Item,99999,PENDING
951,27130,,0,PENDING
952,71677,Damaged,-200,Processed
953,82250,Late Delivery,3611,PENDING
954,55926,Missing Item,1571,Rejected
955,41804,WRONG,1025,processed
956,58084,WRONG,2221,PENDING
957,47409,,3491,processed
958,7523,Late Delivery,0,Pending
959,28733,Late Delivery,2688,PENDING
960,65363,,0,PENDING
961,91022,,99999,PENDING
962,70745,WRONG,-200,Rejected
963,85764,damaged,99999,Processed
964,11820,,4746,PENDING
965,23713,WRONG,-200,Rejected
966,24319,WRONG,99999,PENDING
967,47847,WRONG,756,PENDING
968,97199,Damaged,2085,PENDING
969,40468,Damaged,-200,Rejected
970,29141,Missing Item,1194,PENDING
971,20250,Late Delivery,-200,processed
972,95368,Missing Item,-200,Rejected
973,88480,Missing Item,2116,Pending
974,26091,damaged,0,PENDING
975,67248,damaged,0,processed
976,88972,,99999,processed
977,46718,WRONG,2747,Rejected
978,5560,WRONG,1776,processed
979,93808,,2409,Pending
980,8751,Missing Item,2293,processed
981,7162,WRONG,-200,PENDING
982,92097,Missing Item,-200,Pending
983,28066,WRONG,1528,Processed
984,81626,,3950,Rejected
985,58884,WRONG,4802,Rejected
986,15731,,3148,Processed
987,36496,Damaged,1313,Processed
988,28264,Late Delivery,99999,Rejected
989,11513,Damaged,-200,PENDING
990,28919,Missing Item,99999,PENDING
991,36823,damaged,4507,Processed
992,26036,Damaged,99999,processed
993,29474,damaged,1461,processed
994,92119,Late Delivery,4998,Rejected
995,75079,damaged,-200,Rejected
996,33218,Late Delivery,2201,processed
997,15320,WRONG,1053,Pending
998,64512,damaged,-200,PENDING
999,67004,Wrong Item,0,Pending
1000,98761,Missing Item,0,processed
1001,50641,Missing Item,-200,processed
1002,56386,Late Delivery,1710,PENDING
1003,53541,Damaged,-200,Pending
1004,12577,,0,Pending
1005,2231,WRONG,2684,Processed
1006,27826,Damaged,0,PENDING
1007,95692,Damaged,0,Rejected
1008,88131,Wrong Item,4482,Pending
1009,48695,,4509,Rejected
1010,91746,,-200,Rejected
1011,30147,Wrong Item,2671,Rejected
1012,8980,,99999,processed
1013,43983,WRONG,0,Rejected
1014,74342,,0,processed
1015,76487,WRONG,2649,PENDING
1016,80555,,99999,Pending
1017,56747,damaged,2881,Processed
1018,47184,WRONG,-200,PENDING
1019,39029,damaged,498,processed
1020,60993,Missing Item,4586,Processed
1021,55931,Damaged,99999,PENDING
1022,10080,Late Delivery,-200,processed
1023,90533,WRONG,0,PENDING
1024,64787,Late Delivery,3218,processed
1025,78508,damaged,-200,Rejected
1026,67108,Wrong Item,3975,Pending
1027,92427,Damaged,4544,Processed
1028,10089,Missing Item,99999,Pending
1029,27947,Damaged,1891,Processed
1030,15738,Late Delivery,0,Pending
1031,1628,Damaged,99999,Rejected
1032,18988,Missing Item,99999,Rejected
1033,40025,Missing Item,-200,Processed
1034,40486,damaged,0,Pending
1035,52868,Wrong Item,99999,Processed
1036,23132,Missing Item,2524,Processed
1037,34514,Damaged,4984,PENDING
1038,83345,Missing Item,2581,Processed
1039,19582,Damaged,99999,Pending
1040,2978,Wrong Item,-200,processed
1041,22916,damaged,4365,Processed
1042,39631,Late Delivery,-200,Rejected
1043,46207,,0,Processed
1044,37368,,0,PENDING
1045,22110,Missing Item,99999,Rejected
1046,78557,Damaged,1539,Processed
1047,3337,damaged,4088,processed
1048,56112,Missing Item,99999,Pending
1049,15282,damaged,2720,Rejected
1050,27721,damaged,2669,processed
1051,60960,Missing Item,0,PENDING
1052,96725,WRONG,0,Processed
1053,96415,,-200,processed
1054,18837,Wrong Item,99999,Processed
1055,81883,,0,Processed
1056,28163,,0,Rejected
1057,89017,Late Delivery,3506,processed
1058,38279,Damaged,0,PENDING
1059,93658,,-200,Rejected
1060,56409,Damaged,99999,Rejected
1061,55186,,356,Rejected
1062,60927,Late Delivery,1918,Pending
1063,59502,Late Delivery,1588,PENDING
1064,26134,Missing Item,2206,Rejected
1065,46370,Damaged,4996,processed
1066,64018,damaged,0,Pending
1067,55678,Missing Item,1713,processed
1068,64997,WRONG,99999,Pending
1069,4265,WRONG,99999,processed
1070,65469,Late Delivery,0,processed
1071,40842,,0,PENDING
1072,440,Late Delivery,0,processed
1073,73446,damaged,4351,Pending
1074,74022,Damaged,0,processed
1075,62420,,0,Processed
1076,94070,Damaged,-200,PENDING
1077,34063,,-200,Rejected
1078,19914,Missing Item,-200,processed
1079,6132,Damaged,1601,Pending
1080,14498,Wrong Item,99999,PENDING
1081,3701,Wrong Item,99999,Processed
1082,45264,WRONG,-200,Processed
1083,89176,Late Delivery,3973,processed
1084,826,WRONG,-200,PENDING
1085,37614,Damaged,-200,PENDING
1086,43711,damaged,0,Processed
1087,93998,Damaged,0,Rejected
1088,18794,Late Delivery,0,Rejected
1089,59875,WRONG,0,Processed
1090,16678,Damaged,2814,Pending
1091,79625,Damaged,0,Pending
1092,82366,Damaged,-200,PENDING
1093,82600,WRONG,0,processed
1094,10583,damaged,399,Rejected
1095,54963,WRONG,0,PENDING
1096,71153,Damaged,-200,Processed
1097,17418,Wrong Item,1001,Pending
1098,67359,,99999,processed
1099,33317,Damaged,2572,PENDING
1100,73788,,99999,PENDING
1101,79690,Damaged,-200,Processed
1102,39757,WRONG,-200,Pending
1103,64538,damaged,4456,PENDING
1104,30474,damaged,2467,PENDING
1105,27389,Late Delivery,-200,Rejected
1106,62909,WRONG,4065,Rejected
1107,57167,damaged,4069,processed
1108,89666,,4517,Rejected
1109,14603,Missing Item,99999,processed
1110,89927,Damaged,2344,PENDING
1111,15494,,3470,PENDING
1112,4362,Missing Item,2038,Rejected
1113,68153,Wrong Item,0,Pending
1114,56279,Late Delivery,-200,Pending
1115,46329,Damaged,-200,Processed
1116,70402,,3020,PENDING
1117,94302,Wrong Item,0,PENDING
1118,58928,damaged,1946,Processed
1119,52723,WRONG,4649,PENDING
1120,9459,WRONG,4243,processed
1121,94149,Damaged,3900,Pending
1122,47529,Damaged,0,Pending
1123,55798,,2198,Processed
1124,61008,Late Delivery,3378,Pending
1125,98277,Late Delivery,3425,Processed
1126,6711,damaged,0,PENDING
1127,9530,Damaged,99999,Pending
1128,17848,Late Delivery,-200,PENDING
1129,57226,WRONG,1641,Processed
1130,90842,,2660,PENDING
1131,53178,WRONG,99999,Rejected
1132,2472,,3473,processed
1133,56395,Missing Item,0,Pending
1134,41078,,3041,PENDING
1135,79494,Damaged,3258,processed
1136,31223,,3004,PENDING
1137,57003,Missing Item,2721,processed
1138,30093,Missing Item,1059,processed
1139,29965,,-200,Processed
1140,73144,Late Delivery,0,Rejected
1141,71427,Wrong Item,-200,processed
1142,39584,damaged,3658,processed
1143,11094,Missing Item,99999,PENDING
1144,90788,damaged,4582,Processed
1145,71188,Damaged,-200,PENDING
1146,843,Damaged,99999,Pending
1147,98122,WRONG,714,processed
1148,25159,Wrong Item,3290,Processed
1149,21699,Late Delivery,135,PENDING
1150,41981,damaged,796,PENDING
1151,41295,Missing Item,2292,Pending
1152,8205,Missing Item,4571,Rejected
1153,11565,damaged,-200,Processed
1154,26331,damaged,1423,Pending
1155,32266,damaged,-200,processed
1156,68556,Damaged,2134,Pending
1157,84715,Late Delivery,0,processed
1158,51229,Missing Item,1951,PENDING
1159,2545,Wrong Item,311,PENDING
1160,11105,Late Delivery,-200,PENDING
1161,25300,Damaged,695,PENDING
1162,25897,damaged,1538,PENDING
1163,24590,WRONG,99999,Pending
1164,21302,Late Delivery,969,Processed
1165,56769,Missing Item,1730,Pending
1166,84377,Missing Item,4442,PENDING
1167,30533,,0,PENDING
1168,65950,Missing Item,2335,Pending
1169,2775,damaged,0,processed
1170,13849,Missing Item,4265,Rejected
1171,1509,,4983,Processed
1172,75683,damaged,-200,Processed
1173,80927,,99999,Rejected
1174,11698,Damaged,99999,PENDING
1175,51028,damaged,99999,processed
1176,73735,,145,PENDING
1177,3138,Missing Item,99999,Rejected
1178,50428,WRONG,0,processed
1179,64927,WRONG,0,Processed
1180,472,,3886,PENDING
1181,21605,Damaged,-200,processed
1182,23370,Late Delivery,-200,Rejected
1183,8776,Wrong Item,1978,processed
1184,5413,WRONG,0,Processed
1185,10522,WRONG,1962,processed
1186,21771,Late Delivery,3709,PENDING
1187,86179,Late Delivery,2814,PENDING
1188,88677,WRONG,-200,processed
1189,27210,WRONG,-200,processed
1190,5825,Missing Item,0,PENDING
1191,27476,Late Delivery,99999,Pending
1192,37665,Wrong Item,113,Processed
1193,10907,Wrong Item,99999,processed
1194,65188,,2466,Pending
1195,44145,Missing Item,99999,processed
1196,11783,Late Delivery,4621,Pending
1197,15819,damaged,0,Pending
1198,19777,Missing Item,-200,Pending
1199,82206,Wrong Item,0,processed
1200,91145,damaged,0,Pending
1201,10440,Damaged,2475,processed
1202,57823,Wrong Item,1702,Rejected
1203,49140,Wrong Item,-200,processed
1204,79831,Late Delivery,521,Rejected
1205,66116,,0,Rejected
1206,92388,Missing Item,99999,processed
1207,30020,WRONG,-200,processed
1208,18329,Late Delivery,0,Pending
1209,8243,Missing Item,-200,Processed
1210,96877,Wrong Item,2029,Processed
1211,43241,Wrong Item,-200,processed
1212,72982,,967,PENDING
1213,41573,damaged,-200,Rejected
1214,11909,damaged,99999,processed
1215,68379,WRONG,-200,Rejected
1216,58236,damaged,0,Rejected
1217,98065,Wrong Item,4464,Rejected
1218,45191,Missing Item,-200,Pending
1219,84432,Wrong Item,961,Pending
1220,22594,Missing Item,0,Pending
1221,94090,Damaged,2889,processed
1222,5470,damaged,3777,Rejected
1223,67670,damaged,1429,Rejected
1224,27055,WRONG,4181,PENDING
1225,89659,Missing Item,1443,Rejected
1226,97105,Damaged,-200,PENDING
1227,72264,,99999,Pending
1228,71987,WRONG,3328,processed
1229,54771,damaged,-200,Pending
1230,35348,WRONG,904,processed
1231,87862,WRONG,-200,Processed
1232,5843,WRONG,4048,Pending
1233,42132,WRONG,99999,processed
1234,29033,,2164,Processed
1235,65215,Late Delivery,99999,Processed
1236,11933,Late Delivery,1546,PENDING
1237,31361,,1119,PENDING
1238,88009,Missing Item,188,Pending
1239,75463,Wrong Item,-200,Pending
1240,45172,WRONG,-200,PENDING
1241,57154,Damaged,0,processed
1242,3831,damaged,681,Rejected
1243,36250,Missing Item,282,Rejected
1244,31702,Late Delivery,2263,processed
1245,45194,Damaged,2286,Processed
1246,11960,Wrong Item,1048,Processed
1247,47041,Missing Item,-200,Processed
1248,59479,Wrong Item,1613,Processed
1249,99393,Wrong Item,-200,Pending
1250,43452,Damaged,99999,processed
1251,22237,Late Delivery,99999,Pending
1252,98214,Missing Item,4322,PENDING
1253,22287,Wrong Item,1311,PENDING
1254,46961,,4890,PENDING
1255,92550,,1160,Processed
1256,60488,WRONG,0,processed
1257,64367,WRONG,2723,Processed
1258,43202,WRONG,99999,PENDING
1259,30416,Damaged,-200,Pending
1260,6050,Late Delivery,-200,Rejected
1261,33516,Damaged,1451,processed
1262,52079,,99999,Processed
1263,82789,WRONG,-200,Pending
1264,78330,,3643,Processed
1265,61460,,2324,Rejected
1266,44124,Late Delivery,1120,Pending
1267,51870,WRONG,2646,Rejected
1268,83468,,2180,Pending
1269,72241,Missing Item,2929,PENDING
1270,16772,,0,PENDING
1271,9778,Missing Item,99999,Rejected
1272,45623,damaged,4719,PENDING
1273,72695,Late Delivery,99999,PENDING
1274,67731,,4675,processed
1275,94200,Wrong Item,2737,Pending
1276,95845,Missing Item,1236,Rejected
1277,77339,damaged,-200,PENDING
1278,85802,Missing Item,1180,PENDING
1279,67450,Wrong Item,4171,Processed
1280,53118,Wrong Item,1787,processed
1281,87231,,-200,Rejected
1282,1326,,99999,Processed
1283,44621,damaged,0,processed
1284,51110,WRONG,99999,Rejected
1285,19132,Wrong Item,0,Rejected
1286,33382,,4949,Pending
1287,46744,Late Delivery,2188,processed
1288,84113,Damaged,3750,processed
1289,47761,Damaged,0,Rejected
1290,30662,,4142,Processed
1291,75532,Damaged,-200,Pending
1292,83477,Late Delivery,0,Processed
1293,81155,Damaged,1092,Processed
1294,99599,Damaged,0,Rejected
1295,65379,,99999,Pending
1296,62037,Missing Item,1445,processed
1297,18506,Wrong Item,0,processed
1298,73578,Damaged,99999,Rejected
1299,7488,Damaged,-200,Rejected
1300,30814,,99999,processed
1301,80295,Damaged,3154,Processed
1302,7836,Damaged,281,Pending
1303,46937,WRONG,113,Rejected
1304,23923,Damaged,1952,PENDING
1305,24359,Late Delivery,3894,processed
1306,21732,Late Delivery,99999,Rejected
1307,72011,damaged,0,Rejected
1308,46731,Late Delivery,0,Processed
1309,94330,Damaged,0,Rejected
1310,9102,Missing Item,1726,Processed
1311,81648,WRONG,1749,Pending
1312,19406,Missing Item,4215,Processed
1313,77111,Wrong Item,-200,Rejected
1314,9677,Late Delivery,2356,Processed
1315,97427,Late Delivery,99999,Processed
1316,5962,WRONG,0,Rejected
1317,66883,damaged,0,Rejected
1318,76930,Damaged,99999,Rejected
1319,12144,Missing Item,99999,PENDING
1320,69290,,-200,processed
1321,92465,,3419,Pending
1322,59654,,-200,Processed
1323,42313,,3076,Pending
1324,10338,Late Delivery,0,Pending
1325,6571,WRONG,4784,Rejected
1326,14232,WRONG,0,Processed
1327,20629,Late Delivery,2901,Rejected
1328,4350,Damaged,632,Pending
1329,49911,Late Delivery,0,PENDING
1330,51750,Damaged,3252,processed
1331,66166,,-200,PENDING
1332,60971,WRONG,-200,PENDING
1333,24217,Late Delivery,99999,Processed
1334,13174,WRONG,952,Processed
1335,45109,Missing Item,889,processed
1336,90404,Missing Item,2711,Rejected
1337,78341,Missing Item,-200,Pending
1338,35330,damaged,4912,Processed
1339,95194,WRONG,99999,Processed
1340,30645,Missing Item,2556,Rejected
1341,95946,,-200,Processed
1342,42977,Wrong Item,1938,Rejected
1343,63700,Late Delivery,0,PENDING
1344,95063,WRONG,0,Pending
1345,7400,Wrong Item,326,processed
1346,65446,Damaged,1123,Processed
1347,12180,WRONG,469,PENDING
1348,64986,Late Delivery,4726,processed
1349,51196,WRONG,2637,PENDING
1350,16330,Late Delivery,2590,Pending
1351,11013,Missing Item,0,Processed
1352,57814,Late Delivery,-200,processed
1353,76383,Wrong Item,1694,PENDING
1354,20048,Damaged,1502,Pending
1355,19140,damaged,0,PENDING
1356,56798,damaged,-200,processed
1357,16413,Damaged,2453,processed
1358,62431,Damaged,-200,Processed
1359,21549,Wrong Item,2640,Processed
1360,13434,WRONG,3661,processed
1361,59314,WRONG,-200,Pending
1362,30803,Wrong Item,99999,Pending
1363,97093,Missing Item,1254,PENDING
1364,77139,Wrong Item,4961,Processed
1365,53219,Missing Item,1519,Rejected
1366,74480,WRONG,2023,PENDING
1367,16563,,0,PENDING
1368,74732,Late Delivery,2080,Processed
1369,37723,Damaged,99999,processed
1370,74798,Wrong Item,748,Processed
1371,6670,Missing Item,1173,Pending
1372,62958,,0,processed
1373,23988,,-200,Rejected
1374,94849,WRONG,3633,PENDING
1375,29281,Wrong Item,99999,Pending
1376,55144,Wrong Item,2450,processed
1377,23158,,775,processed
1378,79099,Missing Item,0,Rejected
1379,94150,Missing Item,-200,processed
1380,36802,,99999,Rejected
1381,96325,damaged,-200,processed
1382,25766,Damaged,269,PENDING
1383,10940,Missing Item,2348,processed
1384,84436,Damaged,154,processed
1385,16202,damaged,99999,processed
1386,56431,damaged,0,processed
1387,16350,Missing Item,4623,processed
1388,94692,Damaged,3214,PENDING
1389,71623,Late Delivery,99999,PENDING
1390,57075,Missing Item,1785,PENDING
1391,58103,Missing Item,0,Processed
1392,42336,Wrong Item,99999,Processed
1393,96240,Wrong Item,236,Processed
1394,74799,WRONG,99999,Processed
1395,99578,,1865,Pending
1396,79647,Wrong Item,99999,Processed
1397,22926,,3619,PENDING
1398,77534,,99999,Rejected
1399,86136,,2700,Processed
1400,43044,WRONG,1290,PENDING
1401,25877,Wrong Item,-200,processed
1402,85860,Damaged,2685,Rejected
1403,13189,Wrong Item,255,processed
1404,99605,Missing Item,3270,Rejected
1405,51061,Damaged,99999,PENDING
1406,91696,Damaged,2962,PENDING
1407,15105,Missing Item,4558,processed
1408,16458,Late Delivery,0,Rejected
1409,47922,Missing Item,0,Rejected
1410,74997,Missing Item,4406,processed
1411,23141,,4412,PENDING
1412,91564,Late Delivery,1194,processed
1413,28283,Late Delivery,-200,Pending
1414,87551,Missing Item,-200,processed
1415,54162,WRONG,-200,Rejected
1416,86521,damaged,-200,Pending
1417,11360,,3448,PENDING
1418,36219,damaged,99999,Rejected
1419,25751,damaged,3107,Pending
1420,2192,damaged,0,Processed
1421,56068,damaged,0,PENDING
1422,88963,damaged,99999,processed
1423,47857,WRONG,99999,PENDING
1424,38896,Damaged,2842,Rejected
1425,13558,Late Delivery,0,processed
1426,6557,,99999,Pending
1427,43336,Missing Item,4886,Rejected
1428,43518,WRONG,2007,Processed
1429,48913,,-200,Processed
1430,87461,damaged,-200,Rejected
1431,32501,Damaged,-200,PENDING
1432,23077,Wrong Item,3957,Rejected
1433,2111,Late Delivery,99999,Pending
1434,14316,WRONG,0,processed
1435,41649,,184,Rejected
1436,59316,damaged,0,Rejected
1437,85795,Late Delivery,2796,Pending
1438,35775,,772,processed
1439,15834,,4656,processed
1440,47395,WRONG,0,PENDING
1441,65537,Wrong Item,-200,processed
1442,57293,WRONG,599,Pending
1443,3539,,1654,Processed
1444,26663,WRONG,1416,processed
1445,35138,Missing Item,1118,processed
1446,66672,Wrong Item,-200,Processed
1447,55094,Late Delivery,2705,Pending
1448,30470,damaged,99999,Processed
1449,91397,Damaged,99999,Rejected
1450,41817,Late Delivery,99999,Processed
1451,96158,,99999,PENDING
1452,77308,WRONG,2655,Rejected
1453,31245,Damaged,0,Processed
1454,13219,Late Delivery,3409,Processed
1455,92807,,375,PENDING
1456,16449,Missing Item,-200,Processed
1457,98796,Missing Item,2145,Pending
1458,22697,damaged,0,PENDING
1459,95346,Late Delivery,2043,PENDING
1460,27358,,99999,PENDING
1461,38666,Missing Item,4318,PENDING
1462,84550,Missing Item,957,Rejected
1463,82138,damaged,3233,PENDING
1464,66410,Damaged,3073,PENDING
1465,29508,damaged,0,Rejected
1466,23145,Missing Item,0,Rejected
1467,87260,WRONG,4966,Pending
1468,83190,Wrong Item,-200,processed
1469,81953,damaged,-200,PENDING
1470,96250,Late Delivery,0,Rejected
1471,1488,,99999,Processed
1472,31020,damaged,2910,Pending
1473,28036,damaged,3861,Rejected
1474,4400,,4314,Rejected
1475,67010,Damaged,4998,processed
1476,31118,WRONG,99999,Processed
1477,62381,Late Delivery,0,PENDING
1478,49732,Late Delivery,0,PENDING
1479,53752,Wrong Item,4029,processed
1480,3429,Damaged,-200,Pending
1481,1643,damaged,-200,Pending
1482,4339,Missing Item,-200,processed
1483,63014,damaged,0,PENDING
1484,80197,Missing Item,4733,Rejected
1485,97276,WRONG,-200,Processed
1486,83739,Missing Item,-200,Rejected
1487,93154,WRONG,1535,PENDING
1488,54387,WRONG,0,PENDING
1489,25956,,99999,Pending
1490,22549,,3508,Processed
1491,73868,Damaged,0,Processed
1492,63146,Wrong Item,99999,Processed
1493,90134,damaged,4895,PENDING
1494,72361,,99999,Rejected
1495,53927,Late Delivery,0,PENDING
1496,45431,Damaged,1895,processed
1497,42152,damaged,2695,Rejected
1498,27768,Damaged,0,Pending
1499,24856,Damaged,99999,Rejected
1500,75972,WRONG,950,PENDING
1501,63984,Wrong Item,99999,processed
1502,19908,damaged,0,PENDING
1503,64826,,99999,Rejected
1504,97804,Wrong Item,0,Pending
1505,48111,Wrong Item,0,Processed
1506,12061,Late Delivery,797,Processed
1507,29205,Wrong Item,4679,Rejected
1508,79593,Damaged,0,Rejected
1509,50615,damaged,2248,PENDING
1510,55481,Missing Item,99999,Rejected
1511,65720,Late Delivery,2336,Processed
1512,59548,damaged,4326,Rejected
1513,743,Late Delivery,1083,Pending
1514,45701,Damaged,319,Processed
1515,12285,,99999,PENDING
1516,71829,,-200,PENDING
1517,10093,Late Delivery,0,PENDING
1518,73340,Missing Item,4645,Rejected
1519,80987,WRONG,0,Pending
1520,43076,Late Delivery,0,processed
1521,97488,Late Delivery,99999,Pending
1522,68049,Wrong Item,-200,Rejected
1523,33185,Damaged,290,Processed
1524,3150,Late Delivery,0,Rejected
1525,91582,Late Delivery,99999,Processed
1526,4397,Wrong Item,0,Pending
1527,64166,WRONG,-200,PENDING
1528,30792,Missing Item,0,PENDING
1529,79318,Missing Item,99999,Rejected
1530,858,damaged,99999,Rejected
1531,98475,Missing Item,3208,processed
1532,24250,,3550,processed
1533,21060,Damaged,0,processed
1534,96454,Missing Item,1652,Rejected
1535,27366,Late Delivery,99999,Rejected
1536,2047,,4456,processed
1537,93394,WRONG,4738,Rejected
1538,10171,WRONG,3146,processed
1539,57028,Late Delivery,99999,PENDING
1540,24363,Missing Item,-200,Rejected
1541,5422,WRONG,-200,Processed
1542,87113,Damaged,4933,PENDING
1543,75821,WRONG,0,PENDING
1544,75949,WRONG,1883,Processed
1545,34384,damaged,0,processed
1546,91570,WRONG,2787,PENDING
1547,60997,,-200,PENDING
1548,80507,,4052,Processed
1549,26903,Damaged,4103,Pending
1550,840,,1079,processed
1551,97865,WRONG,4239,Rejected
1552,2499,Late Delivery,2937,Processed
1553,99288,,0,Rejected
1554,21322,Wrong Item,422,Processed
1555,25607,,3251,Rejected
1556,34991,,0,Rejected
1557,65933,Damaged,3454,Processed
1558,45213,damaged,599,Processed
1559,96785,WRONG,2914,Processed
1560,53133,Damaged,99999,PENDING
1561,75831,Wrong Item,2783,Processed
1562,84251,damaged,0,processed
1563,39217,,-200,Processed
1564,21084,Late Delivery,0,Rejected
1565,83878,Missing Item,-200,PENDING
1566,98580,Missing Item,99999,processed
1567,44966,damaged,-200,processed
1568,70512,Late Delivery,0,processed
1569,95240,Missing Item,682,PENDING
1570,6549,Damaged,352,processed
1571,99990,Missing Item,99999,Rejected
1572,79188,Late Delivery,-200,Pending
1573,4336,Damaged,4752,Pending
1574,77420,Wrong Item,4069,PENDING
1575,64278,Damaged,-200,Processed
1576,79948,Late Delivery,99999,Processed
1577,47045,WRONG,-200,Processed
1578,78950,damaged,99999,Rejected
1579,93602,Missing Item,2029,Pending
1580,91477,damaged,1764,Processed
1581,94557,Missing Item,2148,Processed
1582,95844,Late Delivery,3694,Processed
1583,83823,,2359,Rejected
1584,71878,WRONG,0,PENDING
1585,13809,,2415,Rejected
1586,531,WRONG,0,processed
1587,70808,,-200,Pending
1588,48232,,0,PENDING
1589,4733,Missing Item,0,processed
1590,40793,damaged,4006,Processed
1591,81414,WRONG,-200,processed
1592,2124,Late Delivery,3793,processed
1593,33707,Missing Item,1227,processed
1594,18345,Missing Item,1448,Processed
1595,65350,Damaged,-200,PENDING
1596,52785,Wrong Item,3676,PENDING
1597,80799,WRONG,-200,Pending
1598,53541,,3636,PENDING
1599,85619,damaged,-200,Pending
1600,33636,damaged,1567,Pending
1601,35496,Late Delivery,2037,Processed
1602,10982,Damaged,0,Pending
1603,4744,Wrong Item,1875,PENDING
1604,52520,Late Delivery,4991,Pending
1605,81234,Late Delivery,4650,PENDING
1606,4106,,1488,Pending
1607,90118,Missing Item,99999,PENDING
1608,75983,Damaged,3634,Rejected
1609,94229,damaged,-200,PENDING
1610,68127,Missing Item,0,PENDING
1611,34737,damaged,637,PENDING
1612,54115,Wrong Item,99999,Pending
1613,20621,damaged,99999,Pending
1614,90990,,0,Pending
1615,28672,Wrong Item,4155,Pending
1616,49082,WRONG,737,processed
1617,67540,Wrong Item,2563,PENDING
1618,40934,Missing Item,1006,Pending
1619,28082,damaged,169,PENDING
1620,70920,damaged,4278,Processed
1621,48475,Late Delivery,4116,Pending
1622,5876,Damaged,3469,PENDING
1623,18223,Late Delivery,99999,Rejected
1624,64130,Missing Item,99999,Processed
1625,3458,Late Delivery,0,Rejected
1626,30273,WRONG,633,PENDING
1627,58776,damaged,99999,processed
1628,46168,Wrong Item,3930,Pending
1629,96410,damaged,-200,Rejected
1630,13296,,3053,processed
1631,69449,Damaged,0,Pending
1632,53666,Wrong Item,4224,Pending
1633,95689,Damaged,-200,Processed
1634,93434,damaged,4188,Rejected
1635,28163,Wrong Item,99999,processed
1636,50394,WRONG,99999,Processed
1637,4336,WRONG,0,Rejected
1638,99184,Missing Item,99999,PENDING
1639,46291,WRONG,0,Rejected
1640,76193,Damaged,1582,processed
1641,36618,Late Delivery,1949,processed
1642,46005,WRONG,1859,Pending
1643,37274,Damaged,0,Pending
1644,95608,Missing Item,99999,PENDING
1645,10436,Damaged,2607,processed
1646,57127,Damaged,2087,Pending
1647,37489,,0,processed
1648,92021,damaged,0,Pending
1649,2197,WRONG,0,Processed
1650,1152,Wrong Item,0,Pending
1651,83861,Damaged,1369,processed
1652,39156,damaged,-200,Pending
1653,44146,Wrong Item,4212,Rejected
1654,74898,WRONG,3903,PENDING
1655,81280,Wrong Item,1723,PENDING
1656,53993,Late Delivery,0,processed
1657,97652,,109,Pending
1658,34775,Missing Item,1014,Pending
1659,14936,WRONG,2493,Rejected
1660,58411,Damaged,99999,PENDING
1661,68686,Damaged,3078,PENDING
1662,40576,Missing Item,99999,PENDING
1663,88091,Missing Item,0,Rejected
1664,80909,damaged,0,processed
1665,3577,Damaged,2087,Processed
1666,58211,Late Delivery,99999,Processed
1667,17767,Missing Item,0,PENDING
1668,24867,damaged,990,Processed
1669,19953,Late Delivery,0,Processed
1670,63517,Missing Item,-200,PENDING
1671,13864,Late Delivery,3088,Rejected
1672,3437,WRONG,3142,Pending
1673,58418,Missing Item,3281,processed
1674,77276,Wrong Item,0,Pending
1675,73336,Late Delivery,-200,Rejected
1676,10429,damaged,4742,Pending
1677,57356,Damaged,0,PENDING
1678,25677,Damaged,2083,Processed
1679,49335,,417,Rejected
1680,70263,,-200,Pending
1681,39340,damaged,2543,PENDING
1682,83241,damaged,4929,Rejected
1683,59811,Missing Item,1742,Rejected
1684,56489,Late Delivery,635,processed
1685,40957,WRONG,0,PENDING
1686,72659,Damaged,0,Rejected
1687,6903,Late Delivery,0,processed
1688,14815,Wrong Item,0,PENDING
1689,98626,Wrong Item,0,PENDING
1690,30505,damaged,1887,PENDING
1691,5128,Wrong Item,4805,Pending
1692,33382,damaged,2757,Rejected
1693,95788,,1339,processed
1694,71255,Missing Item,4724,Processed
1695,95903,damaged,-200,Processed
1696,74438,Missing Item,2790,processed
1697,36754,,0,processed
1698,68057,Wrong Item,99999,Rejected
1699,29391,Damaged,1917,Rejected
1700,68162,Late Delivery,-200,Processed
1701,6778,Missing Item,-200,PENDING
1702,65686,Late Delivery,99999,Rejected
1703,79340,,3138,Pending
1704,78133,Missing Item,702,Processed
1705,20364,Damaged,99999,PENDING
1706,54904,Damaged,4372,Rejected
1707,79091,WRONG,3405,PENDING
1708,23607,damaged,4244,processed
1709,37021,damaged,99999,PENDING
1710,43393,Wrong Item,4721,Processed
1711,33242,Missing Item,0,processed
1712,48476,damaged,4162,Processed
1713,45789,,611,Rejected
1714,38974,WRONG,0,processed
1715,5880,Wrong Item,4865,Processed
1716,10952,,3635,Rejected
1717,38883,Missing Item,99999,Pending
1718,65421,Late Delivery,2416,Processed
1719,77513,WRONG,1880,processed
1720,62836,,4749,processed
1721,76119,Damaged,99999,PENDING
1722,50667,damaged,2492,Rejected
1723,64223,damaged,4676,Pending
1724,10149,Damaged,0,Processed
1725,39960,Damaged,99999,Processed
1726,63028,,0,Processed
1727,53330,Missing Item,3873,Rejected
1728,91463,,0,Pending
1729,24628,Missing Item,4520,processed
1730,21713,Missing Item,3472,Pending
1731,36474,Damaged,4140,processed
1732,89691,Damaged,1538,PENDING
1733,88235,Late Delivery,0,Processed
1734,25430,Missing Item,-200,PENDING
1735,16507,Wrong Item,-200,Pending
1736,40368,Damaged,3490,PENDING
1737,72615,,99999,processed
1738,87455,,99999,Pending
1739,47775,WRONG,4877,Processed
1740,56762,damaged,118,Rejected
1741,34218,Damaged,2284,Rejected
1742,50146,WRONG,2025,processed
1743,23142,WRONG,-200,Processed
1744,14923,,3349,processed
1745,11959,,99999,processed
1746,95867,WRONG,0,processed
1747,52596,,1412,Processed
1748,41807,damaged,99999,Processed
1749,6687,damaged,-200,processed
1750,33316,damaged,0,PENDING
1751,37780,Missing Item,4947,processed
1752,83663,Late Delivery,99999,processed
1753,5824,Wrong Item,0,Processed
1754,38240,,4922,processed
1755,76055,damaged,2507,processed
1756,52493,Missing Item,1963,Rejected
1757,94774,Missing Item,1138,Pending
1758,41920,,3073,processed
1759,32491,WRONG,0,Pending
1760,26769,Wrong Item,0,Rejected
1761,34693,Wrong Item,1260,Rejected
1762,96593,,0,Rejected
1763,46996,Wrong Item,4435,processed
1764,36,Damaged,0,processed
1765,80327,,0,Processed
1766,99960,WRONG,99999,Pending
1767,32769,Missing Item,0,Rejected
1768,85368,Wrong Item,-200,Processed
1769,40774,Missing Item,1795,Processed
1770,28193,WRONG,0,Rejected
1771,23412,,1132,Processed
1772,84429,Damaged,4118,processed
1773,74054,Wrong Item,0,Pending
1774,39513,Damaged,4603,processed
1775,59967,Damaged,2646,Pending
1776,59915,Wrong Item,4653,Pending
1777,74008,Late Delivery,99999,PENDING
1778,47047,,-200,PENDING
1779,52155,Wrong Item,-200,Processed
1780,66058,Wrong Item,99999,Pending
1781,60472,damaged,-200,Rejected
1782,9907,Damaged,0,Rejected
1783,29132,,-200,Rejected
1784,26669,Damaged,99999,PENDING
1785,72110,damaged,1046,Rejected
1786,32350,Missing Item,99999,Rejected
1787,4753,,-200,Pending
1788,42199,,0,Rejected
1789,27410,Wrong Item,0,Processed
1790,2789,damaged,-200,Processed
1791,50217,,483,Rejected
1792,44991,Missing Item,-200,Processed
1793,30416,Wrong Item,99999,PENDING
1794,24539,damaged,99999,PENDING
1795,84888,Damaged,1385,Processed
1796,18399,Wrong Item,0,processed
1797,40634,,714,Pending
1798,25160,damaged,99999,processed
1799,55075,Missing Item,0,PENDING
1800,54238,Late Delivery,0,processed
1801,29294,Missing Item,2694,Rejected
1802,31420,,0,processed
1803,36166,Wrong Item,-200,processed
1804,69989,Damaged,3409,Rejected
1805,69254,Damaged,1642,PENDING
1806,22251,,0,Processed
1807,56201,Missing Item,691,Pending
1808,56599,WRONG,4648,Rejected
1809,31172,Late Delivery,846,PENDING
1810,63098,Damaged,99999,PENDING
1811,18577,Wrong Item,-200,processed
1812,742,Damaged,-200,Rejected
1813,55726,damaged,-200,Rejected
1814,16149,Late Delivery,99999,Rejected
1815,53927,Missing Item,2906,Pending
1816,19546,Missing Item,1438,Pending
1817,15354,WRONG,4432,PENDING
1818,31045,Damaged,3617,Processed
1819,61061,Wrong Item,1303,processed
1820,84709,Damaged,4280,Pending
1821,75593,WRONG,1755,Pending
1822,21650,Missing Item,99999,PENDING
1823,59657,Damaged,-200,Pending
1824,92921,Damaged,-200,Rejected
1825,4072,,3343,Pending
1826,2012,WRONG,4893,Processed
1827,42163,Missing Item,2206,Processed
1828,9890,WRONG,2142,Pending
1829,63974,Late Delivery,-200,Processed
1830,2214,Wrong Item,988,Processed
1831,75713,Damaged,-200,PENDING
1832,66704,Wrong Item,4275,PENDING
1833,94364,WRONG,0,PENDING
1834,81331,WRONG,4532,processed
1835,66226,,0,Pending
1836,20976,damaged,99999,processed
1837,1233,Missing Item,4777,Rejected
1838,96759,Wrong Item,1806,processed
1839,91099,WRONG,-200,Pending
1840,52440,Late Delivery,2149,Processed
1841,74757,WRONG,4399,Pending
1842,70835,Late Delivery,1564,PENDING
1843,79841,Wrong Item,99999,Pending
1844,9051,Missing Item,2913,processed
1845,96536,Damaged,721,processed
1846,77897,,0,processed
1847,4586,Missing Item,1859,Rejected
1848,80019,Damaged,99999,processed
1849,82062,damaged,99999,Pending
1850,13184,Damaged,4094,PENDING
1851,36673,damaged,-200,processed
1852,51623,damaged,4653,Pending
1853,65241,WRONG,4265,PENDING
1854,64279,Damaged,0,Processed
1855,83510,Missing Item,99999,PENDING
1856,92215,Damaged,0,Pending
1857,13563,Damaged,899,processed
1858,50973,Late Delivery,0,Processed
1859,15136,,99999,Processed
1860,79304,,3063,Processed
1861,5653,,4526,Rejected
1862,50977,Damaged,1993,processed
1863,45983,damaged,669,Processed
1864,67995,Wrong Item,99999,Rejected
1865,2221,Late Delivery,99999,Pending
1866,91105,,99999,processed
1867,6083,WRONG,2361,PENDING
1868,48730,WRONG,1660,Processed
1869,61349,,-200,processed
1870,27710,Late Delivery,-200,Rejected
1871,59455,Damaged,2581,PENDING
1872,17711,Late Delivery,-200,Rejected
1873,27994,Wrong Item,-200,Pending
1874,16441,,0,Processed
1875,23312,Damaged,2679,Pending
1876,84676,Missing Item,0,PENDING
1877,26606,,-200,PENDING
1878,58858,Damaged,1982,Processed
1879,34030,Wrong Item,3431,Pending
1880,26474,,99999,processed
1881,70526,Damaged,2785,Processed
1882,52219,damaged,3525,Pending
1883,23815,damaged,4430,PENDING
1884,59353,WRONG,1881,Rejected
1885,18368,Late Delivery,3591,PENDING
1886,61230,Damaged,3078,Processed
1887,80292,Missing Item,1429,Rejected
1888,24772,damaged,650,PENDING
1889,51215,Missing Item,1379,Pending
1890,48452,,1682,Rejected
1891,59526,WRONG,2321,processed
1892,94970,,1845,Pending
1893,50378,,4803,processed
1894,16043,damaged,2679,Pending
1895,14914,Damaged,976,Rejected
1896,14316,Wrong Item,99999,Processed
1897,46339,Wrong Item,99999,Pending
1898,47839,Missing Item,4290,PENDING
1899,42180,Missing Item,222,Rejected
1900,29482,Wrong Item,1964,processed
1901,31502,damaged,733,Processed
1902,38836,Damaged,4936,Pending
1903,39102,damaged,0,processed
1904,34096,Missing Item,3758,Pending
1905,58515,Damaged,99999,Processed
1906,75918,Wrong Item,-200,Processed
1907,91916,Damaged,-200,Processed
1908,70829,Missing Item,2372,processed
1909,72924,Wrong Item,3289,Rejected
1910,9543,,2145,Processed
1911,25142,damaged,4446,Processed
1912,15438,Missing Item,99999,Processed
1913,44392,Late Delivery,0,Pending
1914,24522,,99999,Rejected
1915,73492,Damaged,-200,Processed
1916,98021,WRONG,-200,Rejected
1917,32408,Late Delivery,0,PENDING
1918,14374,damaged,1466,Pending
1919,40060,Late Delivery,-200,PENDING
1920,82952,Damaged,-200,Pending
1921,39826,damaged,1700,Rejected
1922,61380,Missing Item,2269,Pending
1923,58748,Missing Item,99999,Rejected
1924,74235,,398,PENDING
1925,76500,,0,Processed
1926,66997,Late Delivery,966,PENDING
1927,49291,Late Delivery,373,PENDING
1928,4048,WRONG,906,Processed
1929,20517,Wrong Item,2577,processed
1930,12834,Late Delivery,-200,Rejected
1931,6981,,1402,Pending
1932,74867,damaged,1809,Processed
1933,45088,Late Delivery,-200,PENDING
1934,79692,Missing Item,1516,processed
1935,34545,damaged,-200,Processed
1936,87366,,306,Processed
1937,28877,WRONG,2835,Rejected
1938,31713,damaged,-200,Processed
1939,14774,Missing Item,0,PENDING
1940,77383,damaged,-200,Rejected
1941,36421,damaged,3399,Pending
1942,14634,WRONG,3049,PENDING
1943,90198,Late Delivery,4954,Processed
1944,78078,WRONG,99999,processed
1945,22532,,-200,processed
1946,11214,WRONG,4510,Pending
1947,25693,,4286,Rejected
1948,62366,Damaged,4803,Processed
1949,24213,Wrong Item,3275,Pending
1950,33885,Missing Item,2547,Rejected
1951,7758,WRONG,4396,Pending
1952,74413,WRONG,0,Rejected
1953,49787,Wrong Item,-200,processed
1954,71644,Damaged,-200,Pending
1955,55918,damaged,1663,Pending
1956,6178,Damaged,593,Pending
1957,92920,WRONG,-200,PENDING
1958,67020,WRONG,-200,Pending
1959,96662,,-200,processed
1960,59430,Missing Item,4296,Processed
1961,6080,Missing Item,99999,Processed
1962,96581,Wrong Item,1966,Rejected
1963,61243,WRONG,99999,Processed
1964,35625,WRONG,4314,Pending
1965,18383,WRONG,-200,PENDING
1966,24110,damaged,99999,PENDING
1967,49558,Damaged,4813,Processed
1968,30087,Late Delivery,332,Processed
1969,77970,Wrong Item,720,PENDING
1970,31795,Damaged,0,Processed
1971,48399,damaged,1415,processed
1972,44432,Late Delivery,4601,Processed
1973,6236,Wrong Item,3702,PENDING
1974,45680,Damaged,0,Pending
1975,3733,Damaged,99999,Processed
1976,38911,Wrong Item,265,Rejected
1977,25352,Late Delivery,-200,Pending
1978,23055,,-200,Rejected
1979,25356,damaged,1790,Processed
1980,34281,Late Delivery,2217,PENDING
1981,60402,Late Delivery,99999,processed
1982,40355,Damaged,2872,Processed
1983,16082,,1992,Pending
1984,76094,,-200,PENDING
1985,72348,Missing Item,2404,processed
1986,53641,Late Delivery,233,PENDING
1987,23675,,0,processed
1988,41055,Missing Item,2693,Processed
1989,83398,WRONG,1110,Pending
1990,82031,Damaged,4603,PENDING
1991,89391,Late Delivery,-200,Rejected
1992,33910,Damaged,2458,Rejected
1993,38940,Wrong Item,819,Rejected
1994,58239,damaged,2567,Pending
1995,9557,Damaged,4989,processed
1996,61010,Wrong Item,4179,Rejected
1997,78285,Damaged,0,PENDING
1998,86604,Wrong Item,99999,PENDING
1999,72541,damaged,2197,processed
2000,73444,Wrong Item,1137,Processed
2001,13265,Missing Item,-200,Pending
2002,93427,Damaged,0,processed
2003,95676,WRONG,3838,Pending
2004,26521,Missing Item,2857,Rejected
2005,93024,WRONG,4226,Processed
2006,44082,WRONG,0,Processed
2007,3606,Missing Item,4006,Rejected
2008,72810,WRONG,99999,processed
2009,80706,,99999,Pending
2010,32126,Missing Item,-200,Pending
2011,78218,Damaged,-200,Processed
2012,66349,WRONG,902,Pending
2013,75999,damaged,1503,PENDING
2014,56100,Missing Item,0,Rejected
2015,62000,damaged,4042,Processed
2016,17476,Wrong Item,-200,Rejected
2017,90200,Wrong Item,99999,Processed
2018,22514,WRONG,1889,PENDING
2019,1650,Missing Item,-200,PENDING
2020,27227,Missing Item,2984,Processed
2021,5901,damaged,-200,PENDING
2022,31043,Late Delivery,99999,processed
2023,88322,,212,processed
2024,46552,,99999,Processed
2025,16437,Missing Item,4846,processed
2026,94330,Late Delivery,99999,Pending
2027,19152,Late Delivery,-200,Processed
2028,36841,Late Delivery,2489,Processed
2029,57320,,99999,Rejected
2030,61578,Wrong Item,1236,PENDING
2031,65475,Missing Item,99999,processed
2032,50042,Missing Item,0,PENDING
2033,22562,Missing Item,3120,Processed
2034,41783,damaged,1997,Pending
2035,59841,Damaged,3406,Pending
2036,14728,Missing Item,4436,Processed
2037,91551,Damaged,3381,PENDING
2038,57658,WRONG,99999,Processed
2039,87268,Late Delivery,1426,Rejected
2040,7000,WRONG,1199,Rejected
2041,55216,Wrong Item,-200,PENDING
2042,55286,Damaged,0,Processed
2043,88863,Missing Item,99999,Processed
2044,60101,,1665,PENDING
2045,91652,Missing Item,-200,Pending
2046,41865,Damaged,-200,Pending
2047,49343,Damaged,99999,processed
2048,66569,Damaged,2218,processed
2049,47166,Damaged,4410,Pending
2050,83055,damaged,2341,PENDING
2051,89791,damaged,0,Rejected
2052,14377,Wrong Item,99999,Pending
2053,21864,damaged,0,Pending
2054,11536,Late Delivery,2487,PENDING
2055,5248,damaged,99999,processed
2056,81202,WRONG,3939,Pending
2057,67759,,3099,processed
2058,31569,Wrong Item,3696,processed
2059,32125,WRONG,3821,Pending
2060,15594,WRONG,0,Rejected
2061,22644,Wrong Item,3951,Pending
2062,56846,WRONG,-200,Processed
2063,58158,Late Delivery,1625,Pending
2064,26349,,0,PENDING
2065,17095,Damaged,99999,Rejected
2066,12301,Late Delivery,2465,Rejected
2067,78313,Wrong Item,-200,Processed
2068,26804,WRONG,0,Pending
2069,19107,Wrong Item,0,Pending
2070,77429,,-200,Processed
2071,66281,damaged,1272,Pending
2072,36280,WRONG,872,Pending
2073,17808,Late Delivery,-200,Rejected
2074,55089,Missing Item,3130,Pending
2075,50487,Wrong Item,3071,Processed
2076,80907,Missing Item,-200,Processed
2077,70815,Late Delivery,0,Processed
2078,88299,Damaged,99999,Processed
2079,54104,Missing Item,99999,Pending
2080,62817,Damaged,311,Rejected
2081,13105,Late Delivery,3160,Rejected
2082,38810,,1111,Processed
2083,37753,Wrong Item,-200,Pending
2084,83596,Missing Item,-200,Rejected
2085,76258,damaged,99999,PENDING
2086,45124,WRONG,99999,Pending
2087,60316,WRONG,0,Rejected
2088,79392,Late Delivery,99999,processed
2089,21271,Damaged,4317,Rejected
2090,43182,,-200,Rejected
2091,21025,Late Delivery,2551,processed
2092,52729,Late Delivery,4844,PENDING
2093,48617,damaged,99999,Processed
2094,24969,Missing Item,3314,PENDING
2095,1809,Damaged,2556,Pending
2096,49899,WRONG,1460,processed
2097,24674,Late Delivery,99999,Processed
2098,47301,Missing Item,698,Processed
2099,91336,WRONG,2486,PENDING
2100,82918,Wrong Item,3311,Processed
2101,2529,Missing Item,0,Processed
2102,3426,Damaged,99999,Rejected
2103,63626,WRONG,99999,Rejected
2104,13385,Late Delivery,0,PENDING
2105,26581,damaged,1385,Rejected
2106,78199,Missing Item,-200,Rejected
2107,88077,Wrong Item,99999,Processed
2108,35913,Damaged,0,Processed
2109,77118,damaged,3538,PENDING
2110,47220,damaged,0,processed
2111,42204,,-200,Pending
2112,13006,Wrong Item,3444,PENDING
2113,92386,WRONG,99999,processed
2114,32505,Late Delivery,0,Processed
2115,98445,Wrong Item,1017,PENDING
2116,99550,Damaged,385,Processed
2117,23736,Wrong Item,3702,Rejected
2118,29947,,4698,Processed
2119,93140,WRONG,4269,Rejected
2120,5515,damaged,-200,Processed
2121,33100,damaged,0,Rejected
2122,23577,Wrong Item,3786,Pending
2123,79432,Damaged,1027,Rejected
2124,83166,Wrong Item,0,PENDING
2125,21621,damaged,-200,Pending
2126,95965,Damaged,-200,Rejected
2127,50779,damaged,99999,Pending
2128,70308,Late Delivery,4983,Rejected
2129,82314,Damaged,2129,Pending
2130,19703,Late Delivery,2643,processed
2131,49844,Damaged,99999,Processed
2132,38470,Missing Item,0,PENDING
2133,72880,Wrong Item,0,PENDING
2134,37606,Wrong Item,4905,Processed
2135,11433,,265,Rejected
2136,16459,Late Delivery,99999,processed
2137,45867,,-200,processed
2138,21307,Late Delivery,4257,processed
2139,13232,Wrong Item,692,Pending
2140,75749,Damaged,4078,Pending
2141,58316,,109,Pending
2142,93680,Late Delivery,1945,PENDING
2143,76131,Wrong Item,1896,Rejected
2144,3923,Missing Item,2115,Pending
2145,99302,Damaged,-200,Rejected
2146,82455,,3446,Processed
2147,7610,Missing Item,3893,processed
2148,40260,Missing Item,2377,Pending
2149,77649,Missing Item,-200,PENDING
2150,69029,Damaged,2696,Processed
2151,28184,Wrong Item,-200,Processed
2152,66147,Late Delivery,3629,Processed
2153,96201,Late Delivery,0,Processed
2154,38658,Damaged,0,Rejected
2155,82696,,-200,processed
2156,28798,Missing Item,3335,Rejected
2157,93518,damaged,3315,Processed
2158,53543,WRONG,3331,Pending
2159,50834,Missing Item,4447,PENDING
2160,46621,Wrong Item,380,Rejected
2161,28484,Late Delivery,236,Pending
2162,12573,Late Delivery,99999,Rejected
2163,39108,WRONG,99999,processed
2164,12190,Wrong Item,0,Pending
2165,42996,Wrong Item,1168,Pending
2166,91047,Wrong Item,3631,Pending
2167,52210,,99999,Processed
2168,4895,damaged,2742,PENDING
2169,7573,WRONG,2828,Processed
2170,40589,WRONG,1239,Processed
2171,14549,,4919,Processed
2172,73389,,-200,Rejected
2173,83220,Late Delivery,-200,processed
2174,60023,Missing Item,1461,Processed
2175,55860,,-200,Rejected
2176,60545,Wrong Item,2208,PENDING
2177,13266,Late Delivery,1229,Pending
2178,50337,,1417,Pending
2179,21256,,99999,Pending
2180,58481,,0,Rejected
2181,39483,Wrong Item,2181,Processed
2182,2464,Damaged,154,Rejected
2183,9914,Missing Item,99999,Processed
2184,7266,Wrong Item,-200,Rejected
2185,41096,WRONG,-200,Processed
2186,33145,Damaged,-200,Rejected
2187,36,WRONG,99999,Processed
2188,33635,Late Delivery,-200,Rejected
2189,94445,,99999,Pending
2190,5651,WRONG,-200,processed
2191,46931,WRONG,918,PENDING
2192,13471,,99999,Processed
2193,5458,WRONG,0,Rejected
2194,10669,damaged,1894,Pending
2195,12387,,4268,Pending
2196,18632,Late Delivery,270,Pending
2197,12487,Missing Item,3073,Pending
2198,70541,Missing Item,3604,Rejected
2199,64978,Late Delivery,-200,Processed
2200,25070,Wrong Item,3933,Pending
2201,16289,,-200,Processed
2202,70142,,0,PENDING
2203,78082,Missing Item,-200,PENDING
2204,14485,,2168,Processed
2205,31365,Wrong Item,671,Pending
2206,72423,WRONG,3097,Processed
2207,93347,Wrong Item,0,Rejected
2208,67007,Late Delivery,2663,Rejected
2209,27459,,3160,Processed
2210,10083,damaged,2568,Processed
2211,40289,WRONG,-200,Processed
2212,36846,Damaged,99999,processed
2213,4247,Damaged,3745,Pending
2214,22868,damaged,477,Processed
2215,40832,,4334,Pending
2216,67867,WRONG,0,Processed
2217,24533,Late Delivery,99999,processed
2218,25420,Missing Item,4500,Rejected
2219,93015,Missing Item,99999,Pending
2220,40593,Wrong Item,3364,Pending
2221,94458,Late Delivery,4379,PENDING
2222,37589,Missing Item,4375,processed
2223,93562,Damaged,1295,Pending
2224,61323,damaged,0,PENDING
2225,5177,,-200,processed
2226,8262,Wrong Item,3071,processed
2227,48366,Wrong Item,3017,processed
2228,97261,,3338,Rejected
2229,52591,Wrong Item,4372,processed
2230,69961,Late Delivery,1238,Rejected
2231,84357,WRONG,0,Pending
2232,75417,,4881,Rejected
2233,14032,Damaged,2755,Processed
2234,47173,damaged,99999,Rejected
2235,96922,WRONG,3414,processed
2236,12272,Late Delivery,4415,PENDING
2237,53826,,3017,Processed
2238,8576,damaged,4612,PENDING
2239,96931,Wrong Item,1044,processed
2240,28601,Damaged,1857,Pending
2241,10378,Wrong Item,-200,PENDING
2242,57033,Late Delivery,-200,PENDING
2243,92171,Missing Item,4492,processed
2244,39900,Damaged,-200,PENDING
2245,69482,WRONG,0,PENDING
2246,75431,Wrong Item,99999,Processed
2247,10318,,-200,Pending
2248,36609,Damaged,-200,Processed
2249,17129,WRONG,-200,PENDING
2250,93636,WRONG,1240,Rejected
2251,30164,damaged,-200,Pending
2252,53393,WRONG,3074,processed
2253,81777,WRONG,3238,Processed
2254,59114,Missing Item,0,processed
2255,90013,WRONG,99999,Pending
2256,25893,damaged,99999,Processed
2257,10251,Damaged,2712,Rejected
2258,79698,Wrong Item,4509,PENDING
2259,24010,damaged,4493,Pending
2260,9898,Late Delivery,-200,Pending
2261,91118,Damaged,0,Processed
2262,56412,damaged,4295,PENDING
2263,52394,Damaged,2505,Rejected
2264,62867,WRONG,2589,Processed
2265,12342,,3602,Rejected
2266,28213,Wrong Item,1186,PENDING
2267,65731,Damaged,0,Rejected
2268,28948,Damaged,4418,Processed
2269,43228,Wrong Item,0,PENDING
2270,57412,Damaged,99999,Processed
2271,75988,Missing Item,1741,Processed
2272,4282,,0,processed
2273,67459,Late Delivery,762,Rejected
2274,46274,Wrong Item,0,PENDING
2275,75168,Late Delivery,640,processed
2276,23535,Wrong Item,3815,processed
2277,7124,WRONG,4164,Processed
2278,37582,,0,PENDING
2279,39376,Damaged,99999,Processed
2280,5750,Damaged,-200,Pending
2281,52682,Missing Item,99999,Processed
2282,58030,,99999,Rejected
2283,50373,Late Delivery,-200,Processed
2284,69968,Late Delivery,0,Processed
2285,41382,,1696,processed
2286,88705,damaged,2783,Pending
2287,40455,Late Delivery,-200,PENDING
2288,46815,,-200,Pending
2289,4548,damaged,4568,Processed
2290,95059,,4553,processed
2291,65367,WRONG,917,processed
2292,13280,Late Delivery,4237,Pending
2293,24648,Missing Item,3859,Rejected
2294,81328,Missing Item,0,Processed
2295,14291,damaged,99999,Pending
2296,22716,damaged,1655,Pending
2297,43215,Wrong Item,0,Pending
2298,36741,Late Delivery,2565,Pending
2299,20125,Missing Item,4630,Rejected
2300,63780,Missing Item,99999,Processed
2301,3383,,0,PENDING
2302,33078,damaged,-200,processed
2303,95304,Wrong Item,4000,Pending
2304,9832,Missing Item,943,PENDING
2305,83437,Late Delivery,-200,Processed
2306,70485,Damaged,0,PENDING
2307,36483,WRONG,285,Rejected
2308,11505,Missing Item,3349,PENDING
2309,15232,WRONG,429,processed
2310,8966,Damaged,736,Processed
2311,74449,WRONG,-200,Rejected
2312,25684,Missing Item,3317,Rejected
2313,19904,WRONG,2377,processed
2314,23361,WRONG,0,Rejected
2315,19992,Wrong Item,-200,Processed
2316,37784,,270,PENDING
2317,58702,Wrong Item,3827,PENDING
2318,49633,,1427,Rejected
2319,56572,damaged,0,Processed
2320,44837,Late Delivery,236,Processed
2321,50318,Wrong Item,0,Pending
2322,46032,damaged,3629,Pending
2323,99874,damaged,99999,Rejected
2324,81025,,1520,Processed
2325,99646,damaged,2529,Processed
2326,89584,WRONG,-200,processed
2327,41996,Wrong Item,4247,Processed
2328,50522,WRONG,3864,PENDING
2329,54626,damaged,3543,Pending
2330,9703,Late Delivery,4074,Pending
2331,1223,WRONG,-200,Pending
2332,42518,Damaged,2742,Rejected
2333,85387,Damaged,-200,PENDING
2334,22582,WRONG,0,Processed
2335,23789,Late Delivery,2278,Pending
2336,28388,Wrong Item,2857,Processed
2337,9138,damaged,1673,PENDING
2338,28130,,3976,Processed
2339,82274,WRONG,3425,processed
2340,56484,WRONG,-200,Rejected
2341,5238,,99999,PENDING
2342,98731,Late Delivery,504,Rejected
2343,63206,damaged,1276,Rejected
2344,74304,damaged,-200,processed
2345,32480,Late Delivery,3913,Rejected
2346,66278,WRONG,-200,processed
2347,15255,damaged,0,Processed
2348,88129,,1103,Rejected
2349,71168,,2240,Rejected
2350,28780,Missing Item,0,PENDING
2351,74514,Wrong Item,0,Pending
2352,44551,WRONG,0,processed
2353,24254,Late Delivery,2388,Processed
2354,561,WRONG,328,processed
2355,31855,Damaged,2138,Pending
2356,67351,damaged,99999,Rejected
2357,55575,Late Delivery,99999,Rejected
2358,84733,,0,Pending
2359,22593,Damaged,4314,Pending
2360,92615,WRONG,0,Pending
2361,5670,Damaged,-200,Rejected
2362,57763,Wrong Item,99999,processed
2363,81731,Late Delivery,4292,PENDING
2364,1525,Damaged,4132,processed
2365,18265,WRONG,1990,PENDING
2366,11878,,-200,Pending
2367,71143,WRONG,0,Processed
2368,95386,Wrong Item,99999,PENDING
2369,6443,Wrong Item,880,Pending
2370,15430,,0,Rejected
2371,47298,Missing Item,-200,processed
2372,12459,,2160,Rejected
2373,69389,Late Delivery,0,PENDING
2374,8597,damaged,99999,Rejected
2375,79548,damaged,-200,Pending
2376,9171,Late Delivery,1816,Rejected
2377,99524,,2904,Pending
2378,58461,Damaged,-200,Rejected
2379,28185,Missing Item,1245,processed
2380,81132,Damaged,99999,processed
2381,54324,Wrong Item,99999,processed
2382,43583,Wrong Item,529,Pending
2383,13822,Late Delivery,4731,processed
2384,60090,,0,Pending
2385,69879,Missing Item,99999,Pending
2386,7929,WRONG,-200,Rejected
2387,58800,Late Delivery,99999,PENDING
2388,29989,,99999,PENDING
2389,71057,Wrong Item,210,Rejected
2390,19269,Missing Item,0,PENDING
2391,32740,Wrong Item,1414,PENDING
2392,89188,,504,PENDING
2393,11627,WRONG,1575,Rejected
2394,61880,Late Delivery,-200,Pending
2395,39041,WRONG,0,Pending
2396,87086,Wrong Item,883,Processed
2397,72073,,99999,Pending
2398,41601,Missing Item,444,processed
2399,7809,Damaged,0,Processed
2400,31432,Late Delivery,4756,Rejected
2401,46516,Late Delivery,99999,processed
2402,65940,damaged,-200,Pending
2403,93211,damaged,955,Pending
2404,84716,damaged,2403,Pending
2405,36632,WRONG,1416,processed
2406,19594,Missing Item,4375,PENDING
2407,94644,Missing Item,766,Pending
2408,12158,WRONG,-200,Processed
2409,18137,Wrong Item,2657,Processed
2410,12567,Late Delivery,99999,processed
2411,77246,,99999,processed
2412,92530,WRONG,4087,processed
2413,81962,WRONG,1329,processed
2414,62345,Late Delivery,1126,Rejected
2415,18069,damaged,568,Pending
2416,72808,WRONG,0,PENDING
2417,32140,Missing Item,-200,Pending
2418,78402,,993,PENDING
2419,14985,Missing Item,0,Processed
2420,40458,,-200,Processed
2421,69878,Late Delivery,104,Pending
2422,70403,Missing Item,1242,Rejected
2423,63114,Late Delivery,0,PENDING
2424,71137,Late Delivery,0,processed
2425,40730,Wrong Item,-200,Processed
2426,90482,Missing Item,99999,Rejected
2427,21809,Missing Item,824,Pending
2428,2071,damaged,4547,Processed
2429,21046,Wrong Item,1517,Pending
2430,22253,,1247,PENDING
2431,62079,Late Delivery,99999,Processed
2432,27881,Late Delivery,1073,Pending
2433,84811,Late Delivery,4739,Rejected
2434,50327,Late Delivery,3545,Rejected
2435,3518,Late Delivery,-200,processed
2436,81651,Late Delivery,2040,processed
2437,25286,Wrong Item,0,Rejected
2438,89216,WRONG,4466,Pending
2439,49598,Damaged,-200,Processed
2440,82496,Damaged,0,Pending
2441,97173,Missing Item,331,Processed
2442,99251,Missing Item,3902,Pending
2443,31158,Wrong Item,-200,Rejected
2444,5549,,921,Rejected
2445,82307,damaged,4355,processed
2446,10528,Wrong Item,99999,Processed
2447,83905,Damaged,3715,Pending
2448,33660,Wrong Item,-200,PENDING
2449,37610,,3018,Rejected
2450,8281,Damaged,2018,processed
2451,23056,Missing Item,0,processed
2452,28082,Late Delivery,3165,PENDING
2453,79111,Late Delivery,0,Rejected
2454,24681,damaged,99999,Processed
2455,98329,WRONG,2569,PENDING
2456,37651,,3045,Processed
2457,19510,Damaged,99999,PENDING
2458,14009,damaged,3861,processed
2459,37060,Late Delivery,2653,Pending
2460,17697,WRONG,-200,PENDING
2461,62509,,0,PENDING
2462,19672,Wrong Item,3894,Rejected
2463,32286,Wrong Item,0,processed
2464,14179,WRONG,2567,Processed
2465,30433,,4928,Pending
2466,81438,Late Delivery,0,processed
2467,88868,WRONG,615,PENDING
2468,92722,Wrong Item,2558,Processed
2469,61322,damaged,99999,processed
2470,30801,,751,PENDING
2471,86129,damaged,-200,Rejected
2472,92090,Late Delivery,2507,processed
2473,25611,Wrong Item,4954,processed
2474,55187,damaged,4131,Rejected
2475,51533,Wrong Item,4903,Rejected
2476,52036,Late Delivery,1812,Pending
2477,12538,Damaged,-200,Processed
2478,70196,Wrong Item,1224,processed
2479,16717,,505,Processed
2480,99228,WRONG,0,Processed
2481,17051,damaged,99999,Pending
2482,76146,Wrong Item,99999,processed
2483,95084,Wrong Item,99999,PENDING
2484,57774,WRONG,2997,Processed
2485,87901,Missing Item,-200,Rejected
2486,60758,damaged,-200,Rejected
2487,88811,Wrong Item,2311,Processed
2488,53726,Damaged,498,Pending
2489,13279,Damaged,99999,processed
2490,61457,Missing Item,99999,Processed
2491,73571,,99999,Rejected
2492,26942,,2642,Pending
2493,35845,Late Delivery,0,Pending
2494,61854,Wrong Item,-200,Rejected
2495,65453,Late Delivery,2185,PENDING
2496,969,Missing Item,-200,Rejected
2497,17542,Late Delivery,4835,Rejected
2498,89250,damaged,0,processed
2499,91909,Missing Item,-200,Processed
2500,53282,Late Delivery,3994,PENDING
2501,55424,WRONG,99999,Pending
2502,39686,Missing Item,99999,Processed
2503,51673,Late Delivery,1965,processed
2504,91055,Damaged,303,Rejected
2505,97349,,2242,Pending
2506,96348,Missing Item,4003,Pending
2507,82213,damaged,188,processed
2508,64670,Wrong Item,4902,processed
2509,64555,Late Delivery,-200,Rejected
2510,20538,Missing Item,1165,Rejected
2511,67421,WRONG,996,Processed
2512,63457,WRONG,1812,PENDING
2513,30313,Wrong Item,883,Pending
2514,62100,Late Delivery,99999,Pending
2515,98362,Missing Item,4667,Rejected
2516,6130,Missing Item,713,PENDING
2517,95743,WRONG,1001,Rejected
2518,82704,damaged,148,processed
2519,55743,Missing Item,2246,Rejected
2520,39687,Missing Item,99999,PENDING
2521,35620,WRONG,3793,processed
2522,5720,Missing Item,0,PENDING
2523,90693,Late Delivery,99999,Pending
2524,5774,Late Delivery,0,Pending
2525,43969,damaged,99999,PENDING
2526,80140,Missing Item,4998,Rejected
2527,82879,Wrong Item,3468,PENDING
2528,73084,Wrong Item,1328,PENDING
2529,78380,,4480,PENDING
2530,88858,,0,processed
2531,84741,,99999,processed
2532,3684,Wrong Item,330,Rejected
2533,86970,Missing Item,4235,Pending
2534,70199,Wrong Item,3199,processed
2535,94365,,521,PENDING
2536,12555,,0,PENDING
2537,55112,Damaged,2224,PENDING
2538,21798,Wrong Item,99999,PENDING
2539,19544,,0,processed
2540,73712,,4852,Pending
2541,73837,damaged,591,Rejected
2542,7044,Wrong Item,414,Rejected
2543,90934,Wrong Item,99999,Processed
2544,83842,damaged,99999,Processed
2545,1671,Damaged,0,Rejected
2546,77121,,3988,processed
2547,78706,Missing Item,1595,Pending
2548,59687,WRONG,0,Pending
2549,73711,WRONG,99999,Pending
2550,81789,Missing Item,99999,Pending
2551,26614,WRONG,4781,Pending
2552,86511,Wrong Item,99999,Pending
2553,80751,Late Delivery,99999,processed
2554,98043,Damaged,4444,Processed
2555,49398,Late Delivery,0,Rejected
2556,50155,Wrong Item,99999,Processed
2557,46778,Damaged,0,Pending
2558,50889,Missing Item,3103,Rejected
2559,11467,damaged,2292,processed
2560,65036,WRONG,931,processed
2561,93188,WRONG,2252,Pending
2562,36052,Wrong Item,4659,Rejected
2563,24756,Late Delivery,1043,Processed
2564,21849,Wrong Item,0,PENDING
2565,52953,Damaged,2679,Pending
2566,91164,WRONG,0,Processed
2567,66999,,0,PENDING
2568,25552,Missing Item,-200,PENDING
2569,55568,Missing Item,-200,Pending
2570,65656,damaged,-200,Pending
2571,1230,WRONG,2362,PENDING
2572,38022,Wrong Item,0,Pending
2573,23936,WRONG,4988,PENDING
2574,28665,Late Delivery,752,processed
2575,94596,Wrong Item,1419,Rejected
2576,65985,Missing Item,1543,Processed
2577,68552,,3960,PENDING
2578,99756,Late Delivery,3463,processed
2579,67871,Missing Item,3232,processed
2580,50752,damaged,1533,Processed
2581,56965,Damaged,2214,processed
2582,69479,WRONG,133,Processed
2583,61428,Late Delivery,1817,Processed
2584,30031,Wrong Item,3613,Rejected
2585,79890,WRONG,99999,Pending
2586,16975,Late Delivery,0,processed
2587,68048,WRONG,-200,Processed
2588,62066,Late Delivery,0,processed
2589,47098,Wrong Item,3966,Rejected
2590,22772,Wrong Item,0,Rejected
2591,9876,damaged,2267,Processed
2592,59712,damaged,4253,Processed
2593,34671,damaged,2475,Pending
2594,62599,Damaged,0,Pending
2595,62387,WRONG,99999,processed
2596,26682,Wrong Item,-200,PENDING
2597,75529,,4314,Processed
2598,13818,,3637,PENDING
2599,49952,Wrong Item,-200,Pending
2600,27510,Damaged,99999,Rejected
2601,69835,Wrong Item,99999,processed
2602,88983,Damaged,3506,Pending
2603,95901,Missing Item,3570,Processed
2604,46494,Wrong Item,99999,Processed
2605,85058,,0,processed
2606,3959,WRONG,-200,processed
2607,94106,damaged,99999,Processed
2608,79824,Late Delivery,0,Rejected
2609,73313,WRONG,3887,processed
2610,68291,damaged,2853,Pending
2611,85659,Late Delivery,2878,Rejected
2612,15719,,0,Pending
2613,56258,damaged,4918,Pending
2614,9015,WRONG,-200,PENDING
2615,98624,Damaged,1229,Rejected
2616,19354,,-200,Processed
2617,19151,WRONG,3331,Processed
2618,41002,damaged,3781,Rejected
2619,89961,Missing Item,4939,processed
2620,93294,,2697,Rejected
2621,2081,Wrong Item,99999,processed
2622,14062,Late Delivery,99999,Processed
2623,26194,Wrong Item,99999,Rejected
2624,31317,Late Delivery,0,Processed
2625,58865,,2196,Processed
2626,64483,Missing Item,169,processed
2627,20068,Damaged,1356,PENDING
2628,31114,Missing Item,0,Processed
2629,64988,,0,Pending
2630,20539,damaged,1687,Pending
2631,99288,,-200,processed
2632,56144,Damaged,0,Processed
2633,60978,Late Delivery,-200,processed
2634,41124,WRONG,0,Rejected
2635,69448,Damaged,1116,Rejected
2636,10408,WRONG,3276,Pending
2637,70627,Wrong Item,2929,Processed
2638,52186,Late Delivery,599,Rejected
2639,89641,Late Delivery,-200,PENDING
2640,83461,,316,processed
2641,49091,WRONG,0,PENDING
2642,24661,Wrong Item,-200,Rejected
2643,29847,damaged,99999,PENDING
2644,8929,Missing Item,288,PENDING
2645,13982,WRONG,-200,Rejected
2646,81469,Damaged,0,PENDING
2647,7362,Damaged,3301,Processed
2648,27021,Missing Item,-200,processed
2649,31236,damaged,-200,Pending
2650,20599,,99999,Pending
2651,5610,,4130,Pending
2652,37285,Damaged,0,Processed
2653,67469,Missing Item,2104,processed
2654,95227,Wrong Item,599,PENDING
2655,86908,Damaged,2310,Processed
2656,89456,damaged,3971,Rejected
2657,43283,,-200,processed
2658,18776,Missing Item,0,Pending
2659,59506,Wrong Item,4831,Rejected
2660,87561,Late Delivery,99999,Rejected
2661,68390,WRONG,-200,Pending
2662,95482,damaged,1674,Processed
2663,33799,Wrong Item,184,processed
2664,57076,Missing Item,-200,Rejected
2665,15498,Missing Item,0,processed
2666,51404,Late Delivery,99999,Rejected
2667,22190,Damaged,2685,processed
2668,54280,Missing Item,99999,Pending
2669,94326,Wrong Item,99999,Processed
2670,85737,,1280,PENDING
2671,75625,damaged,0,PENDING
2672,74758,Damaged,2173,processed
2673,34938,Wrong Item,4855,Pending
2674,38083,Wrong Item,856,processed
2675,77820,damaged,330,processed
2676,90840,Late Delivery,343,Processed
2677,38837,Late Delivery,2829,Processed
2678,95308,WRONG,99999,Rejected
2679,95690,Wrong Item,0,Pending
2680,28638,,0,Pending
2681,8724,Late Delivery,-200,Processed
2682,24821,WRONG,3983,Pending
2683,64911,Missing Item,0,PENDING
2684,82213,Missing Item,0,Processed
2685,16977,Missing Item,0,Processed
2686,60123,Damaged,1757,PENDING
2687,33393,Missing Item,3022,Pending
2688,70408,WRONG,0,Rejected
2689,34804,Missing Item,3602,PENDING
2690,72085,Damaged,99999,PENDING
2691,17528,Damaged,1769,processed
2692,33582,Damaged,-200,Processed
2693,93746,WRONG,4926,Processed
2694,32629,damaged,99999,Rejected
2695,88538,Late Delivery,0,Rejected
2696,64177,,99999,processed
2697,61440,,3218,Pending
2698,56350,Damaged,99999,Rejected
2699,74394,Damaged,3345,processed
2700,43996,,756,Pending
2701,57227,damaged,3625,processed
2702,95144,WRONG,3671,Pending
2703,5702,damaged,99999,Rejected
2704,13248,,2439,Pending
2705,5037,Damaged,4087,Rejected
2706,71638,,-200,Rejected
2707,28872,damaged,-200,Processed
2708,53684,Damaged,3849,PENDING
2709,26636,Late Delivery,1183,processed
2710,98150,,-200,Pending
2711,68173,damaged,2188,processed
2712,29380,Damaged,99999,Processed
2713,11693,Late Delivery,0,processed
2714,32876,,-200,Pending
2715,56590,WRONG,4356,PENDING
2716,92660,WRONG,-200,Rejected
2717,27503,damaged,-200,Pending
2718,57237,Wrong Item,1032,PENDING
2719,98170,,1311,Pending
2720,89518,Damaged,0,Processed
2721,88730,Missing Item,-200,Pending
2722,84232,Missing Item,1411,Rejected
2723,28250,Wrong Item,-200,Pending
2724,78938,Damaged,4472,Pending
2725,82716,Missing Item,3355,processed
2726,89618,Missing Item,4387,processed
2727,77178,Missing Item,2469,PENDING
2728,63923,Late Delivery,1973,PENDING
2729,43193,Wrong Item,1858,processed
2730,7906,,0,Rejected
2731,31424,damaged,1478,Processed
2732,23486,damaged,99999,Pending
2733,11234,WRONG,3750,Rejected
2734,30518,Damaged,3751,PENDING
2735,72477,,1799,Processed
2736,87600,Late Delivery,0,Pending
2737,33641,Missing Item,99999,processed
2738,93456,damaged,3907,processed
2739,20726,Damaged,-200,Rejected
2740,15316,Damaged,99999,Rejected
2741,33623,Late Delivery,0,Pending
2742,43630,WRONG,4511,Rejected
2743,65581,WRONG,99999,PENDING
2744,60016,Missing Item,-200,PENDING
2745,33887,WRONG,3164,PENDING
2746,53162,,966,PENDING
2747,65648,Wrong Item,4265,Pending
2748,26291,Missing Item,4434,Processed
2749,99793,Late Delivery,2086,Pending
2750,3436,damaged,0,Rejected
2751,45163,Wrong Item,1158,Pending
2752,4264,Missing Item,99999,Processed
2753,26237,,2564,PENDING
2754,39590,Damaged,2321,Rejected
2755,56942,Damaged,99999,PENDING
2756,28960,,4284,PENDING
2757,74324,,4634,PENDING
2758,86053,Missing Item,99999,processed
2759,89058,damaged,2651,Rejected
2760,82132,Late Delivery,0,Rejected
2761,78902,Missing Item,200,processed
2762,34938,damaged,3553,Rejected
2763,99624,Late Delivery,0,Processed
2764,12141,Missing Item,173,Processed
2765,39049,,1437,PENDING
2766,85008,,514,Processed
2767,73199,,99999,Pending
2768,17066,damaged,922,Pending
2769,89488,Late Delivery,250,PENDING
2770,57216,Wrong Item,-200,Processed
2771,47749,Late Delivery,181,Rejected
2772,26764,damaged,1962,Pending
2773,35583,damaged,-200,Processed
2774,58190,Late Delivery,0,Processed
2775,53436,Damaged,4186,processed
2776,59370,Wrong Item,2087,Rejected
2777,96542,Missing Item,99999,Rejected
2778,24772,,0,Rejected
2779,28131,Wrong Item,1355,Rejected
2780,20947,Damaged,1999,Pending
2781,82201,Wrong Item,4589,Pending
2782,85400,damaged,2218,Rejected
2783,25670,Damaged,0,Rejected
2784,4310,Missing Item,-200,PENDING
2785,49446,Wrong Item,99999,Processed
2786,67332,damaged,3362,PENDING
2787,15611,Late Delivery,115,PENDING
2788,27299,Late Delivery,0,Processed
2789,58400,damaged,-200,Processed
2790,86715,damaged,-200,PENDING
2791,22640,WRONG,99999,Pending
2792,92903,Late Delivery,99999,Processed
2793,43694,Late Delivery,4703,Pending
2794,24531,,-200,PENDING
2795,98299,Wrong Item,4153,processed
2796,83844,,3817,processed
2797,75066,,3750,Processed
2798,82479,WRONG,1259,Pending
2799,40568,Damaged,2348,Processed
2800,48296,damaged,-200,PENDING
2801,45806,Damaged,216,processed
2802,93541,Late Delivery,99999,Processed
2803,61441,,-200,Rejected
2804,17995,,3687,Rejected
2805,72200,damaged,1119,processed
2806,88065,,0,Pending
2807,251,WRONG,-200,Rejected
2808,2562,Wrong Item,0,Rejected
2809,86809,Late Delivery,1770,Rejected
2810,67409,WRONG,99999,PENDING
2811,62948,WRONG,1143,processed
2812,44451,Damaged,816,Rejected
2813,5265,WRONG,99999,PENDING
2814,99269,,99999,processed
2815,42139,,3890,Processed
2816,51496,Damaged,99999,Rejected
2817,7056,Wrong Item,0,processed
2818,31765,damaged,1836,Pending
2819,10222,,-200,PENDING
2820,4563,Wrong Item,4124,Rejected
2821,65862,Missing Item,3323,Rejected
2822,97330,WRONG,3422,Rejected
2823,54911,,99999,Processed
2824,70910,damaged,2237,PENDING
2825,74971,WRONG,4474,Processed
2826,36558,,-200,PENDING
2827,82935,Wrong Item,-200,processed
2828,78316,Damaged,0,Processed
2829,80943,Missing Item,2103,Pending
2830,37980,Late Delivery,404,Rejected
2831,46588,WRONG,0,PENDING
2832,62451,Damaged,1565,Pending
2833,4852,WRONG,4526,PENDING
2834,67231,damaged,-200,Processed
2835,8984,Damaged,732,processed
2836,60071,Damaged,4916,Rejected
2837,54006,Damaged,3120,processed
2838,68484,Late Delivery,2712,processed
2839,75662,Late Delivery,2931,processed
2840,6847,,3763,processed
2841,6377,damaged,1979,Pending
2842,57103,Late Delivery,1533,Rejected
2843,69399,,0,Processed
2844,10584,Wrong Item,0,processed
2845,4704,WRONG,2272,processed
2846,64881,damaged,-200,PENDING
2847,1977,WRONG,0,Processed
2848,68754,,4660,Rejected
2849,61975,,0,PENDING
2850,22140,Damaged,2575,Pending
2851,69400,,99999,Processed
2852,58468,damaged,1769,processed
2853,47583,Damaged,99999,Rejected
2854,94139,damaged,-200,Processed
2855,83937,damaged,3743,Rejected
2856,29229,,4563,Processed
2857,91224,WRONG,-200,PENDING
2858,90601,damaged,-200,Pending
2859,10312,WRONG,3897,Rejected
2860,27956,damaged,1514,Processed
2861,20394,Late Delivery,1791,PENDING
2862,46765,Missing Item,0,Rejected
2863,28947,WRONG,1446,Pending
2864,82480,Missing Item,-200,PENDING
2865,89251,damaged,2910,Pending
2866,79093,Wrong Item,0,Pending
2867,35101,WRONG,4477,PENDING
2868,1801,damaged,0,Processed
2869,61513,Late Delivery,2539,Pending
2870,459,Missing Item,469,Pending
2871,4377,Late Delivery,99999,PENDING
2872,27736,damaged,0,Rejected
2873,72846,,-200,Rejected
2874,78819,Late Delivery,3152,processed
2875,45812,Wrong Item,2281,Processed
2876,57712,Wrong Item,2746,processed
2877,18548,Late Delivery,99999,Processed
2878,91667,damaged,0,PENDING
2879,51441,,99999,PENDING
2880,85244,WRONG,3227,Pending
2881,18868,Damaged,99999,Processed
2882,63783,Wrong Item,0,PENDING
2883,87495,Wrong Item,4438,PENDING
2884,16688,Wrong Item,99999,processed
2885,12524,damaged,3201,Processed
2886,83258,Missing Item,161,PENDING
2887,99136,,4692,Processed
2888,97263,,316,PENDING
2889,3446,Damaged,861,Rejected
2890,88547,,0,Rejected
2891,11555,Damaged,2737,Pending
2892,9749,Damaged,99999,processed
2893,85683,damaged,2846,processed
2894,47560,Late Delivery,-200,Rejected
2895,15083,WRONG,99999,Pending
2896,88958,damaged,2537,Rejected
2897,85917,damaged,445,Rejected
2898,90569,,993,Pending
2899,9596,Late Delivery,0,Rejected
2900,38392,WRONG,-200,Rejected
2901,20440,Missing Item,315,PENDING
2902,81653,Missing Item,-200,processed
2903,69929,Missing Item,99999,Processed
2904,90351,Wrong Item,99999,PENDING
2905,3293,Damaged,-200,Pending
2906,89775,Missing Item,-200,Pending
2907,39341,Late Delivery,1632,Processed
2908,72493,Late Delivery,961,PENDING
2909,37814,Damaged,1928,PENDING
2910,7695,Wrong Item,3392,processed
2911,3892,Missing Item,4300,Pending
2912,24071,Late Delivery,271,Pending
2913,55689,Late Delivery,4852,processed
2914,14771,Damaged,0,Rejected
2915,92939,Wrong Item,99999,Pending
2916,84620,Missing Item,4745,Pending
2917,9539,Wrong Item,-200,processed
2918,79387,Damaged,0,Pending
2919,27529,,1127,processed
2920,20702,Wrong Item,3969,PENDING
2921,61265,WRONG,1304,Pending
2922,26256,,2392,Rejected
2923,60377,,99999,Rejected
2924,92564,WRONG,342,Rejected
2925,87480,Wrong Item,99999,processed
2926,43588,Missing Item,4582,PENDING
2927,62851,Late Delivery,4840,PENDING
2928,18883,damaged,1068,processed
2929,78753,Wrong Item,99999,Processed
2930,69866,Wrong Item,99999,PENDING
2931,38405,WRONG,-200,PENDING
2932,29516,Missing Item,99999,PENDING
2933,49149,damaged,99999,Pending
2934,27782,Late Delivery,99999,Processed
2935,72597,Missing Item,99999,processed
2936,6024,Missing Item,99999,PENDING
2937,76542,,99999,processed
2938,5615,WRONG,3693,Pending
2939,79348,damaged,0,PENDING
2940,54062,Late Delivery,3018,processed
2941,74540,Late Delivery,3917,processed
2942,81525,WRONG,0,processed
2943,72555,Missing Item,1314,Pending
2944,16728,Wrong Item,0,Pending
2945,66932,Missing Item,4182,processed
2946,59903,Damaged,-200,Pending
2947,24569,damaged,99999,Pending
2948,60746,Wrong Item,4060,PENDING
2949,37331,Wrong Item,99999,Processed
2950,6924,WRONG,0,Pending
2951,82525,Late Delivery,3817,Pending
2952,67385,Missing Item,0,Rejected
2953,45001,damaged,99999,Pending
2954,84153,Wrong Item,177,Rejected
2955,20571,Late Delivery,-200,Pending
2956,34738,Missing Item,462,Pending
2957,39181,damaged,0,Processed
2958,94611,Missing Item,379,processed
2959,93637,Damaged,2585,Pending
2960,13529,Damaged,4612,processed
2961,28511,Wrong Item,99999,Rejected
2962,83056,Damaged,4479,Pending
2963,82914,Late Delivery,1879,Rejected
2964,30550,Missing Item,3864,PENDING
2965,81648,Late Delivery,2837,Processed
2966,77494,damaged,99999,Processed
2967,90652,Damaged,1301,Rejected
2968,93104,WRONG,716,processed
2969,75897,,99999,Pending
2970,26920,Late Delivery,99999,Pending
2971,60463,Missing Item,1401,PENDING
2972,16355,,0,Processed
2973,83310,Damaged,99999,Pending
2974,14905,Missing Item,-200,Processed
2975,29971,Late Delivery,0,processed
2976,47788,damaged,99999,PENDING
2977,20668,,0,PENDING
2978,71280,Missing Item,3205,Processed
2979,8537,WRONG,3976,Processed
2980,8271,Late Delivery,-200,Rejected
2981,68512,Wrong Item,412,PENDING
2982,31157,Missing Item,1181,PENDING
2983,64771,Damaged,2308,Pending
2984,58740,WRONG,2595,processed
2985,69151,Damaged,3318,Processed
2986,42257,damaged,0,processed
2987,22669,Missing Item,4469,PENDING
2988,71673,WRONG,99999,Rejected
2989,36621,WRONG,4201,Pending
2990,1888,damaged,-200,processed
2991,63552,damaged,2623,Rejected
2992,70936,WRONG,4787,Processed
2993,42161,WRONG,382,PENDING
2994,48924,damaged,0,Pending
2995,17450,Wrong Item,2043,Pending
2996,42127,,3908,processed
2997,18165,,0,processed
2998,60898,Wrong Item,0,PENDING
2999,78216,WRONG,0,Rejected
3000,79781,damaged,183,Pending
3001,16438,WRONG,0,Rejected
3002,47661,damaged,0,processed
3003,23822,WRONG,3294,processed
3004,85993,damaged,99999,processed
3005,95112,damaged,0,Pending
3006,58749,WRONG,99999,PENDING
3007,44502,Damaged,326,Processed
3008,21909,Damaged,-200,processed
3009,50558,WRONG,0,Pending
3010,26634,Missing Item,246,Rejected
3011,62807,Damaged,3721,Rejected
3012,73248,Damaged,-200,Rejected
3013,75004,,-200,processed
3014,39073,Missing Item,4225,Processed
3015,43144,damaged,0,processed
3016,60150,Missing Item,99999,Processed
3017,12675,damaged,4109,Rejected
3018,22462,Wrong Item,-200,PENDING
3019,53151,Late Delivery,0,Processed
3020,72292,Missing Item,2225,PENDING
3021,89863,damaged,3925,Rejected
3022,29056,Missing Item,0,Processed
3023,4532,Damaged,99999,processed
3024,26939,damaged,3719,Processed
3025,26294,Wrong Item,0,Rejected
3026,10568,Wrong Item,2177,Rejected
3027,62588,WRONG,208,Rejected
3028,73648,WRONG,1449,PENDING
3029,32175,Missing Item,99999,Pending
3030,94831,damaged,1600,Pending
3031,30627,WRONG,-200,Rejected
3032,21278,Missing Item,1121,processed
3033,72225,Late Delivery,0,Processed
3034,89748,WRONG,-200,Processed
3035,58395,Damaged,0,Rejected
3036,39310,,99999,Pending
3037,34850,damaged,-200,PENDING
3038,63368,damaged,3820,Processed
3039,27941,,4470,Rejected
3040,51196,Damaged,-200,Pending
3041,65319,Wrong Item,99999,PENDING
3042,84232,,99999,PENDING
3043,55907,Wrong Item,3740,Processed
3044,90273,Wrong Item,-200,Pending
3045,34380,WRONG,184,Rejected
3046,10391,Late Delivery,3491,processed
3047,48858,WRONG,814,PENDING
3048,35845,WRONG,2607,PENDING
3049,34845,,99999,Processed
3050,32495,Wrong Item,1832,PENDING
3051,93077,damaged,0,Pending
3052,71418,Damaged,0,Rejected
3053,3492,WRONG,3436,Pending
3054,71375,WRONG,1342,Rejected
3055,71460,,4446,Pending
3056,64247,,4276,Rejected
3057,54357,Late Delivery,0,Rejected
3058,65332,WRONG,4089,Processed
3059,64,WRONG,237,Processed
3060,60882,Damaged,0,Pending
3061,42281,WRONG,2005,Rejected
3062,74725,Damaged,99999,processed
3063,64345,Late Delivery,0,processed
3064,28388,damaged,4462,processed
3065,88968,WRONG,99999,Pending
3066,54250,,4504,Rejected
3067,67259,,99999,Pending
3068,19906,damaged,3266,Pending
3069,49127,Missing Item,1701,PENDING
3070,337,Missing Item,99999,Processed
3071,237,damaged,2755,Processed
3072,41960,Late Delivery,4315,processed
3073,22015,Late Delivery,650,Processed
3074,15282,Wrong Item,-200,Rejected
3075,12718,damaged,890,Processed
3076,81806,damaged,0,Processed
3077,14896,Wrong Item,0,processed
3078,19140,Missing Item,4106,Rejected
3079,53423,Damaged,-200,Rejected
3080,88269,Damaged,725,Processed
3081,48185,damaged,3168,Pending
3082,31389,Missing Item,0,Processed
3083,6441,Missing Item,0,PENDING
3084,45773,,1467,Rejected
3085,71483,WRONG,0,Rejected
3086,18570,damaged,161,processed
3087,48489,Missing Item,2028,Processed
3088,94244,Late Delivery,-200,Rejected
3089,24096,Missing Item,0,Processed
3090,5600,Damaged,0,Processed
3091,70784,Wrong Item,3622,PENDING
3092,82582,Damaged,616,processed
3093,96345,Damaged,99999,Pending
3094,89185,WRONG,334,processed
3095,87320,WRONG,-200,Rejected
3096,23837,damaged,3630,PENDING
3097,34099,Missing Item,3690,processed
3098,98671,Damaged,-200,Pending
3099,36390,Damaged,3093,Rejected
3100,57433,,-200,Rejected
3101,4303,Missing Item,2573,PENDING
3102,26876,Damaged,99999,processed
3103,61371,,-200,Pending
3104,62828,WRONG,99999,Processed
3105,47055,,99999,Processed
3106,37704,Late Delivery,-200,Pending
3107,44838,Wrong Item,0,processed
3108,26369,Missing Item,3323,PENDING
3109,53536,WRONG,1951,Pending
3110,48426,WRONG,1932,Rejected
3111,49658,,2202,PENDING
3112,82040,damaged,1579,Pending
3113,24,,769,Rejected
3114,49665,damaged,1243,Pending
3115,91908,WRONG,2202,Processed
3116,47152,Wrong Item,4099,PENDING
3117,35108,Missing Item,0,Processed
3118,42173,WRONG,341,processed
3119,45242,WRONG,0,Rejected
3120,34479,Missing Item,0,Processed
3121,22378,Missing Item,0,Pending
3122,98570,Wrong Item,2929,Rejected
3123,6836,Late Delivery,4397,Pending
3124,13958,damaged,-200,Processed
3125,35696,Late Delivery,384,processed
3126,81640,Wrong Item,0,Pending
3127,41919,Late Delivery,3151,Processed
3128,15887,Wrong Item,-200,Processed
3129,5628,WRONG,2504,Processed
3130,68378,Missing Item,4749,Rejected
3131,95970,Missing Item,0,Pending
3132,5808,WRONG,99999,processed
3133,29144,Wrong Item,0,Pending
3134,85455,Late Delivery,-200,Rejected
3135,79953,,2888,Rejected
3136,89457,Late Delivery,911,Processed
3137,96596,Missing Item,3236,PENDING
3138,19266,Missing Item,-200,Pending
3139,42297,Damaged,934,Pending
3140,56956,Late Delivery,2920,Rejected
3141,6182,Wrong Item,0,Pending
3142,46834,Missing Item,0,PENDING
3143,94013,Wrong Item,390,processed
3144,36790,WRONG,99999,Pending
3145,86138,Damaged,960,Pending
3146,50968,Late Delivery,3972,Rejected
3147,35039,Missing Item,1885,Rejected
3148,69942,Wrong Item,-200,PENDING
3149,33267,Damaged,-200,Processed
3150,8351,Late Delivery,1807,Rejected
3151,50678,Damaged,0,processed
3152,97804,Missing Item,4556,Pending
3153,48282,,4494,processed
3154,84113,,1096,PENDING
3155,13147,WRONG,0,Rejected
3156,68839,damaged,0,PENDING
3157,41664,damaged,3541,Processed
3158,73840,,99999,Processed
3159,54881,WRONG,1750,Pending
3160,93685,Missing Item,0,PENDING
3161,60326,Missing Item,1115,processed
3162,94163,WRONG,0,processed
3163,48976,Late Delivery,99999,processed
3164,63630,WRONG,2139,processed
3165,99830,WRONG,-200,Rejected
3166,46616,Late Delivery,99999,Rejected
3167,37674,,-200,Rejected
3168,16971,,4517,PENDING
3169,55492,Wrong Item,0,processed
3170,86971,,1141,processed
3171,28649,Late Delivery,914,Rejected
3172,59462,damaged,-200,Rejected
3173,37980,,-200,Rejected
3174,14054,,1731,Processed
3175,13865,damaged,4343,Processed
3176,22727,WRONG,-200,PENDING
3177,22177,,2397,Processed
3178,93638,Wrong Item,-200,Pending
3179,47139,,99999,processed
3180,23694,WRONG,0,Processed
3181,75212,Wrong Item,1219,Pending
3182,65245,Missing Item,3250,PENDING
3183,38570,Late Delivery,4316,processed
3184,14876,Missing Item,2460,processed
3185,22139,Missing Item,965,Processed
3186,81462,Wrong Item,197,processed
3187,95240,Missing Item,-200,Pending
3188,86503,Wrong Item,-200,Rejected
3189,10140,Damaged,-200,Processed
3190,25644,,1415,processed
3191,97286,,493,Pending
3192,99636,Missing Item,99999,Rejected
3193,65367,Damaged,0,processed
3194,97865,,0,processed
3195,21434,Late Delivery,4546,Processed
3196,65866,,0,Processed
3197,47751,Missing Item,0,Processed
3198,44869,Damaged,-200,Pending
3199,37024,WRONG,2564,Pending
3200,13409,damaged,160,Processed
3201,52284,WRONG,99999,Pending
3202,40592,WRONG,4193,processed
3203,77838,damaged,99999,Pending
3204,51198,,1495,Pending
3205,20405,WRONG,2920,Processed
3206,58155,WRONG,-200,processed
3207,45252,Missing Item,99999,PENDING
3208,11455,Missing Item,3930,Processed
3209,10049,WRONG,3603,Rejected
3210,54474,damaged,99999,Pending
3211,40811,damaged,0,processed
3212,35844,damaged,1662,PENDING
3213,97528,Missing Item,3155,processed
3214,3178,Wrong Item,4885,Rejected
3215,47956,damaged,597,processed
3216,43228,Late Delivery,-200,PENDING
3217,71734,,99999,Processed
3218,70207,,526,PENDING
3219,33499,,3621,Rejected
3220,11087,damaged,99999,Rejected
3221,44651,Wrong Item,99999,PENDING
3222,15764,,379,PENDING
3223,76443,Wrong Item,-200,Rejected
3224,53006,,2351,PENDING
3225,35899,,4154,PENDING
3226,5187,damaged,4881,processed
3227,76710,Damaged,3226,Processed
3228,98420,WRONG,99999,PENDING
3229,13437,damaged,1719,Pending
3230,31042,Damaged,734,Rejected
3231,75753,Late Delivery,0,Processed
3232,77522,,99999,Pending
3233,65192,,4943,PENDING
3234,95203,WRONG,4593,Pending
3235,94243,Late Delivery,-200,Pending
3236,45849,Late Delivery,0,Processed
3237,43806,Late Delivery,2644,processed
3238,23204,,118,Processed
3239,49501,Late Delivery,1527,PENDING
3240,39043,,99999,Processed
3241,55612,Wrong Item,715,Pending
3242,11184,Late Delivery,0,Processed
3243,98729,Damaged,4928,Pending
3244,92250,WRONG,2481,Processed
3245,71551,Late Delivery,99999,Rejected
3246,83636,WRONG,4700,Processed
3247,77915,Damaged,1599,Rejected
3248,23981,Damaged,1220,processed
3249,78508,,0,Pending
3250,36453,damaged,0,PENDING
3251,79364,,99999,PENDING
3252,10385,,3299,Rejected
3253,65169,Damaged,-200,Processed
3254,40321,Wrong Item,-200,Pending
3255,26756,Wrong Item,-200,processed
3256,9770,WRONG,-200,Rejected
3257,11239,Damaged,99999,processed
3258,41287,,3712,Pending
3259,28207,Late Delivery,2328,Rejected
3260,49361,,1518,processed
3261,88266,Missing Item,0,PENDING
3262,97795,Late Delivery,99999,Processed
3263,30031,Wrong Item,3922,Processed
3264,62489,Late Delivery,3395,processed
3265,14417,Damaged,4732,Rejected
3266,56185,damaged,-200,PENDING
3267,57570,Late Delivery,-200,PENDING
3268,20639,damaged,0,processed
3269,61989,WRONG,3378,PENDING
3270,13310,,4473,PENDING
3271,93346,WRONG,0,processed
3272,78178,damaged,99999,PENDING
3273,76320,damaged,235,Processed
3274,12302,,99999,Processed
3275,44670,WRONG,2144,Pending
3276,84065,,790,Processed
3277,64173,Damaged,-200,PENDING
3278,93138,Missing Item,-200,Processed
3279,40212,Missing Item,4772,PENDING
3280,74956,Wrong Item,4615,processed
3281,11352,Missing Item,-200,PENDING
3282,93085,Damaged,990,PENDING
3283,78626,Missing Item,1694,Pending
3284,54912,Damaged,3831,Pending
3285,67299,Wrong Item,1314,Processed
3286,19559,Wrong Item,2038,Processed
3287,69477,Wrong Item,957,Processed
3288,93774,,99999,Pending
3289,7481,WRONG,-200,Processed
3290,26634,Wrong Item,-200,PENDING
3291,15563,Damaged,-200,processed
3292,91044,damaged,2836,Rejected
3293,43850,Late Delivery,-200,Processed
3294,55358,WRONG,-200,PENDING
3295,16837,Damaged,-200,processed
3296,43152,Late Delivery,-200,Pending
3297,59108,damaged,-200,Pending
3298,54575,Wrong Item,0,PENDING
3299,16691,Missing Item,4676,processed
3300,18722,Wrong Item,3917,Pending
3301,25151,Wrong Item,99999,PENDING
3302,20758,Missing Item,286,Pending
3303,42812,Missing Item,-200,Pending
3304,79776,Late Delivery,1193,Rejected
3305,61661,Damaged,3163,Rejected
3306,88970,Missing Item,-200,Rejected
3307,628,Late Delivery,1581,Pending
3308,73003,,99999,processed
3309,78953,Wrong Item,-200,processed
3310,88746,damaged,4471,processed
3311,56641,WRONG,-200,Processed
3312,12798,Missing Item,4072,PENDING
3313,30549,Damaged,0,PENDING
3314,1050,Late Delivery,99999,Rejected
3315,58807,Wrong Item,-200,Rejected
3316,43424,damaged,0,processed
3317,8050,,3929,Processed
3318,98839,Late Delivery,1987,Rejected
3319,57043,Damaged,1456,Pending
3320,53153,Missing Item,-200,Pending
3321,94698,WRONG,0,Pending
3322,28523,,99999,Rejected
3323,48624,Wrong Item,2711,Processed
3324,88862,damaged,-200,processed
3325,29616,WRONG,1631,PENDING
3326,14998,damaged,3552,Processed
3327,72157,damaged,1187,Processed
3328,2240,Wrong Item,0,PENDING
3329,34532,,3182,Processed
3330,86697,Missing Item,0,Pending
3331,50531,damaged,3921,Rejected
3332,15049,Wrong Item,99999,PENDING
3333,51245,Missing Item,99999,PENDING
3334,29997,WRONG,1582,Rejected
3335,71496,damaged,1466,Processed
3336,44353,,0,processed
3337,4485,Missing Item,3317,processed
3338,91595,Damaged,-200,PENDING
3339,50393,Late Delivery,4455,processed
3340,20123,,0,processed
3341,4927,WRONG,400,Rejected
3342,2607,Damaged,99999,Processed
3343,74387,Damaged,1944,Rejected
3344,4309,WRONG,2924,Rejected
3345,10243,Missing Item,1588,Pending
3346,95131,WRONG,99999,Rejected
3347,89165,Wrong Item,-200,processed
3348,67546,Missing Item,1375,processed
3349,5721,Late Delivery,0,Pending
3350,22556,Wrong Item,3743,Pending
3351,71848,Wrong Item,568,Processed
3352,36249,WRONG,3213,Rejected
3353,42997,damaged,-200,PENDING
3354,85726,Wrong Item,3948,PENDING
3355,44305,damaged,3648,processed
3356,16497,Wrong Item,4257,Pending
3357,72576,WRONG,99999,Rejected
3358,72827,Wrong Item,-200,processed
3359,19047,Wrong Item,1591,processed
3360,14929,Missing Item,2244,Processed
3361,94687,,-200,Pending
3362,59013,damaged,404,PENDING
3363,38394,damaged,-200,processed
3364,43165,Late Delivery,2494,Rejected
3365,20412,Wrong Item,3885,processed
3366,43190,,0,PENDING
3367,40080,Missing Item,0,processed
3368,31932,Damaged,3537,Pending
3369,61438,Damaged,2045,processed
3370,42375,Wrong Item,2176,Processed
3371,57686,Damaged,-200,PENDING
3372,51839,Late Delivery,-200,Pending
3373,12608,Late Delivery,4649,processed
3374,31713,Wrong Item,1292,Pending
3375,20092,WRONG,3454,Rejected
3376,79954,damaged,99999,processed
3377,37405,damaged,0,Rejected
3378,42206,,-200,PENDING
3379,78156,Late Delivery,354,processed
3380,65243,Late Delivery,4447,Rejected
3381,35832,Damaged,2728,PENDING
3382,20057,WRONG,0,Processed
3383,28068,,4662,Processed
3384,36973,Wrong Item,1203,Processed
3385,9695,damaged,99999,Rejected
3386,5194,WRONG,2715,Pending
3387,10632,Damaged,293,processed
3388,23070,Damaged,99999,Processed
3389,66069,Missing Item,3048,processed
3390,90877,Missing Item,99999,Processed
3391,54041,WRONG,2338,Rejected
3392,94392,Wrong Item,99999,PENDING
3393,70871,damaged,3393,Processed
3394,46246,Wrong Item,2208,processed
3395,44497,WRONG,3087,PENDING
3396,29868,Late Delivery,-200,PENDING
3397,68231,Wrong Item,1316,Processed
3398,25688,Wrong Item,1337,Rejected
3399,83953,WRONG,1682,PENDING
3400,41098,,-200,Pending
3401,74584,Missing Item,2611,PENDING
3402,61113,,0,PENDING
3403,60818,Wrong Item,1839,processed
3404,33566,Damaged,4323,Pending
3405,463,Damaged,2914,Rejected
3406,30620,WRONG,4169,processed
3407,88529,Damaged,3234,Processed
3408,7897,,988,PENDING
3409,78897,damaged,1353,processed
3410,60083,WRONG,1025,PENDING
3411,4334,Wrong Item,2462,processed
3412,25573,WRONG,0,Rejected
3413,84133,damaged,0,Rejected
3414,77709,damaged,99999,Processed
3415,20514,Missing Item,2147,Rejected
3416,96752,,99999,PENDING
3417,21566,damaged,2146,processed
3418,25903,Late Delivery,99999,Pending
3419,54986,Wrong Item,-200,PENDING
3420,63145,WRONG,0,Pending
3421,47398,Late Delivery,0,Pending
3422,75938,WRONG,99999,Rejected
3423,49315,WRONG,302,Rejected
3424,60172,WRONG,-200,Pending
3425,92833,Damaged,0,PENDING
3426,76829,Wrong Item,99999,PENDING
3427,24662,Damaged,0,Processed
3428,45792,Missing Item,99999,processed
3429,41877,WRONG,3669,Processed
3430,91843,,99999,PENDING
3431,45632,Wrong Item,0,Processed
3432,49386,damaged,485,Processed
3433,51775,WRONG,4224,Processed
3434,46377,Late Delivery,1813,processed
3435,51254,Late Delivery,4309,Pending
3436,19315,Missing Item,1082,processed
3437,20786,Missing Item,-200,PENDING
3438,68988,,0,processed
3439,10236,Damaged,2630,Rejected
3440,69749,Late Delivery,207,Pending
3441,9835,WRONG,697,Rejected
3442,91196,Damaged,99999,Rejected
3443,4827,,-200,processed
3444,69886,WRONG,0,processed
3445,7627,,3594,Pending
3446,17914,,99999,PENDING
3447,88173,Wrong Item,2248,processed
3448,14582,Missing Item,224,processed
3449,73594,Damaged,99999,Pending
3450,42376,,0,PENDING
3451,77255,damaged,99999,Rejected
3452,68225,WRONG,2215,Processed
3453,13137,damaged,-200,processed
3454,23162,,4922,Pending
3455,20770,Wrong Item,3846,PENDING
3456,10778,,0,Processed
3457,97124,,170,Pending
3458,96369,Wrong Item,0,Pending
3459,28457,Late Delivery,99999,PENDING
3460,78574,Damaged,2063,Processed
3461,66398,damaged,4996,processed
3462,77484,,3200,processed
3463,95341,,99999,Rejected
3464,67018,Wrong Item,-200,processed
3465,38061,Missing Item,99999,Rejected
3466,63863,Damaged,1960,Processed
3467,51200,Late Delivery,365,Pending
3468,71796,Late Delivery,4359,Processed
3469,50690,Missing Item,99999,Rejected
3470,2598,,-200,PENDING
3471,2552,Missing Item,1557,PENDING
3472,40441,Damaged,3306,Processed
3473,48129,,-200,processed
3474,94237,Missing Item,99999,Pending
3475,3799,Late Delivery,-200,processed
3476,83041,Wrong Item,99999,PENDING
3477,8488,damaged,2446,Processed
3478,88367,Wrong Item,99999,PENDING
3479,87001,Damaged,0,Pending
3480,78185,Wrong Item,99999,processed
3481,44917,Late Delivery,1932,Pending
3482,22298,Wrong Item,3584,Rejected
3483,93375,Wrong Item,99999,Processed
3484,40159,Late Delivery,0,Pending
3485,97110,Wrong Item,0,Rejected
3486,37057,damaged,4197,Processed
3487,37517,Late Delivery,2838,PENDING
3488,62241,Missing Item,0,Pending
3489,66329,Damaged,99999,processed
3490,62918,Damaged,3961,Rejected
3491,11854,Late Delivery,3326,processed
3492,66037,Missing Item,3216,processed
3493,9361,Damaged,-200,Processed
3494,59876,Late Delivery,668,PENDING
3495,15114,,1776,PENDING
3496,56313,damaged,3964,PENDING
3497,46653,WRONG,99999,Rejected
3498,78100,,99999,Rejected
3499,71537,Late Delivery,3184,Pending
3500,23166,damaged,-200,Processed
3501,3187,Wrong Item,99999,Processed
3502,15196,Wrong Item,99999,PENDING
3503,68234,Late Delivery,0,processed
3504,29989,,3239,Pending
3505,78255,Late Delivery,0,Processed
3506,31664,Damaged,408,PENDING
3507,97132,Late Delivery,0,Pending
3508,46700,Damaged,0,Pending
3509,51068,damaged,2454,Pending
3510,71706,Wrong Item,518,Rejected
3511,81421,,99999,Processed
3512,2168,WRONG,0,Pending
3513,49438,damaged,99999,processed
3514,7435,,2561,processed
3515,57884,Wrong Item,0,Pending
3516,66682,damaged,0,Processed
3517,55602,WRONG,-200,Pending
3518,95960,Wrong Item,4498,Pending
3519,48751,Wrong Item,-200,PENDING
3520,26010,Wrong Item,-200,Processed
3521,12326,WRONG,-200,Processed
3522,98522,Wrong Item,2876,processed
3523,37163,damaged,-200,PENDING
3524,86706,Wrong Item,0,processed
3525,22959,,4346,Rejected
3526,75002,damaged,99999,Pending
3527,52778,WRONG,4397,Processed
3528,1678,Damaged,-200,Rejected
3529,55142,Late Delivery,-200,processed
3530,82614,Late Delivery,2747,PENDING
3531,81981,,2458,Processed
3532,76567,Damaged,4100,PENDING
3533,28281,damaged,99999,processed
3534,27199,Damaged,2688,PENDING
3535,12522,WRONG,932,PENDING
3536,15285,WRONG,2681,Pending
3537,961,Wrong Item,99999,Processed
3538,53709,damaged,4147,Processed
3539,13426,Late Delivery,99999,processed
3540,90327,Damaged,4118,PENDING
3541,55160,WRONG,99999,Pending
3542,53334,Late Delivery,-200,Pending
3543,65121,WRONG,99999,Processed
3544,86033,Late Delivery,3320,Pending
3545,84358,WRONG,-200,Rejected
3546,24887,Missing Item,1482,Rejected
3547,51442,,1846,PENDING
3548,66919,Missing Item,-200,Rejected
3549,49649,WRONG,2339,Rejected
3550,99946,Wrong Item,3940,Rejected
3551,77936,Missing Item,-200,Pending
3552,22880,,2777,Rejected
3553,46338,damaged,273,processed
3554,24908,Late Delivery,920,Processed
3555,35517,Wrong Item,-200,processed
3556,70476,,381,Rejected
3557,27938,,99999,Pending
3558,7361,WRONG,3247,Pending
3559,75774,Missing Item,1436,Pending
3560,1274,WRONG,0,Pending
3561,30132,Missing Item,99999,Processed
3562,9633,Late Delivery,3904,Rejected
3563,29844,Late Delivery,0,Rejected
3564,63920,Damaged,2554,Rejected
3565,78017,Missing Item,4082,Pending
3566,36000,WRONG,1221,Rejected
3567,51550,WRONG,99999,PENDING
3568,55440,Wrong Item,-200,Rejected
3569,99850,Wrong Item,-200,Rejected
3570,36057,damaged,2688,PENDING
3571,64649,Late Delivery,3917,PENDING
3572,32507,Late Delivery,0,Rejected
3573,84582,damaged,99999,Pending
3574,29401,Late Delivery,0,Processed
3575,58767,WRONG,3349,PENDING
3576,84991,Late Delivery,0,Processed
3577,71991,,99999,Processed
3578,55482,Missing Item,-200,PENDING
3579,95628,Late Delivery,99999,PENDING
3580,55402,Damaged,0,PENDING
3581,60732,damaged,-200,PENDING
3582,54540,Damaged,3085,Pending
3583,82033,Missing Item,1190,processed
3584,81115,damaged,484,PENDING
3585,7673,Wrong Item,416,Processed
3586,8247,WRONG,1334,PENDING
3587,17769,Wrong Item,3276,PENDING
3588,11638,WRONG,3341,processed
3589,83127,Missing Item,2381,processed
3590,10246,Late Delivery,99999,Rejected
3591,61575,Wrong Item,290,Pending
3592,60270,Late Delivery,0,processed
3593,32054,WRONG,2598,Pending
3594,4111,Damaged,3756,processed
3595,26131,Late Delivery,-200,Pending
3596,52315,Damaged,99999,Rejected
3597,68392,Wrong Item,4147,Pending
3598,20631,,1176,PENDING
3599,89157,damaged,2625,Rejected
3600,42373,WRONG,99999,processed
3601,17729,Damaged,-200,Processed
3602,43823,Missing Item,1131,Pending
3603,37628,WRONG,99999,PENDING
3604,16799,,1352,PENDING
3605,76474,Missing Item,-200,Processed
3606,45148,Late Delivery,0,Rejected
3607,15735,Missing Item,0,PENDING
3608,70657,Damaged,1489,Rejected
3609,32380,Wrong Item,0,PENDING
3610,25892,Late Delivery,99999,Pending
3611,17430,Missing Item,-200,processed
3612,47089,WRONG,-200,Rejected
3613,51795,Missing Item,4581,PENDING
3614,79599,Missing Item,4735,PENDING
3615,6410,Wrong Item,2489,PENDING
3616,17863,Missing Item,0,Rejected
3617,88166,WRONG,0,Rejected
3618,18478,WRONG,-200,Processed
3619,91966,,-200,processed
3620,47412,damaged,0,Pending
3621,76772,WRONG,688,Rejected
3622,71736,Damaged,-200,PENDING
3623,41654,Wrong Item,2285,processed
3624,63283,,4209,Processed
3625,42543,Missing Item,0,PENDING
3626,78646,damaged,0,Pending
3627,57380,Late Delivery,4635,PENDING
3628,78911,Wrong Item,109,Pending
3629,37807,Damaged,1068,Pending
3630,35901,damaged,0,PENDING
3631,82155,Wrong Item,0,Processed
3632,18362,Missing Item,-200,PENDING
3633,35172,damaged,3807,Rejected
3634,56376,damaged,99999,Pending
3635,36702,Damaged,-200,Pending
3636,90561,damaged,3657,Rejected
3637,53346,,1349,Rejected
3638,14720,,0,PENDING
3639,29791,damaged,99999,Rejected
3640,87434,Wrong Item,1229,PENDING
3641,27807,,0,processed
3642,58140,Wrong Item,1056,PENDING
3643,42076,,0,Pending
3644,45382,Damaged,0,Rejected
3645,93856,,99999,Processed
3646,98585,damaged,99999,processed
3647,94815,Damaged,683,Rejected
3648,30144,Missing Item,0,processed
3649,98393,Damaged,3183,Processed
3650,86476,WRONG,300,Rejected
3651,26548,Late Delivery,3860,Rejected
3652,99494,,2619,processed
3653,55718,WRONG,4728,Pending
3654,28858,WRONG,1476,Processed
3655,51737,Missing Item,2074,processed
3656,22709,Missing Item,3081,processed
3657,57360,Late Delivery,180,Pending
3658,96732,Late Delivery,4623,Rejected
3659,73923,Missing Item,1666,Pending
3660,30098,Late Delivery,-200,Processed
3661,48807,damaged,99999,processed
3662,6263,WRONG,99999,Processed
3663,41604,Late Delivery,2144,PENDING
3664,89288,WRONG,0,Pending
3665,5465,WRONG,99999,processed
3666,65060,Wrong Item,320,processed
3667,24924,Missing Item,0,PENDING
3668,90121,Damaged,-200,PENDING
3669,91833,Missing Item,3173,PENDING
3670,47665,,0,Pending
3671,87648,,-200,Pending
3672,10431,damaged,3295,processed
3673,19549,WRONG,99999,Processed
3674,23584,WRONG,4786,processed
3675,50526,,0,processed
3676,26974,damaged,222,PENDING
3677,33762,Wrong Item,1357,Pending
3678,72497,,0,processed
3679,67600,damaged,-200,PENDING
3680,33736,WRONG,0,Pending
3681,54168,Late Delivery,879,Rejected
3682,69220,WRONG,206,Pending
3683,81162,Missing Item,0,PENDING
3684,23092,WRONG,0,PENDING
3685,32679,Missing Item,0,PENDING
3686,63713,damaged,2561,Pending
3687,20054,damaged,99999,PENDING
3688,63702,Damaged,0,Pending
3689,3938,Wrong Item,3948,PENDING
3690,47397,WRONG,-200,Rejected
3691,10147,Damaged,99999,Pending
3692,94910,,99999,Rejected
3693,69599,Missing Item,334,processed
3694,33423,damaged,3306,Processed
3695,60718,Damaged,323,Rejected
3696,24748,,0,processed
3697,11327,WRONG,777,Rejected
3698,10637,damaged,99999,PENDING
3699,798,Damaged,4477,Rejected
3700,90932,Damaged,0,Processed
3701,81344,Damaged,3789,Processed
3702,9294,,2692,Pending
3703,49104,Wrong Item,99999,Rejected
3704,38504,WRONG,759,PENDING
3705,7176,WRONG,99999,Rejected
3706,83810,Missing Item,0,PENDING
3707,619,WRONG,0,processed
3708,82688,Damaged,3016,PENDING
3709,32667,,2259,Pending
3710,58482,Wrong Item,4564,Processed
3711,43164,Late Delivery,2196,Processed
3712,94302,Missing Item,0,Pending
3713,60946,Damaged,4868,Processed
3714,49990,Late Delivery,2894,Rejected
3715,11889,Wrong Item,2853,PENDING
3716,88017,,1595,processed
3717,67242,Damaged,0,Processed
3718,69400,damaged,99999,PENDING
3719,31076,Late Delivery,4594,Processed
3720,13009,,2669,Pending
3721,89416,damaged,3334,Pending
3722,53307,Damaged,3112,Pending
3723,69649,WRONG,0,Rejected
3724,38044,,99999,Processed
3725,76105,,2751,PENDING
3726,82920,Late Delivery,1195,processed
3727,50425,Wrong Item,-200,Rejected
3728,51009,Damaged,2632,Rejected
3729,90180,Damaged,3514,Rejected
3730,11590,Wrong Item,99999,Processed
3731,35064,Wrong Item,0,processed
3732,28927,damaged,0,Processed
3733,45478,Wrong Item,2957,Rejected
3734,28463,Missing Item,99999,Pending
3735,68544,Late Delivery,1245,processed
3736,2312,Missing Item,0,processed
3737,8411,Missing Item,0,Pending
3738,96828,Missing Item,-200,Pending
3739,98071,,2738,Processed
3740,27482,Late Delivery,0,PENDING
3741,39708,damaged,1527,Processed
3742,47815,damaged,-200,Pending
3743,79301,,99999,processed
3744,49109,Wrong Item,104,PENDING
3745,93007,Wrong Item,3339,Rejected
3746,69404,,1019,PENDING
3747,63263,Damaged,99999,Pending
3748,43030,Wrong Item,487,Pending
3749,94142,Wrong Item,-200,Rejected
3750,69068,Damaged,2708,Rejected
3751,85960,Wrong Item,0,processed
3752,21385,,3606,Rejected
3753,30518,Late Delivery,800,Rejected
3754,83216,Wrong Item,1979,Pending
3755,47347,Late Delivery,99999,Processed
3756,67341,Damaged,2297,Pending
3757,32280,Late Delivery,3966,Pending
3758,97395,Missing Item,-200,PENDING
3759,33201,Wrong Item,-200,processed
3760,71154,Damaged,-200,Pending
3761,3757,Late Delivery,-200,Rejected
3762,40158,Damaged,99999,Rejected
3763,50891,Wrong Item,99999,Rejected
3764,73592,damaged,0,processed
3765,95275,,-200,Rejected
3766,69979,damaged,99999,Processed
3767,9659,Damaged,4957,Processed
3768,25319,Damaged,-200,Pending
3769,29413,,99999,PENDING
3770,36690,damaged,0,Rejected
3771,74022,Late Delivery,99999,Pending
3772,89057,Wrong Item,-200,Rejected
3773,32791,WRONG,0,processed
3774,73042,WRONG,1391,PENDING
3775,88392,Wrong Item,1457,PENDING
3776,31871,,1584,Pending
3777,5625,,99999,Pending
3778,56706,Wrong Item,4535,Pending
3779,74630,Damaged,-200,PENDING
3780,69493,Wrong Item,0,Rejected
3781,66115,damaged,1988,Pending
3782,88373,Late Delivery,99999,processed
3783,36162,Missing Item,3050,Processed
3784,84090,Wrong Item,1175,Pending
3785,55931,,1246,Processed
3786,50972,damaged,99999,Pending
3787,54718,,1234,processed
3788,26518,,99999,Pending
3789,38914,Missing Item,0,Pending
3790,49003,Damaged,1634,processed
3791,42272,WRONG,-200,Processed
3792,43592,WRONG,99999,processed
3793,8487,Late Delivery,-200,Pending
3794,47915,Late Delivery,-200,Pending
3795,82154,WRONG,-200,PENDING
3796,77865,Late Delivery,3682,Processed
3797,62972,Late Delivery,-200,processed
3798,5978,WRONG,99999,Processed
3799,38930,Missing Item,-200,Pending
3800,15258,Damaged,3726,PENDING
3801,52493,Wrong Item,-200,processed
3802,22955,Missing Item,176,PENDING
3803,29585,Late Delivery,971,Rejected
3804,35605,,-200,Processed
3805,24069,WRONG,4661,Processed
3806,2446,WRONG,4700,PENDING
3807,26130,damaged,99999,PENDING
3808,96760,Damaged,1029,Pending
3809,19520,Late Delivery,99999,Processed
3810,61086,Missing Item,3449,processed
3811,24823,Missing Item,1355,processed
3812,57526,Late Delivery,-200,Processed
3813,83383,Late Delivery,1560,Rejected
3814,96921,WRONG,2468,Pending
3815,32793,WRONG,2907,PENDING
3816,26703,Wrong Item,2440,processed
3817,2687,Missing Item,1282,processed
3818,78496,WRONG,1919,Processed
3819,22444,WRONG,947,processed
3820,92993,damaged,0,processed
3821,70786,damaged,0,PENDING
3822,82340,Late Delivery,2803,Processed
3823,90635,Damaged,0,Processed
3824,40807,WRONG,1871,Rejected
3825,88506,Late Delivery,0,PENDING
3826,87573,damaged,-200,Processed
3827,8032,,0,Pending
3828,37288,WRONG,1299,processed
3829,76001,Late Delivery,1511,Rejected
3830,22196,Missing Item,3731,processed
3831,94044,Missing Item,1427,PENDING
3832,99035,Wrong Item,-200,Processed
3833,38071,,3855,Processed
3834,25947,Wrong Item,0,processed
3835,24703,damaged,4979,processed
3836,5646,,-200,PENDING
3837,79090,Missing Item,1657,Pending
3838,90385,,0,Pending
3839,70939,,3461,PENDING
3840,25428,Damaged,4357,Processed
3841,40246,Damaged,99999,Rejected
3842,69298,Missing Item,-200,Pending
3843,50448,WRONG,99999,Rejected
3844,10132,damaged,0,Processed
3845,94831,Damaged,99999,Processed
3846,10357,Missing Item,99999,Rejected
3847,12716,Missing Item,535,Rejected
3848,72732,Damaged,1561,processed
3849,76111,damaged,0,processed
3850,6409,Late Delivery,0,Rejected
3851,2859,damaged,99999,Processed
3852,87830,Wrong Item,2904,Processed
3853,33681,WRONG,1732,PENDING
3854,24616,WRONG,3772,PENDING
3855,21001,Wrong Item,99999,Processed
3856,98829,Late Delivery,1082,PENDING
3857,55754,Late Delivery,-200,Rejected
3858,65334,Late Delivery,1384,Rejected
3859,85094,Damaged,0,Processed
3860,67585,WRONG,1766,Processed
3861,55594,,99999,Pending
3862,98214,Damaged,0,PENDING
3863,34070,Damaged,-200,Pending
3864,42871,Late Delivery,1256,PENDING
3865,11264,WRONG,3460,Pending
3866,50046,,0,Processed
3867,58916,damaged,0,PENDING
3868,44932,,4802,Processed
3869,61181,WRONG,99999,Processed
3870,79986,,-200,Processed
3871,64007,Wrong Item,4802,Pending
3872,10761,Late Delivery,-200,processed
3873,20437,damaged,-200,processed
3874,90749,Damaged,99999,PENDING
3875,85216,Damaged,479,Pending
3876,26571,WRONG,0,Rejected
3877,22258,Damaged,99999,Pending
3878,13500,Missing Item,-200,PENDING
3879,17393,Late Delivery,99999,Pending
3880,84084,,1895,processed
3881,8715,Missing Item,-200,Processed
3882,35053,Late Delivery,0,Rejected
3883,18646,Damaged,4584,PENDING
3884,98055,Late Delivery,99999,Pending
3885,4583,damaged,3191,Pending
3886,85204,Missing Item,-200,PENDING
3887,60824,WRONG,0,Processed
3888,77210,Missing Item,0,processed
3889,82719,Late Delivery,0,PENDING
3890,7250,,4878,processed
3891,94843,Late Delivery,-200,Rejected
3892,82231,Wrong Item,1571,Pending
3893,85527,WRONG,614,PENDING
3894,12211,Late Delivery,2960,processed
3895,8392,Damaged,0,PENDING
3896,54273,Missing Item,4242,PENDING
3897,16287,Late Delivery,1413,PENDING
3898,61563,Wrong Item,0,Pending
3899,79499,damaged,3270,processed
3900,45628,Late Delivery,4400,Rejected
3901,39052,,99999,Processed
3902,81591,,0,PENDING
3903,96050,Late Delivery,-200,Processed
3904,82752,,4035,Rejected
3905,94101,Late Delivery,0,Pending
3906,40615,Late Delivery,99999,Rejected
3907,96432,Late Delivery,-200,Processed
3908,2491,Damaged,4429,Pending
3909,29699,Late Delivery,2981,PENDING
3910,809,,-200,PENDING
3911,80605,WRONG,3445,Processed
3912,23592,damaged,-200,Processed
3913,63277,Wrong Item,0,Pending
3914,73491,Late Delivery,-200,PENDING
3915,1165,WRONG,0,Rejected
3916,60562,Missing Item,4785,PENDING
3917,36233,Wrong Item,3565,Pending
3918,37417,Missing Item,-200,PENDING
3919,5639,Wrong Item,0,PENDING
3920,86373,Damaged,2317,Pending
3921,4179,damaged,1753,Rejected
3922,85454,Missing Item,4808,PENDING
3923,37992,damaged,0,processed
3924,90921,Damaged,-200,Pending
3925,99253,WRONG,299,Pending
3926,6456,damaged,4576,processed
3927,9336,damaged,0,processed
3928,71505,damaged,2936,processed
3929,2259,Damaged,3466,processed
3930,9117,Damaged,993,Pending
3931,5362,damaged,2876,Pending
3932,39676,Wrong Item,4209,processed
3933,38550,Late Delivery,4108,Rejected
3934,532,Damaged,99999,processed
3935,68505,damaged,2000,Rejected
3936,1924,,3107,processed
3937,80987,damaged,3955,Rejected
3938,22180,Missing Item,0,Processed
3939,42581,WRONG,3240,processed
3940,84316,Wrong Item,0,Pending
3941,57481,Damaged,-200,PENDING
3942,42889,Missing Item,4693,processed
3943,56213,Wrong Item,-200,Processed
3944,71161,Late Delivery,-200,PENDING
3945,37488,Wrong Item,-200,processed
3946,49215,Damaged,3102,Pending
3947,93822,Damaged,899,Rejected
3948,19623,WRONG,4566,Rejected
3949,42937,,1324,Pending
3950,93151,Wrong Item,1873,processed
3951,64700,WRONG,1289,Pending
3952,59954,WRONG,722,processed
3953,97761,Late Delivery,-200,processed
3954,49608,damaged,2254,Pending
3955,34739,damaged,99999,processed
3956,12080,Wrong Item,2778,Rejected
3957,42736,Missing Item,-200,Processed
3958,63799,WRONG,99999,Pending
3959,44423,Damaged,-200,Rejected
3960,26331,WRONG,3140,Pending
3961,24649,Late Delivery,0,PENDING
3962,41354,WRONG,1839,Pending
3963,26205,Missing Item,1662,processed
3964,3627,damaged,99999,processed
3965,8591,Wrong Item,580,processed
3966,55909,damaged,99999,Pending
3967,55374,WRONG,2700,PENDING
3968,2051,Wrong Item,99999,Rejected
3969,42108,,925,Rejected
3970,42288,Damaged,4766,Pending
3971,9861,WRONG,0,Processed
3972,58387,Missing Item,-200,Pending
3973,95170,Late Delivery,99999,Pending
3974,47970,damaged,467,Processed
3975,79194,Damaged,0,PENDING
3976,92666,WRONG,3486,Pending
3977,30897,Damaged,1394,Pending
3978,61866,Wrong Item,536,Rejected
3979,25570,,4989,Pending
3980,74,damaged,193,Processed
3981,55196,Late Delivery,4658,Rejected
3982,70516,Wrong Item,740,processed
3983,86607,Damaged,99999,PENDING
3984,26617,WRONG,0,PENDING
3985,98130,WRONG,1111,PENDING
3986,66410,Missing Item,0,Pending
3987,78779,WRONG,-200,processed
3988,5373,Missing Item,99999,processed
3989,46885,,99999,Pending
3990,4870,damaged,-200,Pending
3991,44514,Damaged,99999,processed
3992,4606,,260,Pending
3993,95954,WRONG,506,Processed
3994,60259,,99999,PENDING
3995,55594,Missing Item,0,processed
3996,90536,WRONG,2370,Rejected
3997,40709,,1955,PENDING
3998,70489,damaged,4776,PENDING
3999,84879,,99999,PENDING
4000,68846,Missing Item,885,Processed
4001,44025,Missing Item,-200,PENDING
4002,76651,Missing Item,-200,Pending
4003,55451,Late Delivery,3712,processed
4004,23800,Late Delivery,4703,Rejected
4005,60688,Late Delivery,99999,PENDING
4006,76856,,0,Processed
4007,85818,damaged,906,Pending
4008,97683,,99999,processed
4009,33445,Damaged,4073,Rejected
4010,75818,,-200,PENDING
4011,60201,Missing Item,-200,Pending
4012,25351,damaged,99999,Processed
4013,5207,damaged,99999,Pending
4014,78175,damaged,3475,Processed
4015,34436,Wrong Item,4921,PENDING
4016,90094,WRONG,99999,Processed
4017,77271,Damaged,560,processed
4018,77487,Wrong Item,99999,processed
4019,15036,WRONG,1191,PENDING
4020,89112,Damaged,1593,processed
4021,17401,,4718,processed
4022,52016,Damaged,0,Processed
4023,71377,Missing Item,99999,Processed
4024,29340,Damaged,3673,Rejected
4025,2375,damaged,2755,Rejected
4026,49221,WRONG,99999,Processed
4027,9632,Late Delivery,325,Rejected
4028,44494,Missing Item,4472,Processed
4029,72213,,1261,processed
4030,57073,WRONG,99999,processed
4031,13409,Late Delivery,2842,Processed
4032,97130,Missing Item,-200,PENDING
4033,23797,Damaged,2851,PENDING
4034,79929,Wrong Item,3371,Pending
4035,7955,Wrong Item,0,PENDING
4036,26755,damaged,1211,Pending
4037,74103,Missing Item,-200,PENDING
4038,5216,damaged,4444,PENDING
4039,80570,Missing Item,0,processed
4040,69391,Wrong Item,99999,PENDING
4041,9198,Wrong Item,2794,Rejected
4042,23359,Late Delivery,99999,PENDING
4043,91581,Missing Item,0,Processed
4044,67314,,1792,processed
4045,99525,Late Delivery,1681,Rejected
4046,46894,Late Delivery,99999,PENDING
4047,17829,Late Delivery,-200,Pending
4048,5351,Damaged,3448,Processed
4049,2882,Wrong Item,683,Processed
4050,32715,WRONG,875,Pending
4051,182,Wrong Item,2579,PENDING
4052,7675,Late Delivery,0,Pending
4053,27,WRONG,99999,processed
4054,91518,Missing Item,3685,Processed
4055,20993,Missing Item,1504,PENDING
4056,27508,Damaged,-200,Pending
4057,67405,Late Delivery,99999,Pending
4058,61148,Damaged,99999,PENDING
4059,84111,Damaged,99999,Pending
4060,57903,WRONG,-200,processed
4061,69892,WRONG,2716,Processed
4062,22657,Late Delivery,0,processed
4063,48537,Missing Item,0,processed
4064,81977,WRONG,1349,Processed
4065,15073,Late Delivery,3517,Pending
4066,62887,damaged,2778,PENDING
4067,89927,Late Delivery,4561,Pending
4068,11719,Missing Item,-200,processed
4069,19086,Missing Item,1229,processed
4070,84718,Wrong Item,3036,processed
4071,25124,WRONG,0,processed
4072,45832,,1673,Rejected
4073,5029,Wrong Item,1096,PENDING
4074,342,Damaged,617,Pending
4075,30531,Missing Item,-200,Pending
4076,60503,WRONG,2720,Rejected
4077,42495,damaged,99999,PENDING
4078,10835,,-200,Processed
4079,78432,,-200,Processed
4080,45621,,-200,Rejected
4081,68301,Late Delivery,4123,Processed
4082,96003,Missing Item,4180,Rejected
4083,93903,Damaged,487,Pending
4084,75705,Late Delivery,99999,Rejected
4085,72752,WRONG,-200,PENDING
4086,99361,,2525,PENDING
4087,27304,Wrong Item,106,processed
4088,4557,Wrong Item,99999,Rejected
4089,6604,Wrong Item,4920,PENDING
4090,76858,Wrong Item,-200,Pending
4091,94963,damaged,4863,PENDING
4092,83137,Wrong Item,4689,Pending
4093,83518,Late Delivery,4017,PENDING
4094,49588,Damaged,99999,processed
4095,79846,WRONG,1002,Processed
4096,40187,Late Delivery,99999,processed
4097,10360,Missing Item,2713,processed
4098,43343,Missing Item,0,PENDING
4099,4793,,99999,PENDING
4100,75100,damaged,-200,Pending
4101,72734,,887,processed
4102,21116,damaged,1537,Pending
4103,59575,,4880,Rejected
4104,71754,Late Delivery,2067,processed
4105,41633,WRONG,1927,Rejected
4106,99877,damaged,4916,Pending
4107,92800,damaged,554,Pending
4108,65912,WRONG,2926,processed
4109,29760,WRONG,-200,PENDING
4110,27464,,884,Rejected
4111,81122,Wrong Item,339,processed
4112,34877,WRONG,99999,processed
4113,79422,damaged,4681,Processed
4114,21967,Wrong Item,-200,processed
4115,1931,Damaged,1349,PENDING
4116,83769,,99999,Processed
4117,15119,Damaged,99999,Processed
4118,39615,damaged,3298,Pending
4119,70367,damaged,1525,processed
4120,12117,WRONG,99999,Pending
4121,11619,Damaged,-200,Rejected
4122,29895,,-200,PENDING
4123,6472,damaged,99999,PENDING
4124,26963,Damaged,1985,Rejected
4125,48788,,-200,Rejected
4126,30470,Damaged,0,Processed
4127,66638,Damaged,3185,Pending
4128,46514,,99999,Rejected
4129,40080,Missing Item,4188,Pending
4130,5912,Damaged,-200,Pending
4131,50122,Missing Item,0,Pending
4132,24176,,99999,PENDING
4133,57221,Wrong Item,4229,processed
4134,99555,Late Delivery,4770,PENDING
4135,91744,Missing Item,3644,Pending
4136,5528,Damaged,99999,Processed
4137,79661,Wrong Item,2686,Rejected
4138,28216,Late Delivery,0,processed
4139,2097,Damaged,-200,Processed
4140,45275,,4704,Pending
4141,10517,Missing Item,3082,processed
4142,95579,WRONG,2116,PENDING
4143,72629,Missing Item,738,Pending
4144,13986,Wrong Item,99999,Rejected
4145,94510,damaged,1581,PENDING
4146,67779,WRONG,0,Rejected
4147,88890,Missing Item,99999,Rejected
4148,2564,damaged,99999,Rejected
4149,19808,,3188,Rejected
4150,9905,,0,Processed
4151,29576,Late Delivery,3382,Pending
4152,47714,WRONG,99999,processed
4153,33245,Damaged,0,PENDING
4154,29073,Missing Item,0,Rejected
4155,27151,WRONG,99999,processed
4156,34798,,-200,Processed
4157,10377,,-200,Rejected
4158,4863,Late Delivery,99999,Processed
4159,38885,,0,Processed
4160,94658,Late Delivery,99999,Rejected
4161,44038,WRONG,0,processed
4162,95783,Damaged,-200,Processed
4163,1980,,2656,PENDING
4164,3806,Missing Item,0,Rejected
4165,71357,damaged,0,processed
4166,99515,Late Delivery,3390,PENDING
4167,14836,Wrong Item,2868,Rejected
4168,14043,Missing Item,2036,processed
4169,48882,Missing Item,4888,Rejected
4170,32370,,2279,PENDING
4171,85356,Late Delivery,99999,processed
4172,91578,Wrong Item,99999,Pending
4173,66995,WRONG,1590,processed
4174,78026,Missing Item,2714,Processed
4175,83138,damaged,99999,Rejected
4176,54837,,0,processed
4177,59398,Damaged,300,Pending
4178,42324,WRONG,-200,Pending
4179,49167,Wrong Item,-200,processed
4180,909,damaged,99999,Processed
4181,72660,WRONG,781,PENDING
4182,29384,damaged,-200,Processed
4183,21286,damaged,0,Rejected
4184,88630,Damaged,0,processed
4185,69928,Wrong Item,3554,Rejected
4186,2823,WRONG,3797,Processed
4187,29061,damaged,2032,Pending
4188,74777,Wrong Item,99999,Pending
4189,98832,Damaged,1393,PENDING
4190,90012,WRONG,99999,Pending
4191,54611,Damaged,99999,processed
4192,7777,damaged,-200,PENDING
4193,93195,Missing Item,2855,PENDING
4194,26019,damaged,-200,Rejected
4195,90615,Damaged,866,Rejected
4196,5700,damaged,-200,Processed
4197,77896,,99999,processed
4198,86891,damaged,4741,processed
4199,41870,WRONG,0,Processed
4200,87027,damaged,2868,Rejected
4201,23080,Missing Item,3444,Processed
4202,30368,WRONG,0,processed
4203,53000,damaged,4369,PENDING
4204,57435,WRONG,274,Processed
4205,91960,WRONG,167,Processed
4206,64137,,1640,PENDING
4207,95178,Wrong Item,2552,Processed
4208,68832,,0,Pending
4209,30218,Damaged,2758,processed
4210,5173,WRONG,0,PENDING
4211,16965,Damaged,1400,processed
4212,56915,damaged,99999,processed
4213,31002,Wrong Item,1222,Processed
4214,12709,Late Delivery,1511,Processed
4215,91262,damaged,1093,PENDING
4216,47820,Missing Item,256,PENDING
4217,53071,damaged,3183,Processed
4218,2339,,99999,processed
4219,43310,Missing Item,99999,PENDING
4220,97550,Damaged,1955,Rejected
4221,79246,WRONG,0,processed
4222,87073,Damaged,-200,Pending
4223,19671,Missing Item,4428,Processed
4224,19288,Wrong Item,99999,Processed
4225,64947,Damaged,4170,PENDING
4226,82113,damaged,0,Processed
4227,97723,WRONG,99999,Rejected
4228,1200,,-200,Processed
4229,2723,WRONG,-200,processed
4230,80116,Late Delivery,99999,PENDING
4231,66481,Wrong Item,931,Rejected
4232,75081,WRONG,-200,Processed
4233,41812,Damaged,0,processed
4234,9603,Wrong Item,0,processed
4235,93907,Damaged,419,PENDING
4236,43173,Damaged,102,processed
4237,8472,Damaged,4738,PENDING
4238,76607,Damaged,2076,processed
4239,29891,Damaged,99999,Pending
4240,91800,Wrong Item,99999,processed
4241,54495,damaged,0,Rejected
4242,48966,Late Delivery,1391,Rejected
4243,7685,Damaged,4444,PENDING
4244,81344,,-200,Pending
4245,99161,WRONG,-200,PENDING
4246,98709,WRONG,3883,processed
4247,86336,Missing Item,0,Pending
4248,41692,Damaged,-200,PENDING
4249,89137,Missing Item,3236,Rejected
4250,35370,WRONG,0,processed
4251,37193,Missing Item,99999,processed
4252,52445,,3967,PENDING
4253,37543,Wrong Item,99999,Rejected
4254,75090,,3995,processed
4255,22157,damaged,-200,PENDING
4256,16057,WRONG,99999,Rejected
4257,39068,WRONG,1802,Rejected
4258,28328,damaged,3771,processed
4259,10889,Late Delivery,2884,PENDING
4260,30091,Missing Item,3716,Processed
4261,69854,Late Delivery,-200,Rejected
4262,18329,Late Delivery,-200,processed
4263,46338,Missing Item,2095,Rejected
4264,15253,Missing Item,1476,Pending
4265,87811,Damaged,2618,PENDING
4266,23549,,99999,Rejected
4267,90324,WRONG,0,Rejected
4268,27091,Damaged,99999,processed
4269,21764,Damaged,0,Rejected
4270,37009,Wrong Item,0,Pending
4271,43951,Missing Item,-200,Pending
4272,58983,WRONG,1240,processed
4273,96417,Missing Item,-200,PENDING
4274,67079,Damaged,3093,PENDING
4275,88092,,1918,Processed
4276,42658,Late Delivery,99999,Pending
4277,70437,Late Delivery,2607,Pending
4278,37265,damaged,3546,Pending
4279,44010,Missing Item,99999,processed
4280,62126,Missing Item,4684,Rejected
4281,60557,Damaged,1609,PENDING
4282,37979,,3633,processed
4283,54679,Wrong Item,0,Processed
4284,64013,,0,processed
4285,96409,Late Delivery,0,PENDING
4286,23961,Late Delivery,615,PENDING
4287,52852,Late Delivery,99999,PENDING
4288,80286,,1868,Processed
4289,68297,damaged,4166,PENDING
4290,60771,damaged,2350,processed
4291,76765,Late Delivery,1589,PENDING
4292,35942,Late Delivery,610,Pending
4293,50859,WRONG,99999,Processed
4294,38057,Missing Item,99999,Processed
4295,39765,Damaged,1953,Rejected
4296,8072,Missing Item,4478,Processed
4297,86887,,-200,processed
4298,94972,Missing Item,-200,PENDING
4299,4668,Damaged,99999,Rejected
4300,16426,Missing Item,4415,Rejected
4301,25636,Late Delivery,0,PENDING
4302,92998,,575,processed
4303,71836,Wrong Item,1779,Pending
4304,58347,WRONG,99999,Rejected
4305,23569,Wrong Item,3323,Pending
4306,4671,,99999,processed
4307,98634,damaged,0,PENDING
4308,54428,Missing Item,766,Rejected
4309,36173,,3112,Pending
4310,6130,Missing Item,4207,PENDING
4311,17467,Wrong Item,4172,Processed
4312,21127,Missing Item,3490,Processed
4313,46954,WRONG,203,Pending
4314,7996,,99999,Pending
4315,94355,Missing Item,-200,PENDING
4316,30823,Damaged,3430,processed
4317,59559,Missing Item,4259,processed
4318,9209,damaged,99999,Rejected
4319,60245,Missing Item,4806,Processed
4320,79027,WRONG,1327,PENDING
4321,8601,Wrong Item,1750,Rejected
4322,38898,Damaged,2766,Rejected
4323,57551,Damaged,99999,Rejected
4324,51612,WRONG,3942,Rejected
4325,73777,WRONG,0,Pending
4326,69925,,3791,PENDING
4327,50774,Missing Item,685,Rejected
4328,12368,Late Delivery,2540,Pending
4329,17307,Damaged,2452,Rejected
4330,83335,WRONG,993,Rejected
4331,3682,damaged,2204,PENDING
4332,16503,Damaged,2468,PENDING
4333,92640,,0,Rejected
4334,94272,Damaged,0,Processed
4335,42267,Late Delivery,2963,PENDING
4336,9209,Wrong Item,4687,Rejected
4337,96995,WRONG,0,Processed
4338,80000,Damaged,2725,processed
4339,43815,Missing Item,3270,Rejected
4340,1912,Missing Item,99999,processed
4341,97475,damaged,3510,Rejected
4342,82890,Wrong Item,-200,PENDING
4343,39582,WRONG,0,Rejected
4344,51626,Damaged,3388,Rejected
4345,22513,Late Delivery,0,processed
4346,93798,Wrong Item,99999,processed
4347,55765,,2668,Processed
4348,2398,WRONG,3731,processed
4349,76577,Damaged,-200,processed
4350,18088,Damaged,379,Rejected
4351,27586,Late Delivery,-200,Rejected
4352,88394,,2615,processed
4353,34507,Wrong Item,99999,PENDING
4354,40980,damaged,0,PENDING
4355,30215,Late Delivery,4457,Rejected
4356,23584,WRONG,624,PENDING
4357,39839,Wrong Item,164,PENDING
4358,6916,Damaged,-200,Rejected
4359,95395,Wrong Item,99999,PENDING
4360,833,damaged,0,Rejected
4361,28313,Damaged,99999,PENDING
4362,81637,Late Delivery,1018,Pending
4363,10994,,3539,Pending
4364,13210,Damaged,0,Processed
4365,64772,Missing Item,-200,Processed
4366,2557,Missing Item,-200,processed
4367,27089,damaged,-200,PENDING
4368,324,damaged,118,Pending
4369,19539,Damaged,-200,Processed
4370,37793,,-200,PENDING
4371,12003,damaged,599,Rejected
4372,28277,Wrong Item,0,PENDING
4373,82180,Damaged,2317,processed
4374,86656,Damaged,4993,PENDING
4375,29205,Damaged,-200,Processed
4376,25831,Damaged,4328,processed
4377,50292,Wrong Item,-200,Pending
4378,32689,WRONG,259,Rejected
4379,24510,Missing Item,4897,processed
4380,28626,damaged,99999,PENDING
4381,60736,Wrong Item,0,Pending
4382,77803,damaged,4369,Pending
4383,98074,Missing Item,2589,Processed
4384,12411,,-200,PENDING
4385,11322,Wrong Item,99999,Rejected
4386,54336,Wrong Item,1556,Processed
4387,24622,Late Delivery,-200,Processed
4388,55434,,1552,Pending
4389,16425,Late Delivery,99999,Rejected
4390,21780,,-200,processed
4391,8134,WRONG,2406,Processed
4392,57674,Wrong Item,1748,processed
4393,30127,Damaged,0,Rejected
4394,92591,Damaged,99999,Pending
4395,71930,Wrong Item,99999,Pending
4396,56397,Missing Item,4776,PENDING
4397,3117,Late Delivery,3261,PENDING
4398,60041,,-200,processed
4399,18717,Missing Item,99999,processed
4400,14757,Wrong Item,2892,Rejected
4401,88188,Late Delivery,2480,processed
4402,71693,Wrong Item,4206,Processed
4403,24827,Wrong Item,0,Rejected
4404,1204,,2936,Pending
4405,82403,damaged,3627,Processed
4406,61643,Damaged,1243,PENDING
4407,65141,Late Delivery,3293,PENDING
4408,25655,Wrong Item,961,Rejected
4409,62104,Missing Item,99999,Processed
4410,74987,Damaged,99999,processed
4411,30270,Damaged,2134,PENDING
4412,84105,Wrong Item,1726,Pending
4413,96723,WRONG,4276,PENDING
4414,2149,damaged,2553,Processed
4415,5183,WRONG,0,processed
4416,52611,Missing Item,2026,processed
4417,45778,,2464,Processed
4418,30162,Missing Item,264,processed
4419,88125,Late Delivery,4930,processed
4420,72406,Wrong Item,99999,Rejected
4421,43891,Wrong Item,1649,Processed
4422,47311,Damaged,4919,Rejected
4423,74497,Missing Item,0,processed
4424,65919,Wrong Item,0,processed
4425,81128,Late Delivery,2419,Processed
4426,85610,Wrong Item,4631,Rejected
4427,34200,Late Delivery,2894,PENDING
4428,89708,,547,PENDING
4429,50451,,-200,Processed
4430,25939,damaged,1297,processed
4431,74292,Late Delivery,99999,processed
4432,13523,Damaged,3521,Rejected
4433,33427,Damaged,4484,processed
4434,88642,damaged,3326,Processed
4435,7851,Missing Item,435,PENDING
4436,79811,,-200,Rejected
4437,32345,damaged,0,Pending
4438,23661,damaged,1345,Processed
4439,35964,Late Delivery,1888,Pending
4440,44849,Wrong Item,-200,Rejected
4441,38509,WRONG,1683,PENDING
4442,85038,damaged,-200,Rejected
4443,27233,WRONG,-200,Rejected
4444,80844,,-200,Pending
4445,18743,Missing Item,893,processed
4446,46263,Damaged,4663,Rejected
4447,89561,Late Delivery,1835,processed
4448,14743,damaged,-200,Rejected
4449,2698,Damaged,99999,Pending
4450,40506,WRONG,2965,Processed
4451,96275,Late Delivery,2339,Processed
4452,98530,damaged,707,Processed
4453,45397,Damaged,-200,Processed
4454,79895,Missing Item,99999,PENDING
4455,15422,damaged,4363,processed
4456,34998,Wrong Item,99999,Processed
4457,33306,,1943,processed
4458,5722,Missing Item,99999,Rejected
4459,29606,Wrong Item,4746,processed
4460,86217,WRONG,99999,Pending
4461,76014,Wrong Item,2900,PENDING
4462,14937,WRONG,-200,Rejected
4463,2714,Wrong Item,4977,Pending
4464,14586,Damaged,1561,Pending
4465,98739,,3690,Processed
4466,98003,Damaged,-200,Pending
4467,74730,damaged,99999,Rejected
4468,39518,Late Delivery,99999,processed
4469,74074,Wrong Item,1429,Rejected
4470,65874,,0,PENDING
4471,26610,Late Delivery,-200,Pending
4472,9307,Damaged,-200,Processed
4473,80689,Missing Item,733,Pending
4474,35544,Wrong Item,99999,Pending
4475,67943,damaged,2276,Pending
4476,56831,Missing Item,1230,PENDING
4477,24873,damaged,2821,Processed
4478,6030,WRONG,832,Processed
4479,95114,WRONG,0,processed
4480,50568,Late Delivery,99999,Rejected
4481,4079,Late Delivery,1669,Pending
4482,11579,,2409,Processed
4483,89357,,4197,Pending
4484,10313,Missing Item,0,PENDING
4485,46845,Missing Item,2717,processed
4486,98277,WRONG,4945,Rejected
4487,2314,Damaged,1928,Rejected
4488,64371,,-200,Pending
4489,27164,Late Delivery,99999,Rejected
4490,28220,Missing Item,2298,Pending
4491,2246,Missing Item,-200,Processed
4492,56245,WRONG,144,PENDING
4493,86789,Late Delivery,1795,PENDING
4494,48284,Damaged,0,Pending
4495,46395,Late Delivery,825,Rejected
4496,77597,WRONG,382,Processed
4497,60794,,-200,Pending
4498,47532,Late Delivery,2702,Pending
4499,22463,Late Delivery,164,Rejected
4500,74584,Late Delivery,0,Pending
4501,53570,Late Delivery,4668,Rejected
4502,64868,Damaged,3747,processed
4503,63368,,1754,PENDING
4504,9952,Missing Item,3221,PENDING
4505,24971,Wrong Item,-200,processed
4506,51639,Wrong Item,99999,Rejected
4507,17165,Wrong Item,0,Pending
4508,16954,WRONG,0,PENDING
4509,49694,Missing Item,99999,Processed
4510,28054,Damaged,-200,PENDING
4511,59250,,4144,Processed
4512,63182,Missing Item,0,processed
4513,84819,WRONG,0,Pending
4514,89523,,1563,processed
4515,61647,Wrong Item,0,Pending
4516,20631,Late Delivery,3932,Pending
4517,11176,Late Delivery,4668,PENDING
4518,65866,Wrong Item,3774,PENDING
4519,99521,WRONG,4020,processed
4520,20120,,216,Processed
4521,60836,damaged,3446,PENDING
4522,90328,Wrong Item,-200,Pending
4523,33022,,3870,Rejected
4524,31,Wrong Item,643,Pending
4525,40437,,0,processed
4526,38684,WRONG,4807,PENDING
4527,22076,Late Delivery,-200,processed
4528,21605,Damaged,3463,PENDING
4529,22649,damaged,1631,processed
4530,3197,Late Delivery,99999,Rejected
4531,36156,Wrong Item,99999,Rejected
4532,44822,Damaged,2514,Pending
4533,84912,,-200,processed
4534,10387,damaged,2078,Processed
4535,59765,,957,PENDING
4536,37521,,4158,Processed
4537,8887,Missing Item,4409,PENDING
4538,52566,,-200,PENDING
4539,34477,Late Delivery,0,Processed
4540,28658,,-200,Pending
4541,60658,damaged,0,Pending
4542,70093,Damaged,0,Rejected
4543,67605,Damaged,99999,PENDING
4544,39829,Damaged,487,Processed
4545,73584,Missing Item,0,PENDING
4546,88297,WRONG,2494,Rejected
4547,95909,WRONG,99999,PENDING
4548,66991,WRONG,99999,processed
4549,30824,damaged,1512,PENDING
4550,48527,Missing Item,99999,Pending
4551,18561,Missing Item,3591,PENDING
4552,55882,,1503,Processed
4553,37791,,-200,PENDING
4554,98378,WRONG,2492,processed
4555,94053,damaged,4595,Processed
4556,63752,Damaged,0,Pending
4557,9000,damaged,3689,Processed
4558,23686,Damaged,2057,Processed
4559,98335,Wrong Item,3640,Processed
4560,18807,Missing Item,2407,processed
4561,97950,,1602,Rejected
4562,61131,Late Delivery,-200,Processed
4563,68083,Late Delivery,1103,Processed
4564,54755,Missing Item,-200,Pending
4565,87334,Damaged,439,processed
4566,94778,Missing Item,99999,Rejected
4567,58750,Wrong Item,161,processed
4568,51853,Late Delivery,99999,PENDING
4569,38016,Late Delivery,698,Pending
4570,30776,Late Delivery,1659,PENDING
4571,76066,Damaged,742,processed
4572,78730,Wrong Item,134,processed
4573,5315,Late Delivery,1804,PENDING
4574,97495,WRONG,-200,Rejected
4575,70773,Late Delivery,-200,PENDING
4576,70029,WRONG,99999,PENDING
4577,69221,WRONG,4716,processed
4578,448,Missing Item,0,PENDING
4579,96065,damaged,3381,Pending
4580,90411,Damaged,1987,Processed
4581,91538,Late Delivery,99999,Processed
4582,85998,Late Delivery,-200,PENDING
4583,19706,,-200,processed
4584,7307,Late Delivery,-200,Pending
4585,34188,Wrong Item,-200,Rejected
4586,83823,WRONG,4778,Rejected
4587,71866,,3030,Processed
4588,68659,,4509,Pending
4589,8268,,-200,Rejected
4590,13420,Wrong Item,-200,processed
4591,49596,,99999,Processed
4592,70847,Missing Item,2993,Rejected
4593,56014,WRONG,99999,PENDING
4594,99221,damaged,902,Processed
4595,28492,WRONG,552,processed
4596,7556,damaged,99999,Pending
4597,63333,WRONG,761,Pending
4598,68002,damaged,2899,processed
4599,91141,WRONG,4922,Rejected
4600,10563,Wrong Item,1678,Rejected
4601,45214,WRONG,99999,PENDING
4602,1247,,1910,processed
4603,88536,Damaged,0,Processed
4604,10950,damaged,0,processed
4605,68053,,0,PENDING
4606,88976,,2596,Processed
4607,8678,Missing Item,2406,processed
4608,76958,Missing Item,99999,PENDING
4609,88204,WRONG,0,PENDING
4610,52419,Damaged,1007,Rejected
4611,20221,damaged,839,Pending
4612,99242,Missing Item,99999,Pending
4613,19437,Missing Item,3071,Pending
4614,87409,,3671,Processed
4615,72749,Damaged,1406,processed
4616,9155,WRONG,2156,Pending
4617,68146,WRONG,646,Pending
4618,28022,Damaged,99999,Processed
4619,62734,Wrong Item,99999,processed
4620,25890,damaged,3539,processed
4621,1431,,0,Pending
4622,54624,damaged,99999,PENDING
4623,81002,damaged,0,processed
4624,38746,Late Delivery,2348,Rejected
4625,11884,Wrong Item,-200,processed
4626,3724,WRONG,-200,PENDING
4627,93120,WRONG,4402,Processed
4628,50283,WRONG,2586,Rejected
4629,17394,WRONG,-200,Rejected
4630,86504,damaged,3570,Pending
4631,83572,damaged,99999,processed
4632,88127,damaged,1301,PENDING
4633,17339,,3277,processed
4634,11477,Damaged,-200,Processed
4635,90193,WRONG,-200,Processed
4636,27167,,0,processed
4637,94050,damaged,262,PENDING
4638,9677,Wrong Item,0,Processed
4639,30807,WRONG,0,processed
4640,44359,Wrong Item,2454,Processed
4641,6436,damaged,0,processed
4642,65130,Late Delivery,3898,PENDING
4643,53583,Late Delivery,99999,Pending
4644,43908,,-200,Processed
4645,86133,Damaged,1984,PENDING
4646,43892,Wrong Item,2756,Processed
4647,52284,WRONG,99999,Rejected
4648,51445,WRONG,4152,Processed
4649,78320,Damaged,-200,Rejected
4650,80490,Missing Item,0,PENDING
4651,83410,,4992,Rejected
4652,68369,Missing Item,2542,PENDING
4653,62350,damaged,3649,Rejected
4654,24205,Wrong Item,-200,PENDING
4655,31437,Late Delivery,0,Rejected
4656,1037,,-200,Rejected
4657,42048,Late Delivery,-200,PENDING
4658,18875,,2096,Processed
4659,87240,WRONG,0,Rejected
4660,25666,damaged,740,Processed
4661,15298,Missing Item,0,PENDING
4662,27478,Damaged,0,Pending
4663,58742,Wrong Item,-200,Processed
4664,81913,,99999,Pending
4665,47141,,99999,processed
4666,50927,,3295,PENDING
4667,32864,damaged,0,processed
4668,9959,Wrong Item,1808,Processed
4669,16667,Late Delivery,-200,processed
4670,49234,Wrong Item,99999,Rejected
4671,22500,Wrong Item,0,Rejected
4672,89209,WRONG,3043,Rejected
4673,80784,Wrong Item,99999,PENDING
4674,77307,WRONG,2723,Rejected
4675,87536,Late Delivery,1829,processed
4676,19305,WRONG,99999,PENDING
4677,1082,Missing Item,2640,Rejected
4678,67144,Damaged,326,PENDING
4679,89269,Late Delivery,99999,PENDING
4680,82446,WRONG,99999,Rejected
4681,71448,Missing Item,4434,Pending
4682,55350,Wrong Item,99999,PENDING
4683,8242,,0,Pending
4684,80798,Damaged,3168,Processed
4685,89586,Wrong Item,1592,processed
4686,25084,Missing Item,99999,processed
4687,35750,damaged,0,PENDING
4688,32346,Wrong Item,3492,Rejected
4689,51845,Late Delivery,0,Rejected
4690,86821,Missing Item,2523,processed
4691,35436,WRONG,4574,Rejected
4692,76766,WRONG,99999,Pending
4693,14127,,1003,PENDING
4694,4444,Damaged,0,PENDING
4695,33547,Damaged,99999,Processed
4696,69464,Missing Item,99999,Rejected
4697,3454,damaged,3572,Rejected
4698,58054,Damaged,-200,PENDING
4699,94711,WRONG,0,Processed
4700,28655,Late Delivery,99999,Rejected
4701,11832,damaged,99999,PENDING
4702,96415,,-200,Processed
4703,28143,Wrong Item,2889,Rejected
4704,39177,WRONG,3838,PENDING
4705,54092,Late Delivery,1221,Pending
4706,89386,damaged,-200,Rejected
4707,19997,Missing Item,-200,PENDING
4708,67344,,99999,PENDING
4709,86273,Wrong Item,0,Processed
4710,30484,WRONG,99999,Processed
4711,80052,Missing Item,99999,processed
4712,31085,,-200,Processed
4713,38117,WRONG,-200,Pending
4714,84434,WRONG,99999,Rejected
4715,57728,damaged,99999,Pending
4716,21794,,0,Processed
4717,42769,Late Delivery,99999,Pending
4718,9295,,1882,processed
4719,29220,,99999,PENDING
4720,2204,,-200,PENDING
4721,42448,Late Delivery,3525,Processed
4722,14163,Late Delivery,4477,PENDING
4723,53944,Late Delivery,4570,PENDING
4724,30058,,0,Rejected
4725,45179,Wrong Item,0,Processed
4726,13635,WRONG,99999,PENDING
4727,85442,damaged,306,processed
4728,287,WRONG,-200,Processed
4729,58916,Late Delivery,578,PENDING
4730,70950,Late Delivery,-200,Pending
4731,91496,Damaged,2827,processed
4732,57255,Late Delivery,926,Rejected
4733,55250,damaged,99999,processed
4734,13877,damaged,99999,Pending
4735,28717,Wrong Item,99999,Rejected
4736,83238,Wrong Item,4958,processed
4737,16072,Damaged,0,Pending
4738,60772,Late Delivery,2192,PENDING
4739,87194,Damaged,0,processed
4740,30236,Damaged,4976,Processed
4741,53213,,737,Rejected
4742,33226,Late Delivery,4177,PENDING
4743,43221,Wrong Item,0,Pending
4744,77952,Late Delivery,2022,Processed
4745,52687,WRONG,1546,Processed
4746,60691,damaged,0,Pending
4747,86758,damaged,3316,Pending
4748,765,WRONG,3907,PENDING
4749,17268,Late Delivery,0,PENDING
4750,81542,Missing Item,-200,Rejected
4751,55148,WRONG,-200,PENDING
4752,43237,damaged,-200,processed
4753,38922,Late Delivery,99999,processed
4754,62493,Missing Item,2003,processed
4755,9448,Missing Item,-200,PENDING
4756,35982,Missing Item,1581,Pending
4757,16757,Wrong Item,99999,processed
4758,28412,Wrong Item,-200,Pending
4759,83346,,-200,Processed
4760,40265,WRONG,0,Pending
4761,84643,Wrong Item,4511,processed
4762,86541,Damaged,3987,PENDING
4763,76807,,3366,PENDING
4764,54045,Late Delivery,2106,Processed
4765,86149,WRONG,4376,Processed
4766,17578,,4894,processed
4767,9478,Wrong Item,2356,Processed
4768,80160,Damaged,1154,Rejected
4769,85709,Wrong Item,-200,PENDING
4770,68335,damaged,560,Processed
4771,13139,damaged,0,Processed
4772,19394,Damaged,4855,processed
4773,10929,Damaged,1602,processed
4774,26391,,99999,PENDING
4775,76111,,0,PENDING
4776,95852,Late Delivery,0,processed
4777,59623,Wrong Item,2728,processed
4778,25865,Missing Item,3404,Pending
4779,53561,WRONG,2635,processed
4780,67999,Missing Item,-200,Pending
4781,58271,,99999,Processed
4782,51379,Wrong Item,0,processed
4783,1327,Damaged,2484,PENDING
4784,19932,Wrong Item,0,Pending
4785,75202,,99999,PENDING
4786,82357,Wrong Item,3322,PENDING
4787,9561,,1899,PENDING
4788,49372,Wrong Item,99999,Rejected
4789,40496,Damaged,2161,Pending
4790,82616,Late Delivery,99999,Rejected
4791,89926,Late Delivery,3859,Rejected
4792,3760,Wrong Item,3552,Processed
4793,78970,,0,Rejected
4794,10540,Wrong Item,99999,PENDING
4795,33404,damaged,1853,PENDING
4796,87248,,99999,Rejected
4797,42246,WRONG,99999,Processed
4798,83786,WRONG,99999,PENDING
4799,66216,Damaged,1674,Rejected
4800,14013,WRONG,493,PENDING
4801,58525,Late Delivery,3631,Processed
4802,40295,,2770,Pending
4803,6429,WRONG,3139,PENDING
4804,83520,,4959,Processed
4805,23310,Missing Item,-200,Pending
4806,42136,Missing Item,3986,PENDING
4807,85148,Wrong Item,-200,Pending
4808,99245,damaged,3034,processed
4809,48690,Missing Item,99999,processed
4810,72799,Wrong Item,1871,Rejected
4811,51379,damaged,99999,PENDING
4812,63582,WRONG,0,processed
4813,81017,WRONG,153,Pending
4814,26441,damaged,-200,Rejected
4815,14992,Missing Item,-200,processed
4816,81346,Late Delivery,99999,Pending
4817,93429,,1147,PENDING
4818,19169,Late Delivery,3451,PENDING
4819,74127,damaged,286,Processed
4820,78880,Missing Item,3343,processed
4821,18963,Missing Item,99999,processed
4822,84481,,-200,Pending
4823,98773,damaged,99999,processed
4824,64344,Wrong Item,117,processed
4825,62637,,3599,Rejected
4826,64261,,-200,Processed
4827,63134,,99999,processed
4828,70619,Missing Item,99999,Pending
4829,20286,Late Delivery,99999,Pending
4830,57221,,99999,PENDING
4831,19592,,2092,Pending
4832,89192,Wrong Item,3183,Pending
4833,79178,,3391,processed
4834,86844,Wrong Item,-200,processed
4835,89693,damaged,2758,processed
4836,83524,damaged,-200,Pending
4837,23007,Missing Item,2643,processed
4838,20318,damaged,-200,PENDING
4839,70089,Late Delivery,466,PENDING
4840,60429,WRONG,0,Rejected
4841,5280,Damaged,99999,Rejected
4842,1885,Damaged,-200,Processed
4843,90967,Wrong Item,3481,PENDING
4844,36005,,99999,Rejected
4845,50045,Late Delivery,0,processed
4846,24138,Damaged,-200,Processed
4847,49332,,3642,Processed
4848,58926,Late Delivery,99999,Processed
4849,99794,Wrong Item,-200,Rejected
4850,25435,Wrong Item,99999,Pending
4851,64557,Damaged,-200,Pending
4852,29438,damaged,99999,processed
4853,73775,Late Delivery,3228,Rejected
4854,50539,damaged,99999,processed
4855,62008,damaged,394,Rejected
4856,93943,Damaged,-200,processed
4857,231,Missing Item,1133,Pending
4858,69926,Missing Item,2989,Pending
4859,67268,,2565,PENDING
4860,8634,Wrong Item,99999,processed
4861,21651,WRONG,-200,Pending
4862,8763,WRONG,-200,Processed
4863,34735,WRONG,3680,Pending
4864,21462,WRONG,0,Processed
4865,68756,Damaged,0,processed
4866,57371,Wrong Item,363,Pending
4867,41312,WRONG,-200,PENDING
4868,71946,Damaged,99999,processed
4869,46745,Late Delivery,3943,PENDING
4870,47252,WRONG,0,Rejected
4871,18132,Late Delivery,99999,Rejected
4872,73458,Missing Item,-200,PENDING
4873,53491,Damaged,1997,Pending
4874,32882,Wrong Item,0,PENDING
4875,65320,Missing Item,4129,Rejected
4876,74977,Damaged,99999,processed
4877,4052,,443,Pending
4878,82680,Missing Item,4338,processed
4879,23418,Missing Item,0,processed
4880,6184,Late Delivery,99999,Processed
4881,10749,Missing Item,767,Processed
4882,19259,,0,processed
4883,9534,Missing Item,2256,Pending
4884,96041,Missing Item,99999,PENDING
4885,12012,,0,Rejected
4886,60393,Late Delivery,0,Pending
4887,24945,Missing Item,0,Rejected
4888,32630,WRONG,-200,processed
4889,44815,damaged,1313,Pending
4890,37733,Damaged,99999,PENDING
4891,6539,,3407,Processed
4892,77183,Missing Item,-200,Rejected
4893,24167,Wrong Item,0,Rejected
4894,17985,damaged,99999,Processed
4895,22338,,0,PENDING
4896,13078,Late Delivery,1722,Processed
4897,49675,Damaged,0,PENDING
4898,49260,Missing Item,0,Pending
4899,23399,Damaged,-200,Processed
4900,72390,damaged,-200,Pending
4901,77927,,-200,processed
4902,71803,Missing Item,4466,PENDING
4903,83791,,99999,processed
4904,62065,Missing Item,1303,Rejected
4905,46623,Missing Item,99999,PENDING
4906,75739,damaged,-200,processed
4907,24613,Wrong Item,3409,PENDING
4908,36959,Wrong Item,4224,PENDING
4909,57688,WRONG,2824,Rejected
4910,17778,Missing Item,2542,processed
4911,20572,Missing Item,99999,Rejected
4912,59205,Wrong Item,2166,processed
4913,38506,WRONG,99999,PENDING
4914,83950,,4194,Processed
4915,91808,Wrong Item,248,PENDING
4916,81778,Late Delivery,4657,PENDING
4917,19220,WRONG,99999,Processed
4918,46709,,0,Rejected
4919,30536,damaged,3634,Rejected
4920,63779,Missing Item,845,PENDING
4921,67299,Wrong Item,-200,Processed
4922,35433,damaged,4456,processed
4923,28800,damaged,2314,Processed
4924,33770,Late Delivery,0,processed
4925,21878,WRONG,99999,processed
4926,61940,Late Delivery,3272,Rejected
4927,19582,Missing Item,1510,PENDING
4928,34987,damaged,99999,Rejected
4929,54324,Missing Item,2374,Pending
4930,62618,damaged,-200,PENDING
4931,95052,Wrong Item,174,Processed
4932,22652,Late Delivery,4035,Processed
4933,12037,damaged,4740,PENDING
4934,97723,Late Delivery,1759,Pending
4935,71692,Late Delivery,4309,Rejected
4936,47046,,99999,Rejected
4937,22034,Wrong Item,2332,Pending
4938,63097,Missing Item,0,Processed
4939,76951,,99999,Rejected
4940,14696,Wrong Item,-200,processed
4941,53199,damaged,0,Processed
4942,20688,damaged,192,Rejected
4943,59427,,99999,PENDING
4944,59632,Wrong Item,99999,PENDING
4945,39412,Wrong Item,2616,Rejected
4946,54186,Wrong Item,-200,PENDING
4947,21721,Late Delivery,-200,Pending
4948,26547,,-200,PENDING
4949,7176,damaged,995,Rejected
4950,9854,WRONG,1225,Rejected
4951,61260,Wrong Item,99999,Pending
4952,94702,Missing Item,-200,Pending
4953,87274,Missing Item,3953,Pending
4954,3185,Wrong Item,1532,processed
4955,61404,Missing Item,-200,Processed
4956,39411,Missing Item,2708,Processed
4957,1915,Missing Item,-200,Processed
4958,60242,Wrong Item,2834,PENDING
4959,74128,WRONG,-200,PENDING
4960,57380,WRONG,4242,Rejected
4961,75798,Wrong Item,4789,PENDING
4962,78779,Late Delivery,2971,PENDING
4963,95296,Damaged,99999,processed
4964,19373,Damaged,0,PENDING
4965,31544,Missing Item,-200,processed
4966,54135,,0,PENDING
4967,38567,WRONG,99999,processed
4968,32080,Wrong Item,-200,Pending
4969,47136,Missing Item,2949,Pending
4970,48399,Missing Item,1081,PENDING
4971,28164,Missing Item,99999,Pending
4972,64805,Missing Item,3292,PENDING
4973,33896,Missing Item,-200,Processed
4974,73379,Late Delivery,4921,Rejected
4975,53473,damaged,2035,PENDING
4976,15448,Wrong Item,-200,processed
4977,19111,Missing Item,-200,Rejected
4978,19843,Damaged,2192,processed
4979,92785,Missing Item,99999,Rejected
4980,95010,Late Delivery,1749,Rejected
4981,56884,,99999,Rejected
4982,39134,Wrong Item,99999,processed
4983,39283,Late Delivery,423,Processed
4984,7929,,1793,PENDING
4985,4359,WRONG,0,Processed
4986,10675,damaged,99999,Pending
4987,17016,Missing Item,1841,PENDING
4988,55878,damaged,0,Rejected
4989,21226,WRONG,1446,PENDING
4990,24719,Damaged,0,Processed
4991,30027,Damaged,4380,Rejected
4992,99712,Damaged,-200,Rejected
4993,85090,Late Delivery,-200,Pending
4994,95688,Late Delivery,-200,processed
4995,20724,damaged,0,PENDING
4996,64569,Wrong Item,4671,PENDING
4997,55900,damaged,-200,Processed
4998,12802,,111,processed
4999,80630,Missing Item,-200,PENDING
5000,86400,Damaged,1980,PENDING
5001,96667,Missing Item,3087,PENDING
5002,32446,Wrong Item,931,PENDING
5003,31026,damaged,0,Rejected
5004,21896,WRONG,-200,Rejected
5005,9464,damaged,677,processed
5006,63699,Wrong Item,99999,Rejected
5007,52255,damaged,2845,Rejected
5008,30013,WRONG,4549,processed
5009,14733,damaged,-200,Processed
5010,13351,Late Delivery,0,Pending
5011,50356,,0,processed
5012,93940,,497,processed
5013,75126,Wrong Item,0,Pending
5014,76555,WRONG,1184,processed
5015,54277,Late Delivery,0,Rejected
5016,62413,Late Delivery,-200,Rejected
5017,63621,Damaged,99999,PENDING
5018,711,damaged,862,PENDING
5019,71460,WRONG,813,PENDING
5020,92095,damaged,-200,Rejected
5021,12521,,4547,processed
5022,1284,Wrong Item,3696,PENDING
5023,77368,Missing Item,0,processed
5024,39980,,99999,Rejected
5025,40716,Missing Item,-200,Processed
5026,25498,damaged,99999,Rejected
5027,21923,Late Delivery,3047,Pending
5028,4640,Wrong Item,0,Processed
5029,78731,Wrong Item,0,Processed
5030,32121,Damaged,99999,Rejected
5031,48257,Wrong Item,-200,PENDING
5032,42356,Damaged,-200,Rejected
5033,67670,Missing Item,99999,processed
5034,91120,,0,Pending
5035,62666,WRONG,4198,processed
5036,58823,Missing Item,3383,Pending
5037,49313,damaged,4534,processed
5038,6227,Missing Item,1241,Pending
5039,80388,Wrong Item,4133,Processed
5040,6426,Wrong Item,1912,Rejected
5041,84457,Damaged,99999,Processed
5042,15057,Late Delivery,431,PENDING
5043,68098,Damaged,2855,Processed
5044,7567,Damaged,0,Pending
5045,41050,Wrong Item,99999,Rejected
5046,38558,Missing Item,-200,Rejected
5047,54094,Late Delivery,0,Processed
5048,7305,WRONG,2796,Processed
5049,14330,Late Delivery,99999,processed
5050,60700,Wrong Item,-200,Pending
5051,1449,Damaged,99999,processed
5052,46209,Missing Item,99999,PENDING
5053,93186,,99999,Rejected
5054,26915,Late Delivery,4687,processed
5055,7569,damaged,0,Pending
5056,84921,,3612,Pending
5057,50167,,1098,Rejected
5058,47365,damaged,99999,PENDING
5059,35884,WRONG,1398,Rejected
5060,93624,,-200,Pending
5061,22889,Late Delivery,99999,processed
5062,81020,,2082,PENDING
5063,93039,,-200,Processed
5064,90845,Damaged,0,PENDING
5065,27531,Missing Item,99999,processed
5066,81679,,-200,Processed
5067,64357,Missing Item,99999,Processed
5068,69212,Missing Item,2069,Rejected
5069,54793,damaged,1714,processed
5070,36328,damaged,3675,Processed
5071,36354,Damaged,0,Processed
5072,16189,Wrong Item,99999,processed
5073,95896,Wrong Item,99999,Rejected
5074,66295,Missing Item,99999,processed
5075,45684,Damaged,99999,Pending
5076,8510,Damaged,0,Processed
5077,74068,damaged,99999,Rejected
5078,28678,Wrong Item,0,Rejected
5079,19692,Wrong Item,2174,Rejected
5080,1921,WRONG,99999,Pending
5081,2020,,4845,processed
5082,61949,Missing Item,-200,PENDING
5083,11604,Late Delivery,3525,Rejected
5084,66881,WRONG,-200,Processed
5085,74076,Missing Item,0,processed
5086,89906,Late Delivery,99999,PENDING
5087,57014,Damaged,99999,PENDING
5088,59469,WRONG,933,Pending
5089,55970,WRONG,4300,Processed
5090,95776,Late Delivery,-200,Rejected
5091,52007,WRONG,99999,PENDING
5092,2031,Late Delivery,99999,Processed
5093,21010,Damaged,-200,Pending
5094,96043,Wrong Item,3171,PENDING
5095,66258,Missing Item,99999,PENDING
5096,62327,damaged,99999,PENDING
5097,29081,,99999,Processed
5098,85643,Late Delivery,3650,PENDING
5099,29012,,0,processed
5100,23392,Late Delivery,2908,processed
5101,60537,Late Delivery,99999,Pending
5102,73832,Late Delivery,0,Rejected
5103,83256,Missing Item,-200,processed
5104,53997,WRONG,0,Rejected
5105,58169,Missing Item,99999,PENDING
5106,26872,Late Delivery,2962,processed
5107,29582,Missing Item,-200,Pending
5108,91660,,2435,processed
5109,53947,,-200,Rejected
5110,49440,Late Delivery,1272,processed
5111,6123,Wrong Item,0,Processed
5112,72549,Late Delivery,868,Rejected
5113,8614,,3149,Rejected
5114,70116,WRONG,3305,Pending
5115,92973,Missing Item,-200,Processed
5116,11275,Late Delivery,0,Processed
5117,30225,Damaged,2678,Rejected
5118,8124,Missing Item,99999,processed
5119,61300,WRONG,1354,Pending
5120,15642,damaged,4249,Pending
5121,29000,,2337,Pending
5122,6530,WRONG,4411,processed
5123,97679,Damaged,-200,Processed
5124,30321,WRONG,99999,Pending
5125,84544,,819,Processed
5126,70375,Late Delivery,2735,Pending
5127,78279,damaged,99999,Processed
5128,98604,damaged,3457,PENDING
5129,53186,Wrong Item,3909,processed
5130,91995,Missing Item,3007,Pending
5131,78785,damaged,3751,Pending
5132,30727,Late Delivery,-200,processed
5133,62418,Damaged,99999,Rejected
5134,62381,,99999,Rejected
5135,87957,damaged,2318,Pending
5136,2159,Damaged,3422,Pending
5137,77265,Missing Item,3112,Rejected
5138,51315,Missing Item,-200,Processed
5139,7428,Wrong Item,0,Pending
5140,99318,Missing Item,2645,Rejected
5141,13739,Wrong Item,99999,PENDING
5142,9309,WRONG,790,processed
5143,11528,damaged,-200,Rejected
5144,31373,Missing Item,2340,processed
5145,18584,damaged,-200,Processed
5146,43317,,0,processed
5147,24442,damaged,4333,Processed
5148,44645,damaged,99999,PENDING
5149,86025,Wrong Item,4197,Rejected
5150,58791,damaged,0,Rejected
5151,38019,damaged,1254,Pending
5152,38764,WRONG,1947,Rejected
5153,84690,,4366,Processed
5154,70525,Late Delivery,208,processed
5155,90391,,-200,Pending
5156,24033,Wrong Item,1343,PENDING
5157,41957,damaged,1603,processed
5158,89629,,1001,Rejected
5159,70285,Damaged,-200,Processed
5160,83599,Late Delivery,1392,Pending
5161,79196,Wrong Item,1280,Pending
5162,37307,Wrong Item,1909,PENDING
5163,67165,WRONG,-200,Pending
5164,33708,Late Delivery,0,processed
5165,50293,WRONG,99999,PENDING
5166,76964,Missing Item,0,Pending
5167,43946,Wrong Item,3700,Processed
5168,67632,Damaged,989,Pending
5169,44703,Damaged,-200,Pending
5170,36320,damaged,2555,Rejected
5171,21963,Wrong Item,4390,PENDING
5172,22855,Missing Item,2524,Processed
5173,45323,Late Delivery,99999,Processed
5174,94951,Damaged,4886,Rejected
5175,25016,Late Delivery,99999,PENDING
5176,1638,Damaged,526,Pending
5177,34678,,3959,Processed
5178,87115,,4435,processed
5179,49044,Wrong Item,1455,Processed
5180,97100,WRONG,3784,PENDING
5181,29542,WRONG,1471,Pending
5182,34546,,2901,PENDING
5183,66326,Missing Item,99999,processed
5184,97585,Late Delivery,3764,Rejected
5185,81805,WRONG,3783,Rejected
5186,554,damaged,1980,processed
5187,66268,,-200,Rejected
5188,32232,Damaged,1025,PENDING
5189,79435,,3569,PENDING
5190,79288,Damaged,-200,PENDING
5191,97095,,3091,Rejected
5192,19969,,99999,Rejected
5193,72210,damaged,1240,processed
5194,28443,WRONG,287,Pending
5195,59855,Wrong Item,2975,Processed
5196,51733,Missing Item,3611,Pending
5197,66845,Late Delivery,-200,processed
5198,6315,Wrong Item,4820,Rejected
5199,71247,Late Delivery,978,Processed
5200,78227,Damaged,0,Processed
5201,60503,damaged,99999,Rejected
5202,28177,,4077,Rejected
5203,66545,Damaged,2167,processed
5204,33661,Late Delivery,4772,Rejected
5205,16486,Missing Item,99999,Rejected
5206,9054,Late Delivery,828,Rejected
5207,19809,WRONG,4705,processed
5208,8498,Missing Item,-200,Pending
5209,41776,Damaged,99999,Pending
5210,40773,Damaged,-200,Rejected
5211,87328,damaged,0,Rejected
5212,73311,Damaged,-200,processed
5213,66542,Wrong Item,185,Processed
5214,95245,Missing Item,2688,Pending
5215,72344,Wrong Item,3707,processed
5216,44568,,99999,Processed
5217,4247,WRONG,0,Processed
5218,40167,Missing Item,99999,processed
5219,77724,Damaged,2702,PENDING
5220,9330,damaged,99999,PENDING
5221,40415,,2888,Rejected
5222,3592,,0,Processed
5223,51311,Damaged,-200,Pending
5224,55600,Missing Item,-200,processed
5225,82905,Missing Item,0,Processed
5226,71954,Late Delivery,3432,PENDING
5227,21250,Damaged,581,Pending
5228,53552,Wrong Item,0,Pending
5229,80848,WRONG,0,Processed
5230,2007,damaged,0,Rejected
5231,23294,Missing Item,0,processed
5232,85987,Missing Item,3284,Rejected
5233,99451,Wrong Item,2442,PENDING
5234,40294,Missing Item,2227,Processed
5235,61173,Damaged,-200,Rejected
5236,81092,Missing Item,2149,Processed
5237,36991,Late Delivery,2078,PENDING
5238,12667,Damaged,-200,PENDING
5239,34642,damaged,956,Rejected
5240,1879,Missing Item,3616,Processed
5241,65310,,965,Rejected
5242,33833,,2100,processed
5243,55172,Damaged,2075,Rejected
5244,74734,Missing Item,4433,Pending
5245,36089,,3659,Rejected
5246,97646,Damaged,-200,processed
5247,69995,Late Delivery,1213,processed
5248,69446,Late Delivery,0,Rejected
5249,67397,Wrong Item,-200,Processed
5250,9821,Missing Item,1348,Rejected
5251,39388,damaged,4487,PENDING
5252,77759,Wrong Item,1358,Pending
5253,16619,damaged,4847,PENDING
5254,63125,Damaged,-200,Rejected
5255,43740,Wrong Item,0,PENDING
5256,65945,Late Delivery,-200,Rejected
5257,73357,Missing Item,1303,processed
5258,17812,WRONG,1463,processed
5259,1287,damaged,2951,Processed
5260,39765,,3427,Processed
5261,69318,damaged,0,processed
5262,78525,Late Delivery,-200,Pending
5263,71763,damaged,4298,PENDING
5264,70342,damaged,1056,PENDING
5265,15493,damaged,99999,Processed
5266,47093,Wrong Item,0,Processed
5267,99344,Wrong Item,1254,Processed
5268,67438,WRONG,1103,PENDING
5269,97063,,1907,Rejected
5270,25702,Late Delivery,3163,Pending
5271,61526,Missing Item,3923,processed
5272,5006,damaged,844,Processed
5273,92951,,3314,PENDING
5274,46249,Wrong Item,0,processed
5275,21991,WRONG,544,processed
5276,1675,damaged,2634,Processed
5277,93714,,4773,Pending
5278,58393,damaged,0,PENDING
5279,21207,WRONG,2789,Rejected
5280,68861,Missing Item,99999,processed
5281,48349,,3366,PENDING
5282,73927,Damaged,99999,Rejected
5283,18394,Wrong Item,2110,Processed
5284,82602,Missing Item,99999,processed
5285,79877,Missing Item,-200,processed
5286,43017,Late Delivery,2458,processed
5287,15896,WRONG,99999,Rejected
5288,49393,Damaged,1911,PENDING
5289,21489,WRONG,1408,Rejected
5290,59570,Late Delivery,0,processed
5291,44695,Damaged,3888,Processed
5292,98901,Missing Item,2142,Pending
5293,41842,Late Delivery,4817,processed
5294,26965,damaged,195,Rejected
5295,36735,WRONG,881,processed
5296,74997,Damaged,3271,Rejected
5297,63336,Late Delivery,3789,PENDING
5298,63056,Wrong Item,1470,PENDING
5299,61426,Wrong Item,99999,PENDING
5300,61166,Late Delivery,99999,PENDING
5301,42837,WRONG,2998,Pending
5302,213,damaged,3321,PENDING
5303,44122,Wrong Item,0,PENDING
5304,80168,,4977,processed
5305,53235,Missing Item,99999,Rejected
5306,65654,Damaged,0,Pending
5307,7777,Late Delivery,4116,Rejected
5308,4581,,1910,PENDING
5309,26449,Damaged,-200,Rejected
5310,94072,Wrong Item,0,PENDING
5311,65961,Damaged,99999,Pending
5312,69127,damaged,586,PENDING
5313,26323,Damaged,1632,Processed
5314,54733,Damaged,539,PENDING
5315,18132,,0,Rejected
5316,35403,Wrong Item,-200,Rejected
5317,80190,Late Delivery,2140,PENDING
5318,13882,,0,Pending
5319,7243,Missing Item,0,Rejected
5320,42478,Missing Item,1695,PENDING
5321,74750,,263,PENDING
5322,25107,Missing Item,1601,Processed
5323,7974,Damaged,989,Pending
5324,33209,Missing Item,-200,processed
5325,43307,,0,PENDING
5326,39712,WRONG,4881,Rejected
5327,98510,Wrong Item,3506,processed
5328,10223,Wrong Item,0,Rejected
5329,97312,,-200,Pending
5330,29222,damaged,3536,Rejected
5331,25897,,3657,Pending
5332,98631,,0,PENDING
5333,43869,Late Delivery,3317,processed
5334,54195,,99999,PENDING
5335,62956,Missing Item,0,PENDING
5336,5334,Late Delivery,0,Processed
5337,35932,Wrong Item,0,Rejected
5338,40337,Missing Item,4978,Processed
5339,5338,Late Delivery,0,processed
5340,31758,Wrong Item,3917,PENDING
5341,55508,Wrong Item,949,Pending
5342,60436,Damaged,0,processed
5343,61572,,-200,Pending
5344,70768,Late Delivery,2452,Rejected
5345,69998,,4965,Processed
5346,55107,Late Delivery,3714,Processed
5347,33425,Late Delivery,-200,Processed
5348,51144,Wrong Item,-200,Rejected
5349,90750,WRONG,2478,processed
5350,68579,WRONG,0,processed
5351,2137,damaged,0,Processed
5352,2130,damaged,-200,Rejected
5353,85916,Late Delivery,4964,Processed
5354,14091,Damaged,3316,processed
5355,94489,damaged,165,processed
5356,21947,damaged,0,processed
5357,60144,Damaged,713,Processed
5358,94763,Missing Item,3178,PENDING
5359,84057,Missing Item,99999,PENDING
5360,25299,Late Delivery,4945,Rejected
5361,63697,Late Delivery,1728,Pending
5362,29105,Wrong Item,0,Processed
5363,28818,damaged,1629,Rejected
5364,59209,,99999,Rejected
5365,76124,Wrong Item,1539,Rejected
5366,99434,Wrong Item,2019,PENDING
5367,51450,Damaged,0,Rejected
5368,88818,Wrong Item,-200,Processed
5369,93409,WRONG,99999,Rejected
5370,28864,Late Delivery,99999,Rejected
5371,79658,Wrong Item,2259,PENDING
5372,20206,,99999,Pending
5373,1028,damaged,1970,Rejected
5374,9861,WRONG,0,Pending
5375,83626,Missing Item,3995,Rejected
5376,94849,,99999,processed
5377,61297,damaged,99999,Pending
5378,52670,Missing Item,99999,Pending
5379,28188,Wrong Item,99999,Processed
5380,47319,Late Delivery,2552,processed
5381,58930,Missing Item,1083,Processed
5382,29751,Missing Item,3948,processed
5383,12322,Missing Item,741,Rejected
5384,7425,Late Delivery,2473,PENDING
5385,54386,,1472,Rejected
5386,95470,WRONG,99999,Rejected
5387,29055,Late Delivery,99999,Pending
5388,75690,Wrong Item,-200,Pending
5389,67558,Damaged,-200,PENDING
5390,24110,Late Delivery,0,Rejected
5391,35812,damaged,1393,Pending
5392,55787,WRONG,3780,Pending
5393,87734,damaged,0,Pending
5394,53493,damaged,-200,Processed
5395,24355,Missing Item,4057,PENDING
5396,26057,damaged,-200,Pending
5397,32319,damaged,3856,Pending
5398,95606,Wrong Item,4170,Rejected
5399,53459,Late Delivery,-200,PENDING
5400,85498,Late Delivery,1497,Rejected
5401,64428,Wrong Item,99999,processed
5402,36215,,-200,processed
5403,8587,WRONG,-200,Pending
5404,59212,Missing Item,-200,Processed
5405,16715,damaged,-200,Rejected
5406,67496,Late Delivery,2636,processed
5407,90882,Late Delivery,-200,PENDING
5408,39130,Late Delivery,0,Pending
5409,82388,,1052,PENDING
5410,47371,damaged,3106,PENDING
5411,50423,WRONG,2014,PENDING
5412,23875,Missing Item,0,Processed
5413,77899,damaged,99999,Rejected
5414,43119,Late Delivery,4494,PENDING
5415,51079,Late Delivery,0,Processed
5416,70481,,0,Processed
5417,78899,Missing Item,3300,Processed
5418,54155,Late Delivery,4105,Pending
5419,7631,Wrong Item,2028,processed
5420,51759,Damaged,1119,PENDING
5421,70180,Damaged,-200,processed
5422,47183,Missing Item,351,processed
5423,79169,Damaged,1178,Processed
5424,75078,Damaged,99999,PENDING
5425,62890,Damaged,4127,processed
5426,43358,Damaged,2911,Processed
5427,44569,Wrong Item,3122,Pending
5428,61470,Late Delivery,99999,PENDING
5429,81390,WRONG,1988,Pending
5430,8448,Wrong Item,3076,processed
5431,3590,Wrong Item,99999,processed
5432,29141,WRONG,-200,Rejected
5433,13673,damaged,-200,processed
5434,39914,Damaged,2580,Pending
5435,16706,,0,Pending
5436,82863,damaged,99999,PENDING
5437,69751,Missing Item,-200,Rejected
5438,98016,Missing Item,4322,processed
5439,19148,WRONG,0,Pending
5440,53000,Wrong Item,4857,Processed
5441,94497,,1520,Pending
5442,65918,Missing Item,1146,Rejected
5443,25525,Damaged,4087,Pending
5444,74625,WRONG,-200,processed
5445,36035,Wrong Item,3256,Rejected
5446,95482,Damaged,4404,Rejected
5447,22691,,3596,Rejected
5448,67242,Missing Item,0,Processed
5449,94336,Missing Item,782,Pending
5450,84138,,583,Processed
5451,60591,,99999,PENDING
5452,40163,damaged,1728,Pending
5453,38660,Damaged,-200,Processed
5454,65263,Damaged,3495,processed
5455,75461,WRONG,1951,Processed
5456,61357,Missing Item,3619,Pending
5457,94285,damaged,-200,Rejected
5458,67096,,99999,Processed
5459,68219,Missing Item,0,Rejected
5460,44569,Missing Item,-200,Pending
5461,76889,Wrong Item,0,processed
5462,3594,Damaged,4027,Processed
5463,80429,,0,PENDING
5464,75695,Late Delivery,3025,processed
5465,47304,Wrong Item,2687,Pending
5466,68643,Missing Item,1568,Processed
5467,6192,Wrong Item,0,PENDING
5468,98318,damaged,426,Pending
5469,72726,Wrong Item,3351,Rejected
5470,41996,WRONG,99999,Pending
5471,80380,damaged,4195,Pending
5472,86615,,0,processed
5473,42900,Damaged,-200,processed
5474,2220,,1889,Rejected
5475,43670,damaged,99999,Rejected
5476,31515,Wrong Item,0,Pending
5477,63011,Late Delivery,-200,Pending
5478,91478,Damaged,0,Rejected
5479,2436,damaged,4693,Pending
5480,80828,WRONG,4499,Pending
5481,33525,WRONG,0,Pending
5482,14367,WRONG,-200,Rejected
5483,42093,Late Delivery,360,Processed
5484,91452,Missing Item,0,PENDING
5485,44661,,0,Rejected
5486,89335,WRONG,2141,Rejected
5487,96921,Late Delivery,1676,Rejected
5488,53150,damaged,2286,Pending
5489,17571,Wrong Item,0,Processed
5490,55734,Missing Item,2955,processed
5491,84649,Damaged,0,Pending
5492,44900,Wrong Item,3757,Rejected
5493,71778,Late Delivery,0,Pending
5494,42452,Damaged,0,processed
5495,97563,Wrong Item,0,Rejected
5496,75150,damaged,-200,processed
5497,11321,,-200,PENDING
5498,60123,Late Delivery,-200,Pending
5499,54609,Wrong Item,-200,Rejected
5500,43697,Wrong Item,0,Rejected
5501,1636,,0,Rejected
5502,14819,Late Delivery,-200,PENDING
5503,13205,Missing Item,0,Rejected
5504,63317,,0,processed
5505,28649,WRONG,1356,processed
5506,83699,,99999,processed
5507,96475,Missing Item,0,PENDING
5508,78476,WRONG,2433,Rejected
5509,90607,,0,PENDING
5510,35974,damaged,99999,Processed
5511,75574,damaged,99999,PENDING
5512,13563,Damaged,0,Pending
5513,36369,damaged,99999,Rejected
5514,17532,WRONG,-200,Rejected
5515,21424,,99999,processed
5516,57,Wrong Item,-200,Processed
5517,28964,Late Delivery,0,processed
5518,62516,Late Delivery,-200,Rejected
5519,86643,damaged,2362,Pending
5520,16351,Missing Item,0,processed
5521,88517,WRONG,-200,Processed
5522,59771,,-200,Pending
5523,12424,WRONG,642,processed
5524,23409,Late Delivery,1704,PENDING
5525,71236,Wrong Item,4295,Processed
5526,74934,Wrong Item,3892,Processed
5527,31359,Damaged,-200,PENDING
5528,57686,Wrong Item,0,processed
5529,13841,Missing Item,-200,processed
5530,91839,Late Delivery,2712,PENDING
5531,97194,damaged,1362,PENDING
5532,61271,Damaged,815,Processed
5533,97796,Damaged,3989,Rejected
5534,4471,Missing Item,3875,PENDING
5535,40464,Missing Item,3730,Rejected
5536,19217,,99999,Rejected
5537,16554,Wrong Item,4742,Pending
5538,78531,Wrong Item,-200,Pending
5539,65823,Missing Item,1786,PENDING
5540,20123,,331,Pending
5541,73835,Wrong Item,3496,PENDING
5542,76907,Late Delivery,0,processed
5543,59982,damaged,3621,Rejected
5544,69004,Wrong Item,2089,processed
5545,88670,damaged,2580,PENDING
5546,72689,Late Delivery,99999,Pending
5547,68625,Damaged,2697,PENDING
5548,68562,Damaged,99999,PENDING
5549,92210,Wrong Item,-200,Pending
5550,46589,Missing Item,0,processed
5551,2132,Damaged,99999,Processed
5552,82461,WRONG,0,Rejected
5553,90159,Late Delivery,99999,Rejected
5554,37767,,-200,Rejected
5555,33703,damaged,0,processed
5556,16818,Wrong Item,0,Rejected
5557,85233,damaged,2586,Processed
5558,30208,Wrong Item,4553,PENDING
5559,51408,Missing Item,1618,Rejected
5560,89155,Missing Item,2092,processed
5561,44725,damaged,-200,processed
5562,45804,damaged,2263,Pending
5563,84878,,4007,Pending
5564,53013,Damaged,99999,Pending
5565,23440,Late Delivery,-200,Rejected
5566,33545,damaged,0,Rejected
5567,88949,Damaged,3250,Rejected
5568,27769,Wrong Item,0,Processed
5569,98178,WRONG,0,Rejected
5570,69383,Late Delivery,3352,Rejected
5571,15200,,3703,PENDING
5572,67254,Late Delivery,1027,Pending
5573,87186,WRONG,4937,processed
5574,70470,WRONG,-200,Rejected
5575,51461,Damaged,-200,PENDING
5576,30994,Wrong Item,3494,Pending
5577,57497,Missing Item,4001,processed
5578,33768,Damaged,1263,Processed
5579,7697,,-200,processed
5580,50417,damaged,3712,Processed
5581,49808,Wrong Item,0,Rejected
5582,20261,,4970,Pending
5583,83427,Late Delivery,0,Processed
5584,41804,,0,processed
5585,2873,Damaged,0,processed
5586,67268,Wrong Item,-200,Processed
5587,8098,Missing Item,0,processed
5588,69810,Late Delivery,2309,Rejected
5589,63009,Wrong Item,272,Processed
5590,97140,Missing Item,0,Rejected
5591,16253,Wrong Item,0,processed
5592,10431,damaged,0,Processed
5593,11317,Late Delivery,0,Rejected
5594,61933,Missing Item,3971,PENDING
5595,79398,Late Delivery,99999,PENDING
5596,9658,Wrong Item,1601,Pending
5597,91645,WRONG,3241,Processed
5598,3258,,741,processed
5599,51159,Late Delivery,0,Processed
5600,53048,damaged,2165,Pending
5601,80495,WRONG,808,Pending
5602,54392,WRONG,2980,Rejected
5603,62815,Late Delivery,-200,Rejected
5604,16322,Missing Item,99999,Rejected
5605,69375,WRONG,-200,processed
5606,20899,WRONG,-200,Pending
5607,82760,,4749,Rejected
5608,56577,,116,PENDING
5609,64237,Damaged,99999,Pending
5610,57955,WRONG,99999,Pending
5611,14247,Missing Item,4108,Processed
5612,94906,,2088,Pending
5613,4365,WRONG,3770,processed
5614,16133,Missing Item,3631,Pending
5615,52976,Damaged,-200,Rejected
5616,65239,Damaged,2706,PENDING
5617,66616,damaged,-200,processed
5618,9122,WRONG,1586,Rejected
5619,18610,Missing Item,-200,Pending
5620,18520,Missing Item,4303,Pending
5621,76393,Missing Item,4414,processed
5622,56014,WRONG,4684,Processed
5623,24747,Missing Item,1683,processed
5624,68500,Damaged,0,PENDING
5625,72471,,4797,Rejected
5626,37361,Damaged,4774,Processed
5627,35395,Damaged,2878,Processed
5628,10222,,99999,Pending
5629,36270,Late Delivery,2313,PENDING
5630,57833,Missing Item,677,processed
5631,71097,,415,Rejected
5632,79264,damaged,1125,Processed
5633,84123,Damaged,4150,Rejected
5634,18195,Damaged,-200,PENDING
5635,1880,,-200,PENDING
5636,33724,Missing Item,2812,Processed
5637,19040,Damaged,1457,PENDING
5638,92968,WRONG,-200,Processed
5639,28976,,-200,Rejected
5640,56660,damaged,952,PENDING
5641,80161,Missing Item,2907,Processed
5642,99980,damaged,4240,PENDING
5643,11620,Missing Item,99999,Rejected
5644,39606,,-200,PENDING
5645,61889,Damaged,0,PENDING
5646,1717,Missing Item,1209,Rejected
5647,54765,Missing Item,1334,Pending
5648,6208,WRONG,-200,Processed
5649,74894,Damaged,-200,Pending
5650,61959,WRONG,0,Processed
5651,28752,Wrong Item,4863,Processed
5652,40491,damaged,2524,Processed
5653,20971,Missing Item,111,Pending
5654,84325,Missing Item,317,Processed
5655,60822,,0,Processed
5656,70490,,-200,Pending
5657,21122,WRONG,99999,Processed
5658,39576,Late Delivery,0,Pending
5659,51627,Wrong Item,-200,processed
5660,46070,Wrong Item,4516,PENDING
5661,96276,,0,PENDING
5662,17682,Missing Item,1245,processed
5663,76612,Wrong Item,976,Processed
5664,25517,Missing Item,99999,PENDING
5665,41441,damaged,3941,Pending
5666,30734,Missing Item,4347,Rejected
5667,21560,Damaged,3862,Processed
5668,16028,WRONG,4360,Processed
5669,63138,damaged,3859,Rejected
5670,98619,WRONG,-200,Rejected
5671,26152,Damaged,933,Rejected
5672,47608,damaged,99999,PENDING
5673,86943,,2526,Processed
5674,15641,Late Delivery,-200,Pending
5675,75703,Missing Item,-200,PENDING
5676,77330,WRONG,99999,Processed
5677,40144,Late Delivery,-200,processed
5678,91673,Damaged,99999,Pending
5679,92031,Missing Item,4959,processed
5680,64955,Missing Item,4760,processed
5681,93070,damaged,0,Pending
5682,61946,Missing Item,1595,Rejected
5683,59088,Missing Item,2234,processed
5684,4148,Damaged,99999,Rejected
5685,51473,Missing Item,99999,Rejected
5686,80939,Late Delivery,2431,PENDING
5687,87834,Missing Item,2426,Rejected
5688,58134,damaged,-200,Rejected
5689,28886,Damaged,115,Rejected
5690,19812,Missing Item,99999,processed
5691,91211,,0,Rejected
5692,34357,Wrong Item,99999,Pending
5693,78521,Damaged,0,Pending
5694,12739,Damaged,2419,Pending
5695,719,Missing Item,4928,PENDING
5696,95287,Wrong Item,99999,PENDING
5697,66923,damaged,1976,Pending
5698,31914,damaged,2608,Processed
5699,10469,damaged,99999,PENDING
5700,86381,Late Delivery,1232,PENDING
5701,39910,Missing Item,3190,Rejected
5702,95791,Missing Item,3330,Processed
5703,96823,,0,processed
5704,51195,Late Delivery,1329,Processed
5705,51918,Wrong Item,660,Rejected
5706,79103,WRONG,0,Rejected
5707,59853,Damaged,1806,Processed
5708,73843,Wrong Item,0,PENDING
5709,43791,Late Delivery,2345,Processed
5710,32441,Damaged,2669,Pending
5711,75298,Missing Item,1975,Processed
5712,75450,Missing Item,4986,processed
5713,48503,damaged,992,Pending
5714,83050,Damaged,-200,PENDING
5715,9198,Missing Item,1773,Pending
5716,89358,Late Delivery,1937,Rejected
5717,72864,,1314,PENDING
5718,53683,WRONG,-200,processed
5719,16783,Late Delivery,1371,Rejected
5720,51362,Damaged,0,Rejected
5721,79515,Damaged,3847,Pending
5722,15638,WRONG,99999,Rejected
5723,12489,damaged,0,processed
5724,30841,Late Delivery,99999,PENDING
5725,45149,damaged,2993,Processed
5726,11669,WRONG,3233,Processed
5727,28424,Missing Item,3038,Processed
5728,28899,Missing Item,99999,Rejected
5729,74664,damaged,-200,PENDING
5730,44783,WRONG,-200,Rejected
5731,18512,Late Delivery,3048,Rejected
5732,71580,Wrong Item,1039,Processed
5733,57775,Late Delivery,99999,Pending
5734,80244,damaged,837,Rejected
5735,25947,Missing Item,99999,Pending
5736,73803,WRONG,0,Processed
5737,27969,Late Delivery,4468,Rejected
5738,45322,Missing Item,0,processed
5739,15845,,3081,Processed
5740,23380,Missing Item,4416,Rejected
5741,29276,damaged,2731,PENDING
5742,22564,damaged,0,Rejected
5743,57733,Missing Item,99999,Processed
5744,54293,Damaged,0,Pending
5745,89128,WRONG,1054,Rejected
5746,53921,Wrong Item,99999,Processed
5747,68615,damaged,99999,PENDING
5748,62385,Late Delivery,-200,Pending
5749,1069,Missing Item,99999,Pending
5750,90271,Missing Item,1679,Pending
5751,28028,WRONG,99999,PENDING
5752,97586,Wrong Item,0,Rejected
5753,21719,Missing Item,4572,Rejected
5754,92696,Missing Item,2736,processed
5755,24598,damaged,3085,processed
5756,24035,Missing Item,3045,PENDING
5757,25133,WRONG,1655,Processed
5758,32096,Damaged,-200,PENDING
5759,42821,,99999,Pending
5760,61824,Missing Item,2463,PENDING
5761,57228,Wrong Item,4864,processed
5762,69463,WRONG,2845,processed
5763,9453,Late Delivery,3557,Rejected
5764,60020,Damaged,1927,processed
5765,26102,WRONG,-200,PENDING
5766,10692,,0,Rejected
5767,77575,,2239,PENDING
5768,63656,,0,Rejected
5769,10320,Missing Item,0,Pending
5770,21373,Missing Item,0,Processed
5771,32224,,3758,PENDING
5772,94557,Damaged,3609,PENDING
5773,29483,,0,Pending
5774,18703,Damaged,734,Rejected
5775,64854,Damaged,143,Pending
5776,15530,,1914,Pending
5777,60688,Wrong Item,2661,PENDING
5778,85490,Damaged,4693,PENDING
5779,72493,Damaged,535,Pending
5780,34466,Missing Item,4735,Pending
5781,45490,Late Delivery,1756,Pending
5782,13463,Late Delivery,905,Rejected
5783,97749,Missing Item,0,PENDING
5784,49466,,0,Pending
5785,68241,Damaged,-200,Pending
5786,71733,,3825,Processed
5787,76838,Late Delivery,4479,Rejected
5788,10975,WRONG,99999,Processed
5789,13011,Damaged,1451,Rejected
5790,5599,Damaged,464,processed
5791,47084,Damaged,-200,Processed
5792,91036,Wrong Item,2978,processed
5793,96326,damaged,1631,Processed
5794,79718,Missing Item,-200,Processed
5795,79729,,1475,processed
5796,77160,damaged,1784,processed
5797,84418,Wrong Item,99999,PENDING
5798,96154,,99999,PENDING
5799,56437,Damaged,99999,Rejected
5800,36065,damaged,0,Pending
5801,87442,Damaged,4649,Rejected
5802,39002,damaged,4367,processed
5803,47426,Late Delivery,3141,Processed
5804,67106,,3442,processed
5805,22933,Wrong Item,0,processed
5806,99442,damaged,0,processed
5807,42462,Late Delivery,2899,Pending
5808,83561,WRONG,3951,PENDING
5809,55690,,99999,Processed
5810,48834,damaged,0,Processed
5811,1398,WRONG,99999,Processed
5812,32686,damaged,3097,Rejected
5813,62966,Missing Item,-200,processed
5814,67874,Late Delivery,0,PENDING
5815,49668,,0,PENDING
5816,29572,WRONG,-200,Rejected
5817,72600,Missing Item,-200,Processed
5818,2966,,4305,Processed
5819,60791,,1986,Rejected
5820,56724,Missing Item,0,Processed
5821,25894,Late Delivery,0,processed
5822,59469,Late Delivery,-200,PENDING
5823,4543,Late Delivery,99999,PENDING
5824,99756,damaged,0,processed
5825,76405,Missing Item,99999,Pending
5826,71396,Wrong Item,-200,PENDING
5827,21783,Damaged,825,Pending
5828,61086,Missing Item,99999,PENDING
5829,93467,,3528,Pending
5830,85201,,-200,Rejected
5831,26108,WRONG,0,PENDING
5832,66722,Late Delivery,3823,processed
5833,50067,damaged,4617,PENDING
5834,12290,Late Delivery,4737,PENDING
5835,76931,WRONG,1119,Pending
5836,47132,Missing Item,503,processed
5837,96020,Missing Item,655,processed
5838,26645,damaged,0,processed
5839,66366,Missing Item,319,Pending
5840,92312,Wrong Item,3624,Pending
5841,7251,Damaged,423,Rejected
5842,41998,Missing Item,1207,processed
5843,33665,,3207,Rejected
5844,15521,,3368,Pending
5845,57406,Late Delivery,0,Rejected
5846,13897,Late Delivery,4088,Pending
5847,61837,damaged,1107,Rejected
5848,64472,damaged,-200,processed
5849,47468,WRONG,0,PENDING
5850,87374,,99999,Processed
5851,20203,WRONG,-200,processed
5852,70796,WRONG,3042,PENDING
5853,7068,Late Delivery,1915,Pending
5854,13835,Damaged,99999,Processed
5855,82603,Damaged,1044,Rejected
5856,4432,Wrong Item,2868,Processed
5857,77832,WRONG,0,PENDING
5858,10876,WRONG,4298,processed
5859,78335,damaged,-200,Rejected
5860,85499,,-200,Rejected
5861,55358,Late Delivery,0,processed
5862,79699,WRONG,-200,Pending
5863,29371,Wrong Item,0,processed
5864,10296,Late Delivery,99999,Rejected
5865,28601,Wrong Item,2960,processed
5866,37265,,-200,Processed
5867,53919,WRONG,3676,PENDING
5868,57515,,4864,Processed
5869,24323,Late Delivery,-200,Pending
5870,42378,damaged,138,Processed
5871,20266,WRONG,4904,processed
5872,70181,damaged,4075,Rejected
5873,68646,,99999,PENDING
5874,55720,Late Delivery,2714,Rejected
5875,65229,damaged,99999,Processed
5876,12686,WRONG,0,Pending
5877,13795,Late Delivery,2279,Rejected
5878,39443,damaged,0,processed
5879,58908,,99999,Processed
5880,22724,damaged,0,Pending
5881,28814,Missing Item,99999,Pending
5882,60294,Missing Item,-200,processed
5883,15741,Late Delivery,99999,processed
5884,27699,damaged,-200,processed
5885,37632,Missing Item,1219,Pending
5886,22577,damaged,1435,processed
5887,55670,damaged,3098,processed
5888,98171,Missing Item,3113,PENDING
5889,30438,,99999,Processed
5890,87010,damaged,4314,Pending
5891,49691,Damaged,2567,Processed
5892,32961,Missing Item,4115,processed
5893,72397,,4448,processed
5894,14676,Late Delivery,99999,Pending
5895,49516,Missing Item,834,Rejected
5896,29460,damaged,4213,processed
5897,16402,damaged,2456,Processed
5898,99152,damaged,0,PENDING
5899,47148,Damaged,587,Processed
5900,78813,Late Delivery,2106,PENDING
5901,40375,WRONG,432,PENDING
5902,59517,damaged,3118,PENDING
5903,80785,,0,Pending
5904,90818,WRONG,0,Pending
5905,11368,WRONG,-200,PENDING
5906,34994,Wrong Item,1561,PENDING
5907,84524,WRONG,-200,PENDING
5908,63623,Damaged,4333,processed
5909,41059,WRONG,99999,PENDING
5910,48770,,4722,Pending
5911,56786,Late Delivery,283,Processed
5912,90361,,4362,Rejected
5913,87419,Missing Item,4484,Pending
5914,57832,damaged,0,PENDING
5915,85668,Wrong Item,261,processed
5916,87369,Damaged,0,PENDING
5917,66494,Damaged,0,PENDING
5918,43140,WRONG,3174,Processed
5919,85712,Damaged,99999,processed
5920,7408,Wrong Item,0,processed
5921,79772,Wrong Item,-200,PENDING
5922,10381,Damaged,4069,processed
5923,24112,Damaged,2619,processed
5924,89702,,1212,PENDING
5925,16124,Late Delivery,99999,PENDING
5926,53232,WRONG,-200,PENDING
5927,37004,damaged,99999,processed
5928,99326,Wrong Item,868,Processed
5929,40179,WRONG,794,Pending
5930,35960,WRONG,-200,Processed
5931,14129,Damaged,99999,PENDING
5932,84758,WRONG,-200,processed
5933,32805,Wrong Item,3623,Rejected
5934,61234,Missing Item,0,processed
5935,86585,,876,processed
5936,33428,WRONG,0,Processed
5937,86667,Late Delivery,3667,Processed
5938,94396,Late Delivery,3446,Processed
5939,4358,Wrong Item,99999,Rejected
5940,73628,WRONG,3341,processed
5941,28535,Missing Item,99999,Processed
5942,7304,Wrong Item,-200,Pending
5943,84417,damaged,-200,Pending
5944,60675,damaged,-200,PENDING
5945,17666,Damaged,695,PENDING
5946,98545,Wrong Item,-200,Pending
5947,80771,Missing Item,0,Processed
5948,30421,Missing Item,3116,processed
5949,41072,Missing Item,0,Processed
5950,25973,Late Delivery,1205,Rejected
5951,4718,WRONG,99999,processed
5952,80057,WRONG,99999,Rejected
5953,8220,Missing Item,2486,PENDING
5954,39741,WRONG,-200,Processed
5955,71821,WRONG,-200,Rejected
5956,99031,,4850,Processed
5957,45665,WRONG,1849,Processed
5958,96193,WRONG,2882,Pending
5959,73392,,2839,Pending
5960,12835,Late Delivery,-200,Processed
5961,16350,,-200,Rejected
5962,70695,Damaged,99999,Pending
5963,85022,Missing Item,4659,processed
5964,10969,Missing Item,-200,Rejected
5965,81759,damaged,-200,Pending
5966,32705,,4835,Processed
5967,42137,WRONG,0,PENDING
5968,88297,WRONG,99999,Pending
5969,25584,damaged,404,Processed
5970,8370,WRONG,2076,processed
5971,18323,Damaged,2365,processed
5972,92306,Missing Item,-200,PENDING
5973,21975,Damaged,3674,Rejected
5974,18785,damaged,3100,processed
5975,16072,damaged,1871,Pending
5976,73073,Missing Item,1663,Pending
5977,13888,Damaged,3255,processed
5978,86818,damaged,1749,processed
5979,99754,,364,Pending
5980,59109,WRONG,1991,processed
5981,21805,Missing Item,1122,PENDING
5982,6805,damaged,4280,Rejected
5983,87464,Damaged,2215,processed
5984,63124,Late Delivery,99999,Pending
5985,58231,WRONG,-200,Rejected
5986,9549,damaged,0,PENDING
5987,52123,WRONG,3814,Pending
5988,28305,,4272,Rejected
5989,91396,Late Delivery,-200,processed
5990,34914,,3096,PENDING
5991,15088,Late Delivery,2953,Processed
5992,5029,Missing Item,1740,Processed
5993,67015,,334,Rejected
5994,17966,,468,Rejected
5995,52910,Wrong Item,2684,PENDING
5996,29889,Missing Item,0,processed
5997,62714,,99999,Processed
5998,18141,Wrong Item,2491,Rejected
5999,95032,Damaged,0,processed
6000,815,WRONG,99999,Pending
6001,84501,Missing Item,1127,Processed
6002,21023,,-200,Processed
6003,37275,Wrong Item,-200,Pending
6004,32369,WRONG,99999,Pending
6005,43200,WRONG,99999,Rejected
6006,39997,Damaged,-200,processed
6007,49184,Late Delivery,-200,Rejected
6008,19860,damaged,0,processed
6009,62272,Wrong Item,-200,Processed
6010,82991,,-200,Processed
6011,49740,WRONG,99999,Processed
6012,8167,Wrong Item,4193,Processed
6013,16232,Wrong Item,99999,Processed
6014,45924,damaged,765,Rejected
6015,36573,Missing Item,3029,Rejected
6016,46364,Missing Item,99999,Processed
6017,36639,Wrong Item,99999,PENDING
6018,48350,WRONG,1300,Processed
6019,60838,Wrong Item,2005,Pending
6020,22198,Damaged,2366,processed
6021,53962,WRONG,4869,Processed
6022,51822,Damaged,99999,Pending
6023,96157,,0,Pending
6024,6268,,99999,Processed
6025,59862,Damaged,99999,PENDING
6026,10241,Damaged,99999,processed
6027,2398,,1577,PENDING
6028,55967,damaged,-200,Processed
6029,19031,WRONG,0,processed
6030,32511,damaged,99999,processed
6031,62330,WRONG,3213,Rejected
6032,20371,Late Delivery,3293,PENDING
6033,22506,damaged,431,PENDING
6034,81139,,2617,Processed
6035,56667,WRONG,2255,PENDING
6036,76690,Late Delivery,4127,Rejected
6037,65156,,2376,Pending
6038,22350,,-200,Processed
6039,12483,Missing Item,451,Pending
6040,41416,damaged,0,Rejected
6041,87261,WRONG,99999,processed
6042,45888,Missing Item,-200,Pending
6043,98584,Late Delivery,1605,Processed
6044,52070,WRONG,0,Rejected
6045,75282,WRONG,-200,Pending
6046,84083,Damaged,1763,PENDING
6047,1529,Wrong Item,1802,PENDING
6048,81453,Missing Item,0,Rejected
6049,27290,WRONG,3939,PENDING
6050,41230,Wrong Item,4047,processed
6051,6057,Wrong Item,0,Rejected
6052,43168,Wrong Item,473,Processed
6053,89355,,3246,Rejected
6054,96433,,2815,Rejected
6055,30325,,3921,processed
6056,64491,Damaged,99999,processed
6057,99984,,3925,processed
6058,27203,Missing Item,-200,Processed
6059,48248,Missing Item,0,Pending
6060,18951,Late Delivery,1644,processed
6061,36420,Damaged,0,processed
6062,65569,Damaged,1059,Pending
6063,57679,Missing Item,0,PENDING
6064,2091,damaged,782,Rejected
6065,14311,Damaged,-200,Pending
6066,31542,Damaged,126,Processed
6067,82486,damaged,-200,Pending
6068,79770,Wrong Item,4361,Pending
6069,72902,Wrong Item,2805,Pending
6070,65386,WRONG,0,Rejected
6071,5043,Wrong Item,4154,Processed
6072,42137,Late Delivery,4849,PENDING
6073,11497,damaged,99999,Processed
6074,50365,Late Delivery,-200,Rejected
6075,64442,damaged,2350,Processed
6076,37588,Late Delivery,99999,PENDING
6077,69553,,4399,Pending
6078,20415,WRONG,1251,Pending
6079,819,Wrong Item,0,Rejected
6080,97809,damaged,-200,Pending
6081,42090,Late Delivery,4596,processed
6082,52473,Wrong Item,99999,PENDING
6083,22471,,-200,Processed
6084,50849,Damaged,0,PENDING
6085,86433,Missing Item,455,Rejected
6086,66531,WRONG,-200,Pending
6087,21188,Late Delivery,99999,Rejected
6088,75853,Damaged,-200,Pending
6089,28933,Missing Item,415,PENDING
6090,7698,Damaged,1813,processed
6091,22825,Wrong Item,2790,Rejected
6092,28864,Damaged,99999,Rejected
6093,79715,Damaged,4679,PENDING
6094,49037,Missing Item,0,PENDING
6095,29427,Wrong Item,460,PENDING
6096,52747,Missing Item,3772,PENDING
6097,32185,WRONG,-200,Rejected
6098,57934,Late Delivery,0,PENDING
6099,26098,WRONG,0,PENDING
6100,62644,Missing Item,3632,PENDING
6101,36778,,-200,PENDING
6102,92408,damaged,-200,processed
6103,54027,,3191,Processed
6104,21551,Wrong Item,4882,processed
6105,24849,Wrong Item,2889,Pending
6106,4280,WRONG,2277,processed
6107,74079,Wrong Item,0,Rejected
6108,28419,,4739,Pending
6109,66820,Late Delivery,99999,PENDING
6110,26645,WRONG,4748,Processed
6111,60073,Damaged,3852,processed
6112,83261,Late Delivery,4109,processed
6113,55812,Late Delivery,4561,PENDING
6114,36342,Wrong Item,0,Pending
6115,98192,Late Delivery,855,processed
6116,10317,Wrong Item,-200,processed
6117,65375,Missing Item,702,Rejected
6118,56786,Missing Item,99999,processed
6119,17145,Late Delivery,935,PENDING
6120,45282,WRONG,99999,Pending
6121,84899,damaged,2724,Pending
6122,13281,Missing Item,0,PENDING
6123,40443,Wrong Item,4584,Pending
6124,2091,damaged,99999,processed
6125,39281,damaged,0,PENDING
6126,7618,Late Delivery,0,Processed
6127,76331,damaged,99999,Rejected
6128,58985,Damaged,2282,Rejected
6129,29496,Damaged,878,processed
6130,20855,Late Delivery,4069,processed
6131,16202,damaged,0,PENDING
6132,21299,Wrong Item,3115,Rejected
6133,14225,Late Delivery,2970,processed
6134,17778,damaged,-200,processed
6135,29127,Wrong Item,-200,Pending
6136,93704,Late Delivery,99999,Rejected
6137,92140,Late Delivery,0,Processed
6138,60924,,587,Pending
6139,73229,,935,Pending
6140,12216,Late Delivery,-200,PENDING
6141,90769,Damaged,99999,Processed
6142,97553,WRONG,4686,Pending
6143,58313,Damaged,99999,Processed
6144,13444,damaged,0,processed
6145,48046,Damaged,774,Rejected
6146,92114,Late Delivery,1390,PENDING
6147,98183,Late Delivery,-200,PENDING
6148,43555,,4916,Pending
6149,39234,Damaged,0,processed
6150,51927,Late Delivery,99999,Processed
6151,67808,Damaged,3493,Rejected
6152,44201,damaged,0,Rejected
6153,40198,Wrong Item,-200,Processed
6154,73001,,0,processed
6155,72543,damaged,99999,processed
6156,38123,damaged,99999,processed
6157,7439,Late Delivery,-200,PENDING
6158,85955,Wrong Item,1978,processed
6159,35072,Late Delivery,1628,processed
6160,77042,Damaged,751,Pending
6161,49582,Late Delivery,102,Rejected
6162,49041,Wrong Item,-200,Rejected
6163,64014,,-200,PENDING
6164,71006,Wrong Item,99999,PENDING
6165,99412,Wrong Item,-200,PENDING
6166,52105,Wrong Item,-200,Pending
6167,33746,Damaged,4312,Rejected
6168,52124,Wrong Item,805,Pending
6169,96808,Missing Item,99999,Rejected
6170,60507,Wrong Item,959,PENDING
6171,67399,Missing Item,-200,Rejected
6172,11846,Damaged,4759,Processed
6173,78220,,-200,Rejected
6174,70223,,3067,Rejected
6175,46354,Late Delivery,0,processed
6176,75238,damaged,3957,Processed
6177,73681,WRONG,2608,processed
6178,69271,WRONG,3770,Processed
6179,43727,Wrong Item,4387,Pending
6180,72917,Wrong Item,4100,PENDING
6181,71658,Wrong Item,2716,processed
6182,60055,Late Delivery,99999,Pending
6183,81670,Wrong Item,1035,Processed
6184,91583,Missing Item,0,processed
6185,90963,damaged,2045,Pending
6186,24394,,-200,Pending
6187,35921,,3329,Processed
6188,70705,WRONG,0,Rejected
6189,20885,Damaged,99999,Pending
6190,83123,Late Delivery,0,processed
6191,70360,Damaged,2369,Pending
6192,28289,Damaged,1601,processed
6193,14059,damaged,4514,PENDING
6194,94283,WRONG,580,Pending
6195,84135,Damaged,3922,processed
6196,16108,Late Delivery,2796,PENDING
6197,68770,Missing Item,362,Rejected
6198,62875,Missing Item,4616,processed
6199,15740,,247,processed
6200,32461,Late Delivery,355,Rejected
6201,17395,WRONG,0,Rejected
6202,53939,Late Delivery,-200,Rejected
6203,2301,damaged,1413,Pending
6204,66991,Damaged,-200,processed
6205,12832,Damaged,2439,Processed
6206,18369,Missing Item,99999,Pending
6207,71366,Wrong Item,0,Processed
6208,51260,WRONG,-200,Pending
6209,82366,damaged,964,Rejected
6210,10034,WRONG,2146,Processed
6211,73125,,99999,Rejected
6212,6897,Damaged,1000,PENDING
6213,65710,Wrong Item,3840,Rejected
6214,24518,Missing Item,-200,Rejected
6215,45282,Missing Item,-200,processed
6216,15858,,2606,PENDING
6217,74707,,3630,processed
6218,66632,Wrong Item,99999,Processed
6219,48816,,4797,PENDING
6220,6175,damaged,-200,Rejected
6221,54619,Missing Item,1231,Rejected
6222,26969,WRONG,3232,Processed
6223,27574,,4053,PENDING
6224,54765,damaged,1597,Pending
6225,13505,Wrong Item,-200,Rejected
6226,92986,Wrong Item,99999,Pending
6227,89726,Damaged,99999,Processed
6228,7594,Missing Item,2749,Processed
6229,49736,Missing Item,99999,PENDING
6230,70355,,4755,PENDING
6231,43407,damaged,99999,Rejected
6232,47073,Damaged,2943,Processed
6233,93974,Missing Item,4531,Processed
6234,62641,Wrong Item,784,Pending
6235,85783,,-200,Processed
6236,10056,Late Delivery,112,Pending
6237,74817,Wrong Item,99999,Rejected
6238,69543,Late Delivery,0,processed
6239,48765,WRONG,1765,processed
6240,12096,WRONG,1174,PENDING
6241,65948,WRONG,3130,PENDING
6242,51153,Wrong Item,0,processed
6243,51873,,2446,processed
6244,11131,Late Delivery,-200,PENDING
6245,91305,Damaged,293,Processed
6246,97575,Damaged,2219,PENDING
6247,54340,Late Delivery,4397,Rejected
6248,97719,Missing Item,4763,Rejected
6249,33281,Damaged,99999,Pending
6250,45707,WRONG,-200,Pending
6251,13354,Damaged,890,Rejected
6252,53389,Missing Item,2948,Rejected
6253,99942,,0,processed
6254,81487,Missing Item,0,Pending
6255,57481,Damaged,1052,Rejected
6256,23663,Missing Item,0,Pending
6257,61203,WRONG,-200,processed
6258,19055,Damaged,3326,Pending
6259,10494,Damaged,99999,PENDING
6260,84660,Damaged,1912,PENDING
6261,84896,WRONG,1158,processed
6262,55492,Wrong Item,0,Pending
6263,34918,Late Delivery,-200,Rejected
6264,16395,,-200,PENDING
6265,79881,Missing Item,99999,Processed
6266,33024,Damaged,99999,processed
6267,30594,WRONG,-200,Processed
6268,88547,,99999,Pending
6269,94627,Damaged,0,Rejected
6270,44662,,1100,Pending
6271,26753,damaged,2049,Rejected
6272,89020,Missing Item,0,processed
6273,81469,Missing Item,0,Rejected
6274,42840,Missing Item,2963,PENDING
6275,38868,,0,processed
6276,18691,Late Delivery,99999,PENDING
6277,8758,Wrong Item,1118,Rejected
6278,44022,WRONG,3440,Pending
6279,50676,damaged,-200,Processed
6280,67997,Wrong Item,99999,processed
6281,40871,Missing Item,236,Rejected
6282,86993,Missing Item,205,PENDING
6283,11225,damaged,1626,Processed
6284,74696,,0,Rejected
6285,8046,WRONG,4467,Pending
6286,13819,damaged,1299,PENDING
6287,25507,,3466,Processed
6288,97957,Missing Item,4922,Processed
6289,14043,Wrong Item,99999,PENDING
6290,24812,Late Delivery,0,processed
6291,76736,damaged,0,Processed
6292,5942,,-200,Pending
6293,50648,WRONG,2005,Rejected
6294,44562,WRONG,-200,PENDING
6295,57648,Damaged,99999,Pending
6296,23234,Missing Item,3869,Pending
6297,9778,Damaged,0,Rejected
6298,60418,damaged,99999,PENDING
6299,68080,damaged,4483,Processed
6300,33918,WRONG,-200,processed
6301,67667,WRONG,-200,processed
6302,81931,WRONG,-200,processed
6303,88185,Missing Item,642,Processed
6304,84628,,4860,Rejected
6305,56875,Damaged,99999,processed
6306,4226,Wrong Item,2503,Processed
6307,77611,Late Delivery,0,PENDING
6308,95659,Wrong Item,99999,Pending
6309,37981,Wrong Item,0,Rejected
6310,78054,Late Delivery,3972,PENDING
6311,44053,Wrong Item,2062,Pending
6312,50481,,3555,Processed
6313,85680,Wrong Item,3337,Rejected
6314,20010,WRONG,2958,Pending
6315,58365,,1172,processed
6316,98472,Damaged,99999,Processed
6317,886,Damaged,952,Processed
6318,63383,damaged,-200,Pending
6319,70023,,2915,Pending
6320,57637,damaged,-200,processed
6321,95568,Wrong Item,3594,Rejected
6322,66160,,-200,Processed
6323,42391,WRONG,930,Processed
6324,3631,WRONG,4311,PENDING
6325,63544,,1565,processed
6326,40504,WRONG,3798,PENDING
6327,10727,Missing Item,2847,processed
6328,30647,Missing Item,99999,PENDING
6329,34935,Damaged,-200,Rejected
6330,87667,Late Delivery,-200,PENDING
6331,9373,Late Delivery,3128,PENDING
6332,87338,Missing Item,-200,PENDING
6333,52215,Missing Item,0,Processed
6334,76877,,99999,Pending
6335,83090,Wrong Item,1646,processed
6336,61231,damaged,99999,Rejected
6337,40959,damaged,3488,Processed
6338,75547,Missing Item,-200,processed
6339,23153,Missing Item,1873,PENDING
6340,78206,,-200,Rejected
6341,78167,Late Delivery,1692,processed
6342,746,Late Delivery,99999,Processed
6343,60149,Late Delivery,2500,processed
6344,60154,Missing Item,0,Processed
6345,2909,,1631,Processed
6346,92934,damaged,-200,Rejected
6347,72118,Damaged,714,PENDING
6348,35306,damaged,99999,PENDING
6349,28887,,-200,Rejected
6350,77939,WRONG,-200,Rejected
6351,67805,,3963,Rejected
6352,9612,,3037,processed
6353,48656,Missing Item,182,Pending
6354,99670,,-200,PENDING
6355,28708,Late Delivery,3152,processed
6356,18253,Missing Item,0,processed
6357,40191,Damaged,1793,Pending
6358,50309,Wrong Item,99999,processed
6359,66949,,4957,PENDING
6360,96076,Missing Item,0,processed
6361,33089,WRONG,0,Pending
6362,32473,damaged,-200,Processed
6363,36918,Missing Item,99999,Pending
6364,28499,Missing Item,-200,processed
6365,38624,WRONG,895,processed
6366,70265,Damaged,1780,PENDING
6367,35263,Missing Item,-200,Rejected
6368,67229,WRONG,99999,PENDING
6369,34631,Damaged,4990,processed
6370,36788,,99999,PENDING
6371,78041,,495,processed
6372,42823,Damaged,99999,processed
6373,93442,Damaged,99999,processed
6374,22324,WRONG,99999,Pending
6375,79216,,-200,PENDING
6376,32870,WRONG,-200,Pending
6377,26313,Damaged,820,Rejected
6378,61058,Late Delivery,4451,Pending
6379,31979,damaged,0,Rejected
6380,96479,WRONG,3582,processed
6381,68378,Damaged,99999,Pending
6382,2970,WRONG,0,Pending
6383,44298,Wrong Item,0,processed
6384,70848,WRONG,99999,Processed
6385,89467,damaged,4854,Processed
6386,6456,damaged,1889,Rejected
6387,21741,Wrong Item,0,Pending
6388,9329,Wrong Item,99999,processed
6389,74696,Wrong Item,99999,Processed
6390,5175,Damaged,3587,PENDING
6391,83386,Late Delivery,1157,processed
6392,89950,Late Delivery,4418,Rejected
6393,9912,Damaged,3935,Rejected
6394,56402,Missing Item,99999,processed
6395,95481,damaged,0,Rejected
6396,9885,Missing Item,0,Rejected
6397,39400,Wrong Item,99999,processed
6398,36987,damaged,1103,Rejected
6399,31704,damaged,1968,Pending
6400,5772,Wrong Item,0,processed
6401,83598,Missing Item,-200,Pending
6402,10988,,4155,PENDING
6403,81473,Missing Item,2680,processed
6404,51439,Wrong Item,99999,PENDING
6405,24212,damaged,-200,PENDING
6406,58878,,3019,processed
6407,13768,Missing Item,0,Pending
6408,96615,damaged,3457,processed
6409,68853,Wrong Item,0,Pending
6410,87921,Damaged,1040,PENDING
6411,53370,,99999,processed
6412,17366,damaged,-200,Rejected
6413,64458,Late Delivery,895,Rejected
6414,20923,,1430,Pending
6415,23506,damaged,0,processed
6416,53351,Missing Item,4086,PENDING
6417,55425,Damaged,3043,Rejected
6418,52081,Wrong Item,4345,Processed
6419,15494,Late Delivery,-200,Processed
6420,92880,WRONG,99999,Processed
6421,29489,WRONG,4152,Rejected
6422,54102,,1802,processed
6423,37836,Wrong Item,-200,PENDING
6424,82188,WRONG,99999,Pending
6425,2825,WRONG,434,Pending
6426,57159,Missing Item,2555,Processed
6427,63036,Wrong Item,4880,processed
6428,80629,damaged,-200,Rejected
6429,28591,Wrong Item,-200,Processed
6430,85216,,-200,PENDING
6431,88789,,861,Processed
6432,35095,WRONG,4007,Pending
6433,33660,damaged,0,Rejected
6434,51995,Late Delivery,99999,Pending
6435,1767,Wrong Item,4197,processed
6436,59353,Damaged,99999,processed
6437,35916,damaged,99999,Pending
6438,97607,Wrong Item,-200,Processed
6439,61341,Wrong Item,730,Rejected
6440,5956,WRONG,-200,Processed
6441,68536,Missing Item,99999,Processed
6442,60649,Late Delivery,99999,Rejected
6443,47018,Missing Item,-200,Rejected
6444,61445,Missing Item,-200,Rejected
6445,61142,Wrong Item,-200,processed
6446,10714,Missing Item,-200,PENDING
6447,33005,,-200,Pending
6448,85671,,1888,Rejected
6449,95475,Damaged,99999,processed
6450,43356,Wrong Item,3432,PENDING
6451,44830,,1544,Rejected
6452,69947,damaged,1029,Pending
6453,52717,Wrong Item,4162,Processed
6454,40333,Wrong Item,1484,PENDING
6455,71972,Late Delivery,99999,PENDING
6456,25067,Late Delivery,0,Processed
6457,18449,Missing Item,3371,processed
6458,96899,WRONG,2973,Rejected
6459,45267,damaged,2674,PENDING
6460,42931,damaged,2180,Rejected
6461,77547,,0,Processed
6462,57223,Damaged,99999,PENDING
6463,20306,WRONG,3656,PENDING
6464,10543,Late Delivery,2978,Pending
6465,1049,Wrong Item,99999,Pending
6466,30332,,784,Rejected
6467,64402,Damaged,4253,processed
6468,43058,Late Delivery,1303,processed
6469,678,Wrong Item,1721,processed
6470,88727,Late Delivery,2956,processed
6471,86790,Missing Item,3252,Pending
6472,88190,Missing Item,4490,processed
6473,67903,Late Delivery,371,Rejected
6474,15262,Missing Item,3639,PENDING
6475,40406,,-200,processed
6476,65158,damaged,99999,processed
6477,59872,WRONG,-200,PENDING
6478,42000,Damaged,588,processed
6479,67460,damaged,0,PENDING
6480,47124,WRONG,-200,Pending
6481,79294,damaged,0,PENDING
6482,21092,,0,Processed
6483,30198,Late Delivery,1164,Pending
6484,62622,,2544,processed
6485,43822,Damaged,0,Processed
6486,80572,Wrong Item,3064,PENDING
6487,61104,Damaged,1433,processed
6488,66480,Damaged,1219,Processed
6489,80335,Damaged,1137,Processed
6490,55624,,438,processed
6491,31324,damaged,726,PENDING
6492,74613,Late Delivery,1000,Processed
6493,40906,,3385,processed
6494,31059,Damaged,1000,PENDING
6495,96694,damaged,1650,Pending
6496,88711,Missing Item,287,processed
6497,92059,Wrong Item,0,Rejected
6498,9728,Wrong Item,3200,PENDING
6499,756,WRONG,0,Processed
6500,37861,WRONG,99999,Processed
6501,78177,Missing Item,2988,processed
6502,73510,Late Delivery,255,PENDING
6503,25885,Damaged,99999,PENDING
6504,8396,damaged,-200,Pending
6505,9417,Damaged,4272,Rejected
6506,45028,damaged,0,PENDING
6507,93069,damaged,0,Rejected
6508,85122,damaged,636,Pending
6509,23282,Missing Item,0,PENDING
6510,82909,Wrong Item,4360,PENDING
6511,47251,Missing Item,0,processed
6512,54998,Damaged,3717,Pending
6513,19534,,0,Rejected
6514,50518,WRONG,0,Processed
6515,36534,Damaged,0,Rejected
6516,49054,Missing Item,4690,processed
6517,50146,Wrong Item,-200,Rejected
6518,96424,Wrong Item,4157,Pending
6519,23820,Wrong Item,509,PENDING
6520,80391,Late Delivery,0,Rejected
6521,82806,Missing Item,-200,processed
6522,88580,,2633,Processed
6523,51726,Damaged,3849,PENDING
6524,23742,,4462,Processed
6525,23224,Wrong Item,1798,PENDING
6526,90119,damaged,99999,Pending
6527,21613,Missing Item,99999,processed
6528,33126,Late Delivery,-200,PENDING
6529,9452,Late Delivery,-200,Processed
6530,47306,WRONG,99999,Processed
6531,90673,damaged,4704,Rejected
6532,96664,Damaged,2024,Processed
6533,40704,,3028,processed
6534,52920,Late Delivery,99999,processed
6535,12779,Missing Item,-200,PENDING
6536,22514,WRONG,0,processed
6537,11920,Wrong Item,1274,Processed
6538,55310,Damaged,4864,Pending
6539,94541,Late Delivery,1554,PENDING
6540,11329,Late Delivery,99999,Pending
6541,8033,WRONG,2666,PENDING
6542,62988,Wrong Item,2885,processed
6543,48155,WRONG,-200,PENDING
6544,71737,WRONG,-200,Processed
6545,83956,damaged,1567,processed
6546,16973,Late Delivery,-200,Rejected
6547,74807,Late Delivery,0,Rejected
6548,50375,Damaged,0,Rejected
6549,42809,Late Delivery,3647,processed
6550,48252,,0,processed
6551,57463,damaged,-200,Pending
6552,68090,Damaged,-200,Pending
6553,43665,Missing Item,-200,Processed
6554,53214,damaged,-200,Rejected
6555,62395,Wrong Item,3685,Pending
6556,18233,Damaged,3889,processed
6557,81902,Missing Item,359,Rejected
6558,56790,Wrong Item,2293,PENDING
6559,86948,damaged,0,PENDING
6560,52455,,99999,processed
6561,94802,Wrong Item,0,Rejected
6562,74865,Damaged,99999,Pending
6563,71402,WRONG,2140,Processed
6564,62965,Wrong Item,4654,Rejected
6565,26818,,-200,Pending
6566,17887,,399,Rejected
6567,14701,WRONG,4210,Processed
6568,60639,Missing Item,1018,processed
6569,40420,Damaged,0,Rejected
6570,73171,Missing Item,953,Pending
6571,66164,Damaged,3399,processed
6572,52107,damaged,3482,Processed
6573,28915,Damaged,1447,Pending
6574,47050,WRONG,1199,Processed
6575,90,Damaged,-200,PENDING
6576,53242,Late Delivery,-200,processed
6577,84659,WRONG,673,Rejected
6578,56784,damaged,-200,processed
6579,9803,Damaged,1686,PENDING
6580,73016,damaged,0,PENDING
6581,38400,Missing Item,550,processed
6582,92002,Wrong Item,0,Pending
6583,55464,Late Delivery,-200,Processed
6584,20461,,309,Pending
6585,23472,Missing Item,778,processed
6586,73560,Damaged,0,PENDING
6587,27565,Damaged,4852,Rejected
6588,99278,Late Delivery,0,Pending
6589,37860,Late Delivery,0,PENDING
6590,10086,damaged,99999,processed
6591,3045,Damaged,0,Rejected
6592,75090,Damaged,0,Pending
6593,51960,Wrong Item,3445,PENDING
6594,53137,WRONG,0,Processed
6595,27001,Late Delivery,2925,Pending
6596,3743,,3107,Rejected
6597,62249,Wrong Item,99999,PENDING
6598,3587,Missing Item,-200,PENDING
6599,73653,,0,PENDING
6600,57348,WRONG,0,processed
6601,21152,damaged,995,processed
6602,43538,WRONG,3981,Rejected
6603,6752,Damaged,99999,Rejected
6604,55190,damaged,-200,Pending
6605,46858,WRONG,2168,processed
6606,53088,Missing Item,-200,PENDING
6607,32650,Wrong Item,4842,Pending
6608,11939,Late Delivery,4092,Pending
6609,18348,,1160,processed
6610,68462,,4014,PENDING
6611,10792,WRONG,0,Pending
6612,56196,,0,processed
6613,41482,Late Delivery,0,Pending
6614,41492,Wrong Item,594,Processed
6615,30452,damaged,0,processed
6616,33364,Missing Item,99999,Pending
6617,28302,Damaged,3985,Pending
6618,96727,damaged,3833,PENDING
6619,46318,WRONG,0,processed
6620,50849,damaged,2315,processed
6621,3198,Wrong Item,3760,Rejected
6622,12334,Missing Item,1769,PENDING
6623,30262,Late Delivery,99999,PENDING
6624,22645,Wrong Item,4399,Rejected
6625,96858,Wrong Item,99999,Rejected
6626,33022,WRONG,4799,processed
6627,31729,Damaged,2479,Pending
6628,58582,Wrong Item,99999,PENDING
6629,88702,WRONG,4897,Pending
6630,64397,damaged,2766,processed
6631,31429,,2745,Rejected
6632,71346,Wrong Item,-200,PENDING
6633,19459,WRONG,99999,PENDING
6634,83502,Damaged,523,Processed
6635,39887,Late Delivery,3733,Pending
6636,52221,Damaged,99999,processed
6637,33706,damaged,392,Rejected
6638,24039,Damaged,796,Processed
6639,87456,damaged,1652,Rejected
6640,79981,,-200,PENDING
6641,55294,Wrong Item,1703,Pending
6642,55424,Missing Item,99999,Pending
6643,74309,Missing Item,-200,Processed
6644,20849,damaged,99999,Rejected
6645,64383,Late Delivery,917,PENDING
6646,63177,Wrong Item,198,PENDING
6647,8161,Damaged,99999,Processed
6648,6698,Wrong Item,-200,Pending
6649,32872,Wrong Item,0,Pending
6650,9963,Missing Item,-200,Pending
6651,60793,damaged,3482,PENDING
6652,73615,Wrong Item,3618,PENDING
6653,51646,damaged,99999,PENDING
6654,92706,Missing Item,-200,Rejected
6655,63092,damaged,4104,Rejected
6656,27897,Late Delivery,435,Pending
6657,59056,damaged,125,Rejected
6658,69512,Damaged,0,Pending
6659,82301,Damaged,0,Processed
6660,84032,Wrong Item,99999,Rejected
6661,28612,Late Delivery,2271,processed
6662,63971,Late Delivery,761,Pending
6663,38769,,0,Pending
6664,74650,,-200,Rejected
6665,30955,WRONG,-200,Processed
6666,31225,Late Delivery,0,PENDING
6667,67774,Late Delivery,3017,PENDING
6668,74387,Wrong Item,692,Rejected
6669,42283,Wrong Item,2417,processed
6670,89139,WRONG,4401,Rejected
6671,44281,Late Delivery,-200,PENDING
6672,95423,Late Delivery,1503,processed
6673,43234,WRONG,0,processed
6674,3144,Damaged,4011,PENDING
6675,97865,,99999,processed
6676,91430,WRONG,0,Rejected
6677,74257,damaged,2646,Rejected
6678,16250,WRONG,-200,Pending
6679,85713,Late Delivery,1686,Rejected
6680,97624,,2263,Pending
6681,93060,Late Delivery,99999,Rejected
6682,96744,Wrong Item,1156,PENDING
6683,23251,,0,Processed
6684,12791,Damaged,3854,Pending
6685,33931,WRONG,0,Pending
6686,98177,Late Delivery,-200,Processed
6687,11906,Damaged,0,PENDING
6688,52909,Missing Item,0,Processed
6689,87339,WRONG,99999,Processed
6690,79895,Missing Item,2898,PENDING
6691,77384,damaged,1892,Rejected
6692,3332,WRONG,4032,processed
6693,90575,damaged,0,Processed
6694,44793,Wrong Item,-200,processed
6695,33586,Missing Item,4135,Processed
6696,67786,WRONG,965,Processed
6697,30524,damaged,99999,processed
6698,63372,Damaged,2922,Rejected
6699,73554,Wrong Item,-200,processed
6700,46097,Wrong Item,4892,Processed
6701,70488,Late Delivery,1111,PENDING
6702,5639,Damaged,99999,Pending
6703,96217,WRONG,839,PENDING
6704,67416,damaged,1136,processed
6705,79110,,1823,Rejected
6706,89620,Missing Item,-200,processed
6707,73314,damaged,4922,Pending
6708,83936,,2608,Pending
6709,87413,damaged,-200,Rejected
6710,18923,Late Delivery,-200,PENDING
6711,9516,damaged,3025,Processed
6712,87014,Late Delivery,0,Rejected
6713,83066,Late Delivery,4204,Processed
6714,680,Late Delivery,3438,Pending
6715,66541,damaged,-200,Processed
6716,78880,Damaged,1755,Processed
6717,78227,,1708,Rejected
6718,17488,Damaged,4862,Processed
6719,82907,,2106,Pending
6720,24425,Missing Item,4990,Pending
6721,44069,Missing Item,99999,Rejected
6722,90893,Wrong Item,-200,processed
6723,14078,Wrong Item,99999,PENDING
6724,17517,Wrong Item,0,PENDING
6725,33473,,3228,processed
6726,64966,Late Delivery,523,Processed
6727,41668,Late Delivery,0,Processed
6728,46502,,-200,Pending
6729,5357,Missing Item,1230,PENDING
6730,9451,WRONG,0,Processed
6731,84761,Missing Item,4963,Rejected
6732,2863,Damaged,-200,Pending
6733,77686,WRONG,99999,Rejected
6734,57953,Missing Item,400,processed
6735,10707,Wrong Item,0,Rejected
6736,32719,WRONG,0,Rejected
6737,19262,Missing Item,-200,PENDING
6738,8634,damaged,3277,Rejected
6739,6060,Missing Item,2515,Rejected
6740,31923,damaged,4934,processed
6741,59975,damaged,0,Rejected
6742,46427,damaged,413,Pending
6743,4783,Damaged,99999,processed
6744,80822,Missing Item,0,Pending
6745,88559,damaged,4519,Rejected
6746,50460,Late Delivery,438,PENDING
6747,9839,Damaged,2021,Pending
6748,52129,WRONG,3795,Rejected
6749,98215,Damaged,3101,processed
6750,53902,,99999,Rejected
6751,69389,damaged,0,Pending
6752,21359,WRONG,2705,Processed
6753,71291,WRONG,3230,Rejected
6754,4957,Late Delivery,675,PENDING
6755,35203,Wrong Item,2262,Pending
6756,28927,Late Delivery,1894,Processed
6757,75413,Missing Item,0,Processed
6758,95374,,0,Pending
6759,2465,Missing Item,720,Pending
6760,53788,WRONG,1211,PENDING
6761,32105,damaged,4439,Processed
6762,74108,Wrong Item,3708,Processed
6763,10170,WRONG,0,Pending
6764,14432,Missing Item,0,processed
6765,89851,,99999,Rejected
6766,21952,Late Delivery,1986,Rejected
6767,39977,Damaged,99999,Rejected
6768,4525,,0,processed
6769,2398,damaged,99999,Processed
6770,33643,Late Delivery,0,Processed
6771,56921,Wrong Item,-200,processed
6772,43089,Wrong Item,1846,Rejected
6773,11279,damaged,1058,Rejected
6774,26104,Missing Item,-200,Pending
6775,6531,Damaged,-200,Rejected
6776,72646,damaged,99999,PENDING
6777,49780,damaged,99999,Processed
6778,1638,Wrong Item,0,Pending
6779,11248,WRONG,2999,Processed
6780,57781,Late Delivery,-200,Processed
6781,64143,damaged,290,Rejected
6782,76649,,781,processed
6783,63034,,3342,Pending
6784,56754,WRONG,4447,processed
6785,65185,,246,processed
6786,93682,Wrong Item,3199,Pending
6787,14883,,-200,Pending
6788,33568,,99999,processed
6789,47152,Damaged,2087,Processed
6790,35614,Wrong Item,4907,processed
6791,23542,Wrong Item,-200,Pending
6792,48194,,1825,processed
6793,21461,damaged,99999,Processed
6794,3141,damaged,2262,Rejected
6795,65504,,99999,Processed
6796,34485,Late Delivery,1887,Rejected
6797,60112,WRONG,99999,Rejected
6798,66198,Late Delivery,3393,Pending
6799,89966,,-200,Pending
6800,40129,Wrong Item,-200,Pending
6801,60405,Wrong Item,99999,Rejected
6802,80227,Damaged,2004,Processed
6803,15277,damaged,0,Rejected
6804,7958,damaged,0,PENDING
6805,43557,Missing Item,0,processed
6806,77978,WRONG,1622,processed
6807,86548,Wrong Item,-200,Pending
6808,1339,WRONG,2133,Rejected
6809,76462,damaged,0,Rejected
6810,62790,WRONG,-200,Processed
6811,25646,,-200,Rejected
6812,76706,,-200,Pending
6813,51749,Missing Item,2803,Pending
6814,15948,Missing Item,3466,Processed
6815,46705,Missing Item,99999,processed
6816,33801,WRONG,99999,processed
6817,28044,WRONG,2188,Rejected
6818,38527,WRONG,1506,processed
6819,87777,Missing Item,99999,Processed
6820,87552,WRONG,0,Pending
6821,17482,Wrong Item,99999,processed
6822,14300,Wrong Item,99999,Pending
6823,57639,Damaged,4064,Processed
6824,6681,Wrong Item,1642,Pending
6825,52945,Late Delivery,571,PENDING
6826,9807,Damaged,99999,processed
6827,99452,damaged,99999,Pending
6828,57180,Late Delivery,546,Processed
6829,62430,Wrong Item,3523,Processed
6830,17868,WRONG,0,Pending
6831,30743,damaged,4349,Rejected
6832,10053,Damaged,2896,Rejected
6833,4004,Missing Item,0,Pending
6834,33228,,0,Pending
6835,8253,Wrong Item,1472,processed
6836,55482,Wrong Item,4760,Processed
6837,50655,damaged,2654,Rejected
6838,97741,Damaged,550,Processed
6839,63907,Wrong Item,-200,PENDING
6840,35825,WRONG,4901,processed
6841,69729,Missing Item,2490,processed
6842,10242,damaged,355,processed
6843,8155,WRONG,765,Pending
6844,90868,Missing Item,99999,Processed
6845,68996,WRONG,708,Processed
6846,66218,Wrong Item,0,processed
6847,99268,Late Delivery,0,Processed
6848,86107,Late Delivery,99999,PENDING
6849,55483,Late Delivery,0,Processed
6850,15502,Missing Item,2718,Rejected
6851,71645,Damaged,4155,Pending
6852,32042,Missing Item,99999,processed
6853,62027,WRONG,4002,Pending
6854,86497,Late Delivery,2346,PENDING
6855,35087,Wrong Item,0,processed
6856,8988,WRONG,0,Pending
6857,65940,Damaged,4850,PENDING
6858,76140,damaged,1804,Rejected
6859,9995,Damaged,101,Rejected
6860,18104,Damaged,99999,Pending
6861,40531,Damaged,99999,processed
6862,67858,damaged,-200,processed
6863,96100,WRONG,0,Pending
6864,69185,Late Delivery,0,processed
6865,57902,Missing Item,1963,Rejected
6866,80131,WRONG,669,processed
6867,97292,WRONG,0,Pending
6868,38309,Wrong Item,2407,PENDING
6869,8131,Damaged,0,Processed
6870,15,Damaged,4464,Rejected
6871,83188,Late Delivery,883,Processed
6872,19499,WRONG,99999,PENDING
6873,335,Missing Item,1970,Processed
6874,31838,Missing Item,4930,Pending
6875,40228,,3852,Processed
6876,14245,Damaged,2498,Processed
6877,5359,Wrong Item,2421,Rejected
6878,6067,,-200,PENDING
6879,65648,WRONG,747,PENDING
6880,70289,Missing Item,99999,Processed
6881,53673,Late Delivery,1058,Processed
6882,24962,Late Delivery,4221,processed
6883,54881,Damaged,99999,processed
6884,9308,Missing Item,694,processed
6885,67354,Late Delivery,2173,processed
6886,16716,Missing Item,-200,Rejected
6887,473,damaged,0,Processed
6888,43269,WRONG,355,processed
6889,23218,Wrong Item,99999,Rejected
6890,49014,Wrong Item,99999,Rejected
6891,49553,Late Delivery,1097,PENDING
6892,52699,Damaged,99999,PENDING
6893,11946,Missing Item,0,Rejected
6894,89449,Late Delivery,4171,Processed
6895,72227,Wrong Item,3438,Rejected
6896,32945,Late Delivery,1844,Rejected
6897,29179,Late Delivery,99999,Rejected
6898,65063,Damaged,99999,PENDING
6899,19743,Missing Item,836,processed
6900,79414,damaged,3277,Processed
6901,46544,WRONG,99999,Processed
6902,39457,Missing Item,-200,PENDING
6903,6664,Damaged,-200,Rejected
6904,33489,damaged,3626,Processed
6905,21469,Late Delivery,3745,processed
6906,93158,,1193,processed
6907,34340,WRONG,0,Processed
6908,70985,Wrong Item,99999,Rejected
6909,76196,Late Delivery,2004,PENDING
6910,40662,,4049,processed
6911,36258,Late Delivery,0,Processed
6912,5531,Damaged,3729,Pending
6913,69921,damaged,99999,PENDING
6914,46357,damaged,99999,Rejected
6915,44745,Damaged,-200,Rejected
6916,85262,,2426,Processed
6917,48250,,0,Rejected
6918,92010,Late Delivery,1891,Pending
6919,80833,Missing Item,0,PENDING
6920,19788,Damaged,3171,PENDING
6921,82990,damaged,3876,PENDING
6922,76775,Wrong Item,99999,processed
6923,47481,Wrong Item,0,PENDING
6924,76772,Late Delivery,3247,Pending
6925,35660,Late Delivery,500,Processed
6926,30696,,3842,PENDING
6927,19446,WRONG,0,Processed
6928,21459,WRONG,2330,processed
6929,92233,Damaged,-200,Pending
6930,84121,Missing Item,317,Rejected
6931,63433,Missing Item,99999,processed
6932,72348,Missing Item,0,PENDING
6933,577,,0,Pending
6934,53089,Late Delivery,-200,PENDING
6935,98858,Damaged,0,Processed
6936,65661,Late Delivery,3406,PENDING
6937,86429,Wrong Item,4266,processed
6938,46147,Damaged,0,PENDING
6939,42961,Damaged,921,PENDING
6940,58292,WRONG,0,PENDING
6941,81707,Late Delivery,4665,Rejected
6942,14471,WRONG,3133,Rejected
6943,78668,Wrong Item,0,PENDING
6944,58742,Late Delivery,99999,PENDING
6945,62008,,99999,Processed
6946,16242,Damaged,2563,Pending
6947,5466,Damaged,99999,processed
6948,94395,,1519,Processed
6949,90070,Damaged,3975,PENDING
6950,92758,Late Delivery,99999,PENDING
6951,51110,Late Delivery,-200,PENDING
6952,94630,damaged,4821,PENDING
6953,71600,damaged,2064,Processed
6954,7792,,1868,Rejected
6955,60508,Late Delivery,4767,Pending
6956,97397,damaged,-200,Processed
6957,2092,,-200,Processed
6958,38576,Missing Item,99999,PENDING
6959,54667,damaged,2755,PENDING
6960,83220,Missing Item,0,Rejected
6961,27207,Missing Item,136,processed
6962,7017,Missing Item,3851,Processed
6963,89832,damaged,99999,processed
6964,35656,Wrong Item,99999,Rejected
6965,40875,Wrong Item,-200,Processed
6966,26019,Late Delivery,4084,Rejected
6967,23091,Missing Item,3022,Rejected
6968,82424,damaged,0,Rejected
6969,85178,,99999,Rejected
6970,954,Missing Item,4632,processed
6971,4934,,0,PENDING
6972,40895,Damaged,1253,PENDING
6973,57432,Missing Item,2658,Rejected
6974,35773,WRONG,3687,Pending
6975,53924,Wrong Item,-200,Pending
6976,37198,,2788,PENDING
6977,29198,WRONG,539,Pending
6978,18456,WRONG,0,PENDING
6979,36073,damaged,1780,PENDING
6980,46800,Damaged,-200,Pending
6981,27019,Missing Item,3182,PENDING
6982,18945,Damaged,1408,PENDING
6983,48456,Wrong Item,99999,Processed
6984,12825,Wrong Item,472,Processed
6985,6296,Missing Item,0,PENDING
6986,18547,WRONG,2498,PENDING
6987,72340,Wrong Item,2875,PENDING
6988,96484,Wrong Item,-200,Pending
6989,26950,WRONG,3289,PENDING
6990,42660,Damaged,0,Pending
6991,65744,,0,processed
6992,80176,Missing Item,1461,Rejected
6993,83564,WRONG,4254,Pending
6994,64878,Damaged,-200,Processed
6995,95594,Wrong Item,184,Pending
6996,84922,Damaged,1441,Pending
6997,44767,damaged,2540,Pending
6998,56370,Damaged,2644,processed
6999,93217,Missing Item,0,Rejected
7000,61027,Wrong Item,-200,Pending
7001,91413,damaged,0,PENDING
7002,55034,Late Delivery,4506,Pending
7003,52285,Damaged,139,PENDING
7004,44276,Missing Item,99999,PENDING
7005,235,Wrong Item,0,processed
7006,33123,damaged,99999,Rejected
7007,72159,WRONG,1551,PENDING
7008,19999,,0,PENDING
7009,12891,Damaged,2911,PENDING
7010,85922,,4076,processed
7011,68923,Wrong Item,99999,Pending
7012,46752,Missing Item,99999,Processed
7013,59984,damaged,1089,Rejected
7014,4632,Wrong Item,800,PENDING
7015,49909,Wrong Item,907,Pending
7016,44474,damaged,4528,Pending
7017,24661,damaged,4105,PENDING
7018,41147,WRONG,1677,Processed
7019,51762,Late Delivery,2883,Pending
7020,17809,WRONG,215,Rejected
7021,28591,,-200,Pending
7022,35280,,2038,processed
7023,55535,WRONG,99999,Rejected
7024,61252,,725,Pending
7025,45508,Missing Item,2944,Pending
7026,74764,,-200,PENDING
7027,21780,Missing Item,137,Processed
7028,32201,Damaged,2011,Rejected
7029,19205,Missing Item,99999,PENDING
7030,77955,,99999,Pending
7031,30934,Late Delivery,0,processed
7032,18071,Late Delivery,99999,PENDING
7033,78681,Damaged,-200,processed
7034,29623,Wrong Item,1304,Processed
7035,95155,Wrong Item,0,Processed
7036,73060,WRONG,-200,Pending
7037,33697,Missing Item,-200,PENDING
7038,99987,,4314,Processed
7039,46782,damaged,3195,Pending
7040,6857,,2351,Pending
7041,21397,WRONG,2578,PENDING
7042,47105,Late Delivery,0,processed
7043,42554,Missing Item,1956,processed
7044,94392,WRONG,682,Pending
7045,70978,WRONG,3405,Rejected
7046,55301,Missing Item,3049,PENDING
7047,71231,WRONG,2721,Pending
7048,99923,damaged,0,PENDING
7049,35963,,0,Processed
7050,53605,WRONG,1971,processed
7051,97103,Late Delivery,4317,PENDING
7052,39958,,3916,Rejected
7053,69827,Damaged,0,Pending
7054,68741,Damaged,1897,PENDING
7055,53682,Damaged,1261,Rejected
7056,48818,Wrong Item,4347,processed
7057,92012,Damaged,99999,PENDING
7058,75702,WRONG,99999,Pending
7059,50877,WRONG,4258,Pending
7060,20004,Wrong Item,-200,Processed
7061,46387,,0,PENDING
7062,2775,Wrong Item,99999,PENDING
7063,19550,WRONG,0,PENDING
7064,32431,,1329,Pending
7065,74987,Wrong Item,-200,processed
7066,89595,Missing Item,99999,Processed
7067,61395,Late Delivery,-200,Processed
7068,45432,damaged,-200,Pending
7069,52328,damaged,99999,PENDING
7070,6477,WRONG,4973,processed
7071,5139,Late Delivery,0,processed
7072,63835,WRONG,0,Processed
7073,43122,,3299,Rejected
7074,3586,damaged,4510,processed
7075,63183,damaged,99999,Rejected
7076,157,WRONG,-200,Processed
7077,14881,WRONG,3885,PENDING
7078,92724,WRONG,448,processed
7079,33128,WRONG,4114,PENDING
7080,9306,Missing Item,99999,Rejected
7081,61501,Wrong Item,4316,Rejected
7082,13420,WRONG,99999,Rejected
7083,3148,WRONG,99999,Processed
7084,11382,Damaged,595,Rejected
7085,21568,Damaged,180,processed
7086,53687,Missing Item,1947,PENDING
7087,72939,,0,Pending
7088,46649,Wrong Item,-200,Pending
7089,39083,Wrong Item,-200,processed
7090,92739,Missing Item,1790,PENDING
7091,15449,Late Delivery,99999,Pending
7092,86489,WRONG,0,PENDING
7093,66010,,3226,Processed
7094,97690,Wrong Item,1806,Rejected
7095,288,Late Delivery,99999,PENDING
7096,68074,Wrong Item,3492,Processed
7097,46072,,2963,Rejected
7098,17946,Late Delivery,3731,processed
7099,44504,,-200,PENDING
7100,21998,WRONG,803,processed
7101,31915,,-200,PENDING
7102,64866,Late Delivery,2434,Processed
7103,68025,Missing Item,961,Rejected
7104,87506,Damaged,145,Pending
7105,77520,Damaged,-200,Processed
7106,85842,,3119,Processed
7107,24489,WRONG,0,Pending
7108,17758,Missing Item,3008,Rejected
7109,82967,Wrong Item,1075,Rejected
7110,43069,Missing Item,3746,Rejected
7111,50989,Missing Item,3482,PENDING
7112,73337,Damaged,0,PENDING
7113,99861,Wrong Item,4803,Rejected
7114,51433,Late Delivery,4656,Processed
7115,50135,,0,Pending
7116,55741,Missing Item,730,Processed
7117,67505,Wrong Item,0,Rejected
7118,25797,WRONG,0,Rejected
7119,75777,Late Delivery,3896,Pending
7120,98118,Missing Item,2024,Pending
7121,33584,damaged,99999,processed
7122,79945,Late Delivery,3522,Processed
7123,57418,Late Delivery,-200,Pending
7124,28862,Late Delivery,4780,processed
7125,35057,WRONG,349,Pending
7126,56252,Wrong Item,99999,PENDING
7127,2027,WRONG,1707,Pending
7128,96397,Damaged,-200,Processed
7129,79808,Missing Item,2504,PENDING
7130,94559,Wrong Item,2708,Pending
7131,14773,,3174,Processed
7132,4640,Wrong Item,99999,PENDING
7133,98145,,780,processed
7134,10576,Late Delivery,0,Rejected
7135,54183,Missing Item,3585,Processed
7136,17888,Wrong Item,2077,Pending
7137,19749,Damaged,4531,Rejected
7138,17298,Wrong Item,0,Processed
7139,24831,,3341,Pending
7140,16845,Damaged,99999,Processed
7141,28561,Wrong Item,-200,processed
7142,28149,WRONG,3796,processed
7143,37461,Late Delivery,99999,Pending
7144,30422,Missing Item,-200,Pending
7145,74782,Missing Item,0,PENDING
7146,52042,Late Delivery,99999,Rejected
7147,43644,damaged,0,Rejected
7148,70368,Wrong Item,-200,Processed
7149,74686,damaged,-200,processed
7150,43078,Late Delivery,0,Processed
7151,43946,WRONG,3460,Processed
7152,85699,Wrong Item,3738,processed
7153,88677,WRONG,99999,Pending
7154,40411,Damaged,3531,PENDING
7155,27126,Wrong Item,0,Pending
7156,23754,Missing Item,-200,processed
7157,13063,Damaged,4577,Rejected
7158,82496,,99999,Rejected
7159,18231,damaged,99999,PENDING
7160,36726,Damaged,99999,Pending
7161,69620,,0,Rejected
7162,60293,Missing Item,510,processed
7163,24404,WRONG,2818,Rejected
7164,64437,Late Delivery,207,Pending
7165,34439,Wrong Item,99999,Rejected
7166,46350,Missing Item,3675,PENDING
7167,52742,Wrong Item,3171,PENDING
7168,3032,,4543,PENDING
7169,71839,Wrong Item,99999,PENDING
7170,1136,,102,Rejected
7171,62142,Wrong Item,4153,Processed
7172,54575,damaged,3791,Rejected
7173,62650,Missing Item,0,Processed
7174,30764,Late Delivery,2236,processed
7175,20235,Missing Item,0,Pending
7176,99151,Wrong Item,3211,processed
7177,15023,Wrong Item,0,PENDING
7178,97715,Missing Item,2754,processed
7179,16893,Missing Item,2235,Pending
7180,55693,damaged,99999,Processed
7181,43491,damaged,-200,processed
7182,40756,Damaged,0,Pending
7183,35694,Late Delivery,99999,Processed
7184,51047,Damaged,99999,processed
7185,9016,Late Delivery,4410,processed
7186,94765,WRONG,4429,processed
7187,40288,damaged,0,Processed
7188,31814,Late Delivery,99999,processed
7189,99736,Late Delivery,0,processed
7190,87338,Missing Item,99999,PENDING
7191,68475,damaged,3528,Pending
7192,34064,Damaged,99999,processed
7193,4838,Missing Item,4661,Rejected
7194,13435,,4707,processed
7195,73953,Missing Item,2478,Rejected
7196,68264,Missing Item,-200,Processed
7197,492,Missing Item,1374,Pending
7198,34634,Late Delivery,3321,Pending
7199,89655,Wrong Item,99999,PENDING
7200,96588,Damaged,0,PENDING
7201,53184,Late Delivery,1297,processed
7202,49057,Late Delivery,-200,Rejected
7203,39494,,99999,Rejected
7204,73263,damaged,1968,Pending
7205,48588,WRONG,99999,PENDING
7206,27689,damaged,0,Pending
7207,70761,Missing Item,99999,Rejected
7208,78511,WRONG,-200,processed
7209,60365,,99999,Rejected
7210,7392,Missing Item,-200,processed
7211,35365,Damaged,99999,Rejected
7212,88965,Damaged,99999,processed
7213,51041,Missing Item,4960,PENDING
7214,52272,,0,Rejected
7215,26747,damaged,99999,Processed
7216,49957,Wrong Item,99999,PENDING
7217,79081,Missing Item,4438,Rejected
7218,99168,Damaged,3969,processed
7219,68838,Late Delivery,3568,Rejected
7220,64253,,3694,PENDING
7221,21471,Late Delivery,-200,Pending
7222,25134,Damaged,1252,Processed
7223,28321,WRONG,-200,processed
7224,132,Wrong Item,-200,Rejected
7225,92793,Missing Item,-200,Rejected
7226,73974,Damaged,1411,Rejected
7227,69962,Missing Item,-200,Rejected
7228,24229,Late Delivery,4137,processed
7229,56988,Wrong Item,3320,Processed
7230,82064,Wrong Item,-200,processed
7231,98705,,3403,PENDING
7232,19759,,99999,processed
7233,43681,,3589,Pending
7234,64718,Wrong Item,3861,processed
7235,74120,Damaged,3349,processed
7236,31320,damaged,4896,Processed
7237,73222,Late Delivery,382,Processed
7238,18994,damaged,821,processed
7239,25534,Missing Item,99999,Pending
7240,21791,damaged,-200,Rejected
7241,95492,damaged,670,processed
7242,59816,Late Delivery,631,PENDING
7243,91383,Late Delivery,99999,Rejected
7244,15350,Late Delivery,99999,processed
7245,58429,Late Delivery,-200,PENDING
7246,73610,Late Delivery,99999,Processed
7247,66006,Wrong Item,4932,processed
7248,90989,Missing Item,829,Rejected
7249,86425,Missing Item,2180,Rejected
7250,47699,Wrong Item,0,PENDING
7251,32078,Wrong Item,2348,PENDING
7252,33776,Missing Item,871,Pending
7253,10191,damaged,3423,Rejected
7254,78441,Missing Item,214,Pending
7255,99342,damaged,2944,PENDING
7256,32501,Damaged,99999,Processed
7257,43178,Wrong Item,1071,processed
7258,54052,Missing Item,-200,processed
7259,66576,WRONG,3250,PENDING
7260,20126,damaged,99999,PENDING
7261,54051,Wrong Item,2911,Processed
7262,89002,damaged,837,Processed
7263,99452,WRONG,0,PENDING
7264,68813,Wrong Item,0,Rejected
7265,24508,Damaged,833,PENDING
7266,3813,Late Delivery,1869,Processed
7267,67591,Late Delivery,99999,Pending
7268,88484,Late Delivery,-200,PENDING
7269,13634,WRONG,-200,Processed
7270,32276,damaged,0,processed
7271,45762,Missing Item,0,processed
7272,47852,Wrong Item,-200,Rejected
7273,88226,,0,Processed
7274,97721,Damaged,-200,Pending
7275,81011,,-200,Pending
7276,97168,Missing Item,1467,Processed
7277,33443,Missing Item,4843,Pending
7278,16033,Missing Item,99999,PENDING
7279,86724,WRONG,1154,Processed
7280,99268,,1473,PENDING
7281,48761,Wrong Item,699,processed
7282,2402,Missing Item,1437,processed
7283,56686,Wrong Item,-200,PENDING
7284,97316,Late Delivery,-200,Pending
7285,52182,Missing Item,99999,Processed
7286,27271,WRONG,1332,processed
7287,18528,Late Delivery,2928,Processed
7288,97107,Wrong Item,4498,processed
7289,74440,Late Delivery,3561,Rejected
7290,60613,Damaged,2167,Pending
7291,83368,damaged,4131,Pending
7292,44386,damaged,99999,processed
7293,82182,Missing Item,1247,processed
7294,53147,Missing Item,99999,Rejected
7295,87457,,4806,Processed
7296,91723,Missing Item,-200,Processed
7297,56777,Wrong Item,2058,Processed
7298,32045,WRONG,0,Processed
7299,38793,Late Delivery,-200,Processed
7300,79561,Late Delivery,385,PENDING
7301,39124,Missing Item,99999,PENDING
7302,98123,Late Delivery,1153,processed
7303,27161,Late Delivery,-200,processed
7304,11447,damaged,3447,PENDING
7305,39203,WRONG,3567,PENDING
7306,12248,Damaged,2802,processed
7307,87560,Missing Item,3076,Pending
7308,67989,Wrong Item,3893,Rejected
7309,68051,Damaged,2754,Pending
7310,76816,Late Delivery,-200,processed
7311,65167,Damaged,4699,processed
7312,70913,damaged,4982,Pending
7313,54389,WRONG,-200,Rejected
7314,34176,Damaged,1661,processed
7315,55985,Late Delivery,556,Rejected
7316,93736,WRONG,99999,Rejected
7317,76650,Late Delivery,2527,Pending
7318,7452,Damaged,3488,processed
7319,50451,Damaged,1375,Pending
7320,87512,,0,Pending
7321,72216,Late Delivery,2566,processed
7322,55906,Wrong Item,3535,processed
7323,57253,damaged,4317,processed
7324,74926,Missing Item,99999,Processed
7325,96274,Late Delivery,3924,processed
7326,44865,Wrong Item,99999,PENDING
7327,14162,,1646,Pending
7328,52269,,2257,Processed
7329,38951,Late Delivery,4653,Rejected
7330,56424,damaged,99999,Pending
7331,69495,WRONG,0,Pending
7332,82800,WRONG,-200,Pending
7333,75466,Wrong Item,2108,Processed
7334,5938,Damaged,1907,Pending
7335,24430,,99999,Rejected
7336,33601,Wrong Item,99999,Rejected
7337,17154,,3019,Rejected
7338,9155,Late Delivery,99999,Rejected
7339,69955,WRONG,4237,Processed
7340,43653,Damaged,0,PENDING
7341,74698,damaged,99999,Processed
7342,38684,Late Delivery,4934,Rejected
7343,28475,Damaged,0,Processed
7344,84010,Damaged,-200,PENDING
7345,24895,Late Delivery,0,processed
7346,78799,Wrong Item,99999,Rejected
7347,6662,Missing Item,2803,processed
7348,82539,Missing Item,0,Rejected
7349,46140,Missing Item,2262,Rejected
7350,55124,Wrong Item,99999,Processed
7351,23536,Late Delivery,0,PENDING
7352,50806,Damaged,0,PENDING
7353,74846,,1414,processed
7354,39774,Damaged,3848,PENDING
7355,45175,Wrong Item,-200,Pending
7356,10484,WRONG,2710,Rejected
7357,39393,Late Delivery,99999,processed
7358,56285,damaged,2256,Rejected
7359,60676,WRONG,0,Pending
7360,64445,,99999,Processed
7361,69603,damaged,3685,Rejected
7362,85330,Late Delivery,4372,processed
7363,25581,Wrong Item,-200,Processed
7364,65722,Missing Item,99999,Processed
7365,46435,damaged,4019,Pending
7366,19446,Late Delivery,3129,processed
7367,10842,Missing Item,134,Processed
7368,97597,Damaged,147,PENDING
7369,24288,WRONG,2729,PENDING
7370,1035,Damaged,99999,Pending
7371,63603,damaged,99999,Processed
7372,38450,damaged,1920,Pending
7373,70408,,-200,Processed
7374,67085,Late Delivery,-200,Processed
7375,33994,damaged,2181,Pending
7376,33116,,3825,Processed
7377,7474,Missing Item,3186,processed
7378,85418,Damaged,237,processed
7379,84943,Missing Item,3831,Processed
7380,10501,,3043,PENDING
7381,16228,Damaged,-200,processed
7382,66380,Wrong Item,1110,Pending
7383,17081,Wrong Item,0,Rejected
7384,56246,WRONG,99999,Rejected
7385,80903,Late Delivery,1236,Processed
7386,51844,Wrong Item,3076,PENDING
7387,22277,Wrong Item,365,processed
7388,38024,Late Delivery,-200,Processed
7389,84452,Wrong Item,2126,Rejected
7390,35142,Damaged,99999,processed
7391,99376,damaged,0,Rejected
7392,17996,Wrong Item,-200,Processed
7393,95097,Missing Item,99999,processed
7394,55955,Late Delivery,1452,Rejected
7395,56175,damaged,1450,Processed
7396,12374,Missing Item,153,PENDING
7397,70546,Missing Item,0,Processed
7398,98863,Damaged,-200,Pending
7399,82861,WRONG,-200,Processed
7400,82025,damaged,-200,Rejected
7401,3700,,3207,Pending
7402,32852,,0,PENDING
7403,96761,Missing Item,-200,processed
7404,91225,damaged,4077,PENDING
7405,32355,Damaged,989,Pending
7406,75160,Wrong Item,-200,processed
7407,49383,damaged,0,PENDING
7408,93782,damaged,2369,Pending
7409,71875,WRONG,0,processed
7410,25056,Missing Item,4846,Pending
7411,90228,Damaged,3307,Pending
7412,81344,Damaged,3271,Pending
7413,74348,,1108,Pending
7414,26457,Missing Item,1937,Rejected
7415,54306,Missing Item,195,PENDING
7416,75584,,4668,Processed
7417,96759,damaged,2838,Rejected
7418,67120,Late Delivery,-200,Processed
7419,44663,Damaged,2855,Pending
7420,89931,damaged,3047,Rejected
7421,95293,damaged,0,Pending
7422,98478,damaged,2942,Rejected
7423,63095,Late Delivery,0,PENDING
7424,81658,Late Delivery,1736,Rejected
7425,77518,WRONG,-200,PENDING
7426,61047,Late Delivery,564,processed
7427,99052,Wrong Item,3709,Rejected
7428,98729,Wrong Item,99999,Processed
7429,42948,damaged,208,Rejected
7430,97039,Damaged,1386,PENDING
7431,25300,Wrong Item,398,processed
7432,1311,Damaged,0,Processed
7433,77172,Missing Item,4912,Processed
7434,99348,Late Delivery,4323,Rejected
7435,47954,Damaged,4175,PENDING
7436,45035,Late Delivery,961,Processed
7437,49242,Late Delivery,-200,PENDING
7438,29662,Missing Item,2982,processed
7439,33689,Damaged,99999,processed
7440,27567,Damaged,1760,Processed
7441,64781,Damaged,4514,PENDING
7442,75475,Wrong Item,3339,PENDING
7443,47568,Damaged,2595,Pending
7444,38712,Damaged,-200,Processed
7445,12966,Missing Item,320,Processed
7446,78742,damaged,0,Pending
7447,38788,Late Delivery,1785,Processed
7448,95081,Wrong Item,0,Processed
7449,3306,,2601,PENDING
7450,80204,WRONG,3969,PENDING
7451,25781,damaged,4032,PENDING
7452,44361,damaged,2211,Rejected
7453,97246,Late Delivery,0,Rejected
7454,84995,Wrong Item,0,Rejected
7455,55234,,-200,Rejected
7456,64292,damaged,-200,PENDING
7457,37856,Missing Item,99999,Pending
7458,36022,Damaged,3931,Processed
7459,62077,Late Delivery,-200,Pending
7460,69439,Wrong Item,4480,Processed
7461,52961,Missing Item,0,Processed
7462,62197,Late Delivery,391,Rejected
7463,79628,Late Delivery,99999,Rejected
7464,97607,,-200,PENDING
7465,35526,damaged,0,processed
7466,43383,Missing Item,740,Rejected
7467,4903,Late Delivery,-200,Rejected
7468,99605,Wrong Item,4041,Pending
7469,59625,Damaged,2249,Processed
7470,20094,damaged,1442,Pending
7471,24194,Damaged,4289,processed
7472,3616,Damaged,180,processed
7473,28810,,945,Pending
7474,6487,Damaged,-200,PENDING
7475,83655,damaged,0,Processed
7476,83012,Damaged,0,PENDING
7477,45840,WRONG,2675,PENDING
7478,35138,,-200,PENDING
7479,60181,Damaged,3032,Pending
7480,44151,WRONG,99999,Rejected
7481,3688,WRONG,99999,PENDING
7482,8566,,975,processed
7483,51798,Damaged,0,Processed
7484,48179,Late Delivery,259,Pending
7485,98538,WRONG,3208,Processed
7486,38592,Missing Item,2243,Rejected
7487,32383,Wrong Item,4861,PENDING
7488,46129,Late Delivery,99999,PENDING
7489,4616,Damaged,99999,Pending
7490,71354,WRONG,-200,processed
7491,30887,WRONG,99999,processed
7492,27804,Missing Item,1223,Pending
7493,79327,Damaged,1217,processed
7494,87855,Late Delivery,3316,PENDING
7495,22174,Late Delivery,0,Pending
7496,29524,Late Delivery,99999,PENDING
7497,39426,,-200,processed
7498,37076,damaged,99999,processed
7499,83564,,4918,Processed
7500,40328,damaged,-200,PENDING
7501,78827,WRONG,2645,Processed
7502,31473,Late Delivery,3690,Pending
7503,93524,WRONG,4659,Rejected
7504,89615,Missing Item,99999,processed
7505,51896,WRONG,-200,Pending
7506,13185,Damaged,2390,Rejected
7507,65476,Late Delivery,2884,PENDING
7508,99947,Damaged,1514,Rejected
7509,59749,Wrong Item,3682,PENDING
7510,65823,Missing Item,4227,Processed
7511,99932,Wrong Item,0,Pending
7512,81843,Damaged,396,Processed
7513,38744,WRONG,4298,Pending
7514,57008,Wrong Item,-200,processed
7515,20426,,99999,processed
7516,1789,Damaged,3215,processed
7517,62093,,99999,Processed
7518,14565,Wrong Item,2275,Processed
7519,97153,Missing Item,0,Pending
7520,73309,Wrong Item,99999,processed
7521,50374,damaged,615,Pending
7522,24716,,-200,processed
7523,15672,Late Delivery,4109,Rejected
7524,66223,WRONG,99999,Rejected
7525,78367,damaged,0,processed
7526,36622,Wrong Item,-200,Pending
7527,18222,WRONG,-200,Pending
7528,32935,Wrong Item,3869,Processed
7529,43519,Wrong Item,-200,Rejected
7530,98938,WRONG,1331,Rejected
7531,32518,Late Delivery,4439,Processed
7532,22424,Missing Item,4794,Rejected
7533,65348,,1975,processed
7534,30563,Late Delivery,-200,processed
7535,78172,damaged,2450,Pending
7536,1110,Wrong Item,99999,processed
7537,41153,Damaged,2049,Rejected
7538,33108,Wrong Item,3716,processed
7539,11671,Late Delivery,1391,Pending
7540,76480,Damaged,4998,processed
7541,66450,Wrong Item,0,Processed
7542,59169,damaged,-200,PENDING
7543,19206,Late Delivery,1693,processed
7544,78100,damaged,99999,Rejected
7545,21275,WRONG,3962,Rejected
7546,11840,Missing Item,3711,Rejected
7547,82876,Damaged,4667,Rejected
7548,10886,WRONG,3972,Rejected
7549,16341,Missing Item,0,Processed
7550,9021,damaged,4398,Pending
7551,65486,Missing Item,535,Pending
7552,63351,Damaged,616,PENDING
7553,17572,,4012,Rejected
7554,68664,Missing Item,1904,Pending
7555,36611,,4349,PENDING
7556,161,Missing Item,3168,Rejected
7557,5819,Damaged,-200,Processed
7558,93794,WRONG,0,PENDING
7559,39674,Damaged,0,Rejected
7560,56464,,0,processed
7561,87204,WRONG,2221,Rejected
7562,80129,Damaged,-200,Pending
7563,20832,Missing Item,99999,Processed
7564,94605,Wrong Item,1412,processed
7565,33791,Damaged,3247,processed
7566,23573,,3378,processed
7567,81228,Late Delivery,3864,Pending
7568,24106,Damaged,4614,processed
7569,82274,Damaged,3422,processed
7570,35472,damaged,456,Processed
7571,43321,Wrong Item,99999,Processed
7572,94358,WRONG,-200,PENDING
7573,84888,Wrong Item,-200,processed
7574,53491,,2693,Rejected
7575,1133,WRONG,0,PENDING
7576,71077,Wrong Item,99999,PENDING
7577,68647,damaged,-200,Rejected
7578,87118,Damaged,0,Rejected
7579,69511,Wrong Item,0,Processed
7580,99308,damaged,2765,Rejected
7581,96243,,-200,processed
7582,44246,Wrong Item,-200,Processed
7583,67394,damaged,1328,Rejected
7584,83757,Wrong Item,-200,Processed
7585,94828,damaged,2411,Rejected
7586,73401,Damaged,0,Pending
7587,47769,damaged,3384,processed
7588,95405,Damaged,1233,PENDING
7589,88404,WRONG,2692,Rejected
7590,42396,Damaged,2217,Rejected
7591,84215,Missing Item,3228,Pending
7592,64158,Missing Item,3513,Pending
7593,95558,Late Delivery,99999,Rejected
7594,38284,WRONG,4249,Processed
7595,96042,damaged,4082,Processed
7596,74137,Wrong Item,2311,Rejected
7597,31662,Late Delivery,0,Processed
7598,92471,Late Delivery,2631,processed
7599,61393,Damaged,3909,Rejected
7600,84672,WRONG,3561,Rejected
7601,16045,WRONG,-200,Processed
7602,3702,Late Delivery,0,PENDING
7603,14746,Late Delivery,4656,PENDING
7604,35198,damaged,159,PENDING
7605,80405,Late Delivery,0,Processed
7606,15970,Wrong Item,2646,Pending
7607,96608,,-200,Rejected
7608,29480,,2889,Processed
7609,72083,damaged,667,Rejected
7610,55809,WRONG,0,processed
7611,48864,Missing Item,1375,processed
7612,6278,WRONG,99999,Pending
7613,49598,Wrong Item,99999,Rejected
7614,59636,damaged,3988,Pending
7615,89862,damaged,2455,PENDING
7616,34975,Damaged,0,PENDING
7617,48554,Late Delivery,-200,Pending
7618,24531,Damaged,-200,Pending
7619,23731,damaged,2820,processed
7620,36738,Wrong Item,99999,processed
7621,59340,Late Delivery,99999,processed
7622,3296,Late Delivery,3366,Pending
7623,66882,Damaged,99999,processed
7624,46487,Damaged,0,processed
7625,32475,Missing Item,-200,Processed
7626,67903,damaged,-200,PENDING
7627,12678,Damaged,99999,processed
7628,32012,Missing Item,4601,Rejected
7629,40292,Late Delivery,0,Rejected
7630,46888,Missing Item,3568,PENDING
7631,48834,Late Delivery,2313,PENDING
7632,2305,WRONG,0,processed
7633,27432,WRONG,3484,Rejected
7634,74450,Missing Item,1665,Pending
7635,62739,damaged,4112,Rejected
7636,83627,WRONG,3997,Rejected
7637,36738,damaged,4601,processed
7638,55357,Late Delivery,99999,Pending
7639,18706,,3126,Processed
7640,66572,damaged,3282,Processed
7641,86173,damaged,1623,Pending
7642,41807,damaged,99999,processed
7643,95140,Wrong Item,99999,Pending
7644,75733,Late Delivery,1932,processed
7645,17657,Missing Item,1959,Processed
7646,89473,damaged,1114,processed
7647,33251,Missing Item,-200,PENDING
7648,9203,Late Delivery,-200,Rejected
7649,12566,Damaged,0,Pending
7650,94457,Missing Item,-200,PENDING
7651,62962,,4742,processed
7652,50071,Wrong Item,224,Rejected
7653,64122,WRONG,1056,Processed
7654,41139,Wrong Item,4981,processed
7655,5911,Wrong Item,0,Rejected
7656,44970,WRONG,2504,Processed
7657,38789,,0,Rejected
7658,50347,Late Delivery,99999,Rejected
7659,75195,WRONG,99999,Rejected
7660,71280,damaged,99999,PENDING
7661,59593,damaged,99999,processed
7662,11167,WRONG,-200,Rejected
7663,16211,,3709,processed
7664,47014,Wrong Item,-200,Pending
7665,34190,WRONG,3900,Processed
7666,42636,Late Delivery,3757,Rejected
7667,57023,WRONG,0,Rejected
7668,25994,,-200,Rejected
7669,44776,Missing Item,99999,PENDING
7670,80895,Damaged,-200,processed
7671,74025,Late Delivery,836,PENDING
7672,29667,Missing Item,0,PENDING
7673,1148,damaged,1711,Processed
7674,21467,Late Delivery,4731,Processed
7675,32470,Damaged,4053,Pending
7676,22408,Damaged,645,Pending
7677,77922,Wrong Item,4445,processed
7678,67911,Damaged,568,PENDING
7679,10756,damaged,3155,Pending
7680,91380,damaged,99999,processed
7681,50380,WRONG,-200,Processed
7682,70952,Wrong Item,2349,PENDING
7683,22450,Late Delivery,3548,Processed
7684,73752,Missing Item,0,Rejected
7685,42982,damaged,1747,Pending
7686,54545,Missing Item,-200,PENDING
7687,25397,Wrong Item,1158,Pending
7688,65240,Wrong Item,1387,processed
7689,30079,Missing Item,0,Rejected
7690,37632,Late Delivery,2113,Processed
7691,92579,Damaged,2748,Processed
7692,37718,,4237,Pending
7693,63124,Damaged,0,Pending
7694,29493,Wrong Item,3833,Pending
7695,53046,damaged,0,Rejected
7696,72951,Damaged,-200,Rejected
7697,17987,Late Delivery,2670,Pending
7698,29144,damaged,99999,PENDING
7699,16080,Missing Item,-200,Processed
7700,24108,Wrong Item,750,processed
7701,11079,damaged,0,Processed
7702,62216,Damaged,834,Processed
7703,56432,,99999,Rejected
7704,40030,WRONG,0,Pending
7705,65442,WRONG,3059,processed
7706,85872,Wrong Item,99999,Pending
7707,4854,damaged,-200,processed
7708,74294,Wrong Item,736,Processed
7709,41329,WRONG,-200,Rejected
7710,60243,Missing Item,240,Rejected
7711,17488,damaged,114,Rejected
7712,2665,damaged,-200,Rejected
7713,30333,Wrong Item,-200,PENDING
7714,80461,Wrong Item,99999,PENDING
7715,11280,,2764,Processed
7716,57288,Wrong Item,4108,PENDING
7717,47711,,99999,Rejected
7718,75877,,427,processed
7719,77461,WRONG,0,Rejected
7720,11685,,4954,PENDING
7721,32959,WRONG,0,Pending
7722,59183,,-200,processed
7723,82405,Damaged,-200,PENDING
7724,8612,,4605,Rejected
7725,93683,,99999,processed
7726,70665,Late Delivery,1566,Pending
7727,3405,,3309,Rejected
7728,20269,WRONG,1772,Rejected
7729,18826,Late Delivery,0,processed
7730,67440,Late Delivery,-200,Processed
7731,42472,Damaged,-200,Pending
7732,15733,damaged,2733,PENDING
7733,58753,Damaged,930,Pending
7734,61334,,99999,PENDING
7735,90301,,4762,PENDING
7736,52196,WRONG,3638,PENDING
7737,50868,Missing Item,0,Pending
7738,82013,Wrong Item,0,Rejected
7739,80832,Late Delivery,758,Processed
7740,52999,Late Delivery,2035,Pending
7741,59406,,2070,Processed
7742,25137,Missing Item,99999,PENDING
7743,86908,,2410,Pending
7744,66875,Damaged,1151,PENDING
7745,16755,Wrong Item,0,processed
7746,89312,Missing Item,570,Pending
7747,88118,Missing Item,-200,processed
7748,23221,Missing Item,99999,Processed
7749,79174,Missing Item,503,Pending
7750,49213,Wrong Item,0,PENDING
7751,11735,Wrong Item,-200,Pending
7752,60721,Wrong Item,99999,processed
7753,19782,Late Delivery,99999,processed
7754,88010,Damaged,-200,processed
7755,7273,damaged,4259,processed
7756,35138,damaged,1581,processed
7757,68526,damaged,0,Processed
7758,17319,Missing Item,0,Rejected
7759,68415,Damaged,399,PENDING
7760,18255,damaged,0,Pending
7761,51196,Wrong Item,1009,Rejected
7762,58495,Late Delivery,4769,Processed
7763,27093,Late Delivery,4307,PENDING
7764,2628,Late Delivery,2943,Pending
7765,78567,,99999,PENDING
7766,61969,Wrong Item,99999,PENDING
7767,31949,Late Delivery,4043,Pending
7768,61362,Missing Item,413,processed
7769,55591,damaged,4330,PENDING
7770,22968,Wrong Item,4164,processed
7771,57902,Wrong Item,3225,processed
7772,76973,Damaged,-200,Rejected
7773,62011,Late Delivery,4394,processed
7774,26557,Missing Item,0,Processed
7775,78890,Damaged,-200,PENDING
7776,52060,Late Delivery,99999,Rejected
7777,81287,Damaged,2880,processed
7778,6349,Wrong Item,-200,Rejected
7779,17536,Late Delivery,99999,PENDING
7780,7103,Wrong Item,1721,PENDING
7781,35393,Damaged,4951,Processed
7782,63210,,-200,processed
7783,85400,,1120,processed
7784,75128,WRONG,3083,Pending
7785,1252,Wrong Item,-200,processed
7786,43575,damaged,0,Rejected
7787,12907,Missing Item,0,PENDING
7788,59508,Wrong Item,2108,processed
7789,49130,Damaged,4852,processed
7790,2573,Late Delivery,-200,PENDING
7791,37310,Late Delivery,99999,Processed
7792,88895,Damaged,1557,Rejected
7793,20135,damaged,3913,Processed
7794,7901,,0,Rejected
7795,88716,Wrong Item,2600,Pending
7796,67429,damaged,99999,Pending
7797,3618,Wrong Item,1372,Pending
7798,46697,Late Delivery,4920,Pending
7799,85912,Wrong Item,-200,Pending
7800,22639,,-200,processed
7801,23422,WRONG,99999,PENDING
7802,64116,Damaged,3364,Pending
7803,27980,damaged,1220,PENDING
7804,37041,WRONG,0,Processed
7805,22945,Damaged,1700,processed
7806,22569,Wrong Item,3616,Processed
7807,29223,Wrong Item,0,PENDING
7808,4546,Late Delivery,-200,Pending
7809,8703,Damaged,1126,processed
7810,35679,Missing Item,99999,PENDING
7811,19171,Wrong Item,3846,Rejected
7812,53828,Missing Item,99999,PENDING
7813,56853,,99999,Rejected
7814,40126,Damaged,3456,Pending
7815,2259,,0,processed
7816,20688,damaged,-200,Pending
7817,67565,Late Delivery,99999,Processed
7818,25670,,99999,Processed
7819,62299,Missing Item,99999,PENDING
7820,64510,WRONG,3114,processed
7821,54855,Wrong Item,0,processed
7822,35280,damaged,-200,Rejected
7823,42475,Missing Item,99999,Pending
7824,58339,Wrong Item,99999,Rejected
7825,78778,,3970,Processed
7826,97190,damaged,99999,Rejected
7827,3998,Missing Item,4927,Pending
7828,89938,Late Delivery,1708,Processed
7829,16803,Damaged,0,Rejected
7830,27388,Missing Item,783,Processed
7831,2830,Missing Item,3415,processed
7832,65332,Wrong Item,99999,Processed
7833,86322,Wrong Item,4351,Rejected
7834,47831,Missing Item,0,Pending
7835,39740,,953,Processed
7836,23003,Wrong Item,2196,Rejected
7837,26181,Missing Item,0,Processed
7838,7670,Wrong Item,-200,Pending
7839,3596,Wrong Item,3044,PENDING
7840,95668,Late Delivery,4249,Pending
7841,62069,Damaged,1268,processed
7842,1326,Missing Item,586,Processed
7843,75636,Missing Item,-200,PENDING
7844,24743,Wrong Item,0,processed
7845,25214,Missing Item,-200,PENDING
7846,24468,WRONG,1416,PENDING
7847,84425,damaged,2586,processed
7848,57074,WRONG,-200,processed
7849,3913,Wrong Item,3125,Rejected
7850,13203,Late Delivery,618,PENDING
7851,32431,,4608,processed
7852,35981,WRONG,-200,PENDING
7853,26730,Late Delivery,4343,Processed
7854,66206,Missing Item,3816,Pending
7855,90083,Late Delivery,2801,Processed
7856,89577,Missing Item,99999,PENDING
7857,99410,Damaged,99999,Processed
7858,7872,,-200,PENDING
7859,69129,Damaged,401,Pending
7860,24154,Late Delivery,1587,Pending
7861,85780,Late Delivery,3636,processed
7862,29528,Late Delivery,1564,processed
7863,56869,Wrong Item,220,Processed
7864,26241,Missing Item,-200,Pending
7865,42792,Damaged,-200,Processed
7866,15250,Missing Item,4786,PENDING
7867,29089,,2699,Rejected
7868,86617,,338,Pending
7869,6817,Damaged,99999,processed
7870,98276,Missing Item,0,processed
7871,48915,Late Delivery,4398,Processed
7872,46738,damaged,1199,processed
7873,21492,WRONG,4520,Pending
7874,56492,Damaged,-200,Pending
7875,54020,Damaged,4533,processed
7876,12406,Late Delivery,99999,Processed
7877,48413,Damaged,0,Pending
7878,90030,Wrong Item,4290,Pending
7879,37434,damaged,4022,Pending
7880,31143,Wrong Item,2730,PENDING
7881,20947,Wrong Item,2869,processed
7882,37807,Missing Item,-200,Pending
7883,17262,Wrong Item,1443,Pending
7884,51554,Wrong Item,752,processed
7885,70293,Late Delivery,99999,Processed
7886,33314,damaged,99999,processed
7887,66103,Damaged,0,processed
7888,22841,Late Delivery,99999,Processed
7889,37954,Damaged,0,Processed
7890,95577,Missing Item,-200,Pending
7891,69903,Wrong Item,2165,Processed
7892,65346,Late Delivery,0,Rejected
7893,88303,,4408,Rejected
7894,73864,Damaged,3192,Pending
7895,11407,Damaged,-200,Processed
7896,5807,Damaged,3851,PENDING
7897,93018,damaged,-200,Rejected
7898,19182,Damaged,4757,PENDING
7899,61735,,4737,Rejected
7900,37285,Damaged,4067,PENDING
7901,45326,Damaged,3547,processed
7902,72921,Wrong Item,1656,PENDING
7903,69805,,625,Rejected
7904,14422,WRONG,289,Rejected
7905,17726,Damaged,3024,Rejected
7906,1276,Late Delivery,-200,Processed
7907,54138,Missing Item,0,Processed
7908,59448,Damaged,495,Rejected
7909,50036,Missing Item,-200,Processed
7910,26986,WRONG,2455,processed
7911,97205,Wrong Item,4310,Rejected
7912,6708,,99999,Pending
7913,78297,Damaged,0,Processed
7914,70955,Late Delivery,4822,processed
7915,9940,WRONG,99999,Processed
7916,16876,WRONG,2425,Pending
7917,71191,Late Delivery,4255,processed
7918,38838,,0,Pending
7919,89378,Wrong Item,-200,Processed
7920,72616,Wrong Item,99999,Pending
7921,84599,WRONG,375,Pending
7922,3832,Missing Item,3480,Rejected
7923,30707,damaged,1357,Rejected
7924,16997,Damaged,1172,Pending
7925,50185,Wrong Item,0,PENDING
7926,2627,,99999,processed
7927,76858,Wrong Item,2749,Pending
7928,31541,Damaged,-200,Processed
7929,61872,Late Delivery,-200,Processed
7930,28100,,1285,processed
7931,9289,WRONG,0,Pending
7932,16424,,2668,Rejected
7933,80803,Wrong Item,2906,processed
7934,61527,Wrong Item,4441,Processed
7935,85609,Wrong Item,3119,PENDING
7936,1000,Wrong Item,99999,Processed
7937,92166,,1315,processed
7938,33908,WRONG,3232,processed
7939,85223,Wrong Item,4974,processed
7940,38241,Damaged,221,Pending
7941,39069,Damaged,-200,Pending
7942,93026,Late Delivery,2174,Processed
7943,81635,damaged,3689,Rejected
7944,85069,Missing Item,3977,Pending
7945,14279,Late Delivery,4137,Pending
7946,19364,,0,processed
7947,5117,,3884,Rejected
7948,74646,,2678,Processed
7949,39541,Damaged,1780,PENDING
7950,45625,Damaged,4048,Processed
7951,50075,damaged,0,Rejected
7952,85333,Late Delivery,99999,Rejected
7953,81284,damaged,-200,Processed
7954,17317,damaged,-200,PENDING
7955,39830,Late Delivery,630,Pending
7956,96260,Missing Item,-200,Processed
7957,7354,damaged,-200,PENDING
7958,12634,Wrong Item,2604,Rejected
7959,13221,Wrong Item,-200,processed
7960,59603,damaged,0,processed
7961,21243,,1628,processed
7962,64559,WRONG,99999,Rejected
7963,31821,WRONG,0,PENDING
7964,8499,Missing Item,1891,Rejected
7965,34154,,-200,Rejected
7966,72827,Wrong Item,99999,Pending
7967,70804,Damaged,3762,PENDING
7968,41663,,4250,Pending
7969,72775,WRONG,3630,processed
7970,17213,Missing Item,441,Processed
7971,39129,Late Delivery,-200,Rejected
7972,38902,Late Delivery,-200,Rejected
7973,31202,Missing Item,4704,processed
7974,51338,Damaged,3867,Rejected
7975,42273,damaged,0,Processed
7976,47711,Wrong Item,870,processed
7977,95352,,3649,Processed
7978,7660,Damaged,0,Rejected
7979,28210,WRONG,2260,Pending
7980,90083,damaged,99999,Pending
7981,51561,Wrong Item,-200,Processed
7982,64440,Wrong Item,99999,PENDING
7983,87886,Late Delivery,3386,Pending
7984,26800,WRONG,-200,Rejected
7985,17546,Late Delivery,2891,Pending
7986,17124,Late Delivery,2314,PENDING
7987,94216,Wrong Item,1544,Rejected
7988,47001,,0,Rejected
7989,78263,Wrong Item,-200,Rejected
7990,28218,Wrong Item,99999,processed
7991,38112,WRONG,99999,PENDING
7992,41279,Damaged,3716,Pending
7993,55402,Damaged,-200,Processed
7994,48868,Damaged,99999,PENDING
7995,56642,,0,Rejected
7996,11783,WRONG,0,Pending
7997,28367,Damaged,4696,Processed
7998,3871,WRONG,99999,PENDING
7999,19161,Missing Item,1509,Rejected
8000,54989,,0,Pending
8001,2333,Damaged,99999,PENDING
8002,6278,damaged,2563,PENDING
8003,79839,Late Delivery,99999,PENDING
8004,59669,Wrong Item,99999,Processed
8005,80442,WRONG,2833,Processed
8006,64405,,463,PENDING
8007,16963,Wrong Item,99999,processed
8008,96772,Late Delivery,0,Pending
8009,71680,Late Delivery,99999,Rejected
8010,79257,,99999,processed
8011,54862,WRONG,0,Rejected
8012,58944,Late Delivery,99999,PENDING
8013,66228,WRONG,3006,Rejected
8014,77226,damaged,1504,PENDING
8015,4846,WRONG,3385,Rejected
8016,8228,,792,Rejected
8017,15237,damaged,3629,PENDING
8018,49519,Damaged,99999,Pending
8019,33841,Wrong Item,-200,PENDING
8020,12462,Wrong Item,348,Processed
8021,400,WRONG,2067,PENDING
8022,43588,Damaged,3543,Processed
8023,61349,,992,Pending
8024,42130,Missing Item,99999,Processed
8025,49844,Late Delivery,3661,Processed
8026,76352,Wrong Item,2177,PENDING
8027,89529,Wrong Item,0,processed
8028,93339,WRONG,-200,Rejected
8029,82753,,-200,processed
8030,86296,damaged,2544,PENDING
8031,30157,Missing Item,-200,Pending
8032,3385,Wrong Item,-200,Rejected
8033,3604,Missing Item,99999,Rejected
8034,38026,Missing Item,403,Processed
8035,35477,WRONG,0,Pending
8036,7133,,-200,Rejected
8037,18844,WRONG,-200,Pending
8038,76609,,3062,Pending
8039,66451,Damaged,-200,Pending
8040,40063,damaged,3179,PENDING
8041,1145,damaged,3979,Processed
8042,93534,damaged,3955,Pending
8043,53357,,3688,Rejected
8044,14851,WRONG,1469,Rejected
8045,16865,damaged,1695,Processed
8046,91456,,3652,PENDING
8047,2877,damaged,0,Processed
8048,35300,damaged,99999,Rejected
8049,94433,Late Delivery,4746,PENDING
8050,54878,Wrong Item,4035,PENDING
8051,59810,Late Delivery,99999,Rejected
8052,6649,,296,Rejected
8053,87716,Damaged,805,PENDING
8054,97475,Damaged,0,PENDING
8055,41249,Missing Item,2944,PENDING
8056,54751,Late Delivery,4434,processed
8057,37286,Wrong Item,4783,processed
8058,92268,Damaged,4382,PENDING
8059,87085,Damaged,3141,Pending
8060,38062,Damaged,-200,Rejected
8061,30291,Wrong Item,353,Rejected
8062,10261,Wrong Item,0,Pending
8063,83565,Late Delivery,99999,processed
8064,32584,Missing Item,1638,Pending
8065,24538,Missing Item,99999,Processed
8066,66052,Wrong Item,4884,PENDING
8067,40205,Late Delivery,-200,Rejected
8068,49286,,0,processed
8069,81623,Damaged,3641,Processed
8070,20680,,0,PENDING
8071,65770,,1515,Pending
8072,42852,damaged,99999,Pending
8073,46293,Missing Item,0,Pending
8074,77476,Damaged,3502,Pending
8075,79500,Late Delivery,99999,Pending
8076,41464,WRONG,2110,Pending
8077,54024,Late Delivery,0,Rejected
8078,9411,Late Delivery,4987,Pending
8079,62492,Late Delivery,3428,Rejected
8080,97799,damaged,-200,Processed
8081,63751,Wrong Item,99999,Rejected
8082,93525,Missing Item,99999,Rejected
8083,59448,,2898,Rejected
8084,26700,,1825,PENDING
8085,51298,Late Delivery,2473,PENDING
8086,89845,damaged,3588,Rejected
8087,38555,WRONG,0,Rejected
8088,64793,,4888,Processed
8089,1712,WRONG,3877,processed
8090,11756,Damaged,-200,Rejected
8091,89778,Missing Item,887,PENDING
8092,86671,Damaged,2209,Rejected
8093,20933,WRONG,3045,processed
8094,96007,Damaged,-200,Processed
8095,65222,,647,processed
8096,16796,damaged,2240,Pending
8097,62299,Wrong Item,1289,Processed
8098,64730,WRONG,4263,Pending
8099,80722,Damaged,99999,Rejected
8100,37134,Missing Item,1856,Rejected
8101,56726,damaged,99999,Processed
8102,99921,Damaged,0,Rejected
8103,97611,WRONG,0,Processed
8104,40225,Wrong Item,0,Processed
8105,14818,,2383,Processed
8106,98647,Missing Item,0,Rejected
8107,60445,Late Delivery,-200,PENDING
8108,24511,WRONG,-200,processed
8109,43321,damaged,99999,Pending
8110,45961,Late Delivery,-200,Pending
8111,15316,,3220,Pending
8112,84859,Late Delivery,1544,Pending
8113,73006,Damaged,99999,processed
8114,66013,,1660,Pending
8115,97467,Missing Item,3836,Pending
8116,11625,Damaged,2988,Processed
8117,870,Late Delivery,2345,Rejected
8118,44353,Damaged,2916,PENDING
8119,9633,,99999,Processed
8120,7767,,-200,Processed
8121,16319,damaged,99999,Pending
8122,55257,Late Delivery,1544,processed
8123,75452,,1817,Processed
8124,55105,,4076,processed
8125,79732,Missing Item,1656,PENDING
8126,53176,Late Delivery,2707,Pending
8127,94288,damaged,-200,Pending
8128,86168,WRONG,0,Rejected
8129,69436,damaged,-200,Pending
8130,60030,WRONG,99999,Processed
8131,80920,,-200,Processed
8132,83870,Missing Item,2641,Rejected
8133,99539,Late Delivery,0,Rejected
8134,15236,Late Delivery,2516,Pending
8135,92330,Late Delivery,0,Pending
8136,18148,Missing Item,3981,processed
8137,64944,Late Delivery,2521,Processed
8138,71108,Wrong Item,0,processed
8139,2951,damaged,99999,PENDING
8140,55448,WRONG,0,Processed
8141,64493,Damaged,-200,processed
8142,29216,Missing Item,2270,PENDING
8143,7942,Wrong Item,-200,PENDING
8144,35103,damaged,99999,processed
8145,44739,Missing Item,99999,Processed
8146,70366,Late Delivery,0,Processed
8147,10080,WRONG,0,processed
8148,12430,damaged,0,Pending
8149,12842,Late Delivery,202,PENDING
8150,17604,WRONG,2299,Rejected
8151,81938,,2444,PENDING
8152,81039,Missing Item,-200,Processed
8153,77401,Damaged,0,Pending
8154,58546,Wrong Item,2124,Pending
8155,2913,Wrong Item,2052,Rejected
8156,7748,,1763,Processed
8157,83014,damaged,1665,PENDING
8158,68423,WRONG,2283,Processed
8159,47860,Wrong Item,0,Processed
8160,7710,Damaged,4565,Pending
8161,65509,WRONG,-200,processed
8162,90356,Late Delivery,0,processed
8163,49623,Late Delivery,99999,PENDING
8164,51877,WRONG,0,processed
8165,92135,Late Delivery,-200,Pending
8166,92105,,2977,PENDING
8167,96563,Missing Item,0,PENDING
8168,31261,Damaged,-200,processed
8169,2036,Damaged,-200,PENDING
8170,16153,damaged,-200,Processed
8171,48518,,0,Processed
8172,51216,WRONG,-200,PENDING
8173,35654,,4807,processed
8174,35237,Missing Item,3429,Rejected
8175,37307,Late Delivery,496,Processed
8176,83311,,-200,Rejected
8177,60727,Wrong Item,99999,Pending
8178,22897,Wrong Item,783,Rejected
8179,66063,damaged,2072,Rejected
8180,75821,Late Delivery,99999,PENDING
8181,99168,Damaged,-200,Processed
8182,16704,Missing Item,-200,PENDING
8183,48193,Damaged,0,PENDING
8184,62364,WRONG,751,Pending
8185,57944,Late Delivery,99999,Rejected
8186,18747,damaged,0,Processed
8187,58765,damaged,-200,Processed
8188,92753,WRONG,0,processed
8189,83335,Missing Item,3601,processed
8190,97387,Damaged,716,Rejected
8191,51214,Damaged,99999,Pending
8192,25832,Wrong Item,507,PENDING
8193,79348,WRONG,99999,Processed
8194,51328,WRONG,4817,Pending
8195,94254,Damaged,-200,processed
8196,71773,Damaged,-200,PENDING
8197,11335,WRONG,3462,Processed
8198,73676,Missing Item,-200,processed
8199,70130,,1676,PENDING
8200,59218,damaged,-200,Processed
8201,72817,damaged,99999,Pending
8202,93492,Late Delivery,1047,PENDING
8203,20789,Missing Item,2668,Rejected
8204,19379,WRONG,713,Rejected
8205,11827,WRONG,3241,Pending
8206,17680,Late Delivery,704,PENDING
8207,58513,Missing Item,1614,PENDING
8208,82192,Wrong Item,1137,Processed
8209,28287,WRONG,0,PENDING
8210,17989,Damaged,99999,Rejected
8211,73302,Wrong Item,99999,processed
8212,59969,Late Delivery,0,processed
8213,52832,,-200,Pending
8214,57886,Late Delivery,1850,Pending
8215,37880,WRONG,3998,Processed
8216,58907,,0,Processed
8217,33554,Missing Item,0,Processed
8218,37295,WRONG,123,Rejected
8219,52025,Damaged,680,Processed
8220,61839,Late Delivery,1942,PENDING
8221,76420,damaged,2376,Pending
8222,32003,Damaged,-200,Pending
8223,55709,Damaged,0,Rejected
8224,42365,damaged,-200,Processed
8225,57809,,0,Processed
8226,37414,Wrong Item,3657,PENDING
8227,35681,WRONG,2570,Rejected
8228,58298,WRONG,1726,PENDING
8229,29539,Wrong Item,0,Processed
8230,4314,Wrong Item,-200,PENDING
8231,85224,,4970,Rejected
8232,78644,Missing Item,99999,Rejected
8233,94352,Wrong Item,138,processed
8234,25076,Late Delivery,4985,Pending
8235,37313,damaged,-200,PENDING
8236,63878,Missing Item,2865,PENDING
8237,71375,Late Delivery,0,Rejected
8238,32872,WRONG,-200,PENDING
8239,73110,damaged,3347,Pending
8240,92607,,0,processed
8241,41305,,99999,Rejected
8242,83397,Damaged,-200,Rejected
8243,59069,Missing Item,3187,processed
8244,22070,Damaged,0,processed
8245,1452,,99999,PENDING
8246,25276,damaged,1115,Rejected
8247,42404,Damaged,223,Rejected
8248,37611,Missing Item,1222,Pending
8249,25377,Late Delivery,99999,processed
8250,86250,,99999,PENDING
8251,64442,Late Delivery,99999,Rejected
8252,30894,damaged,99999,Processed
8253,78852,damaged,-200,Rejected
8254,5108,,3003,Processed
8255,4866,damaged,4617,Processed
8256,43462,WRONG,4471,Rejected
8257,59038,Missing Item,2810,Rejected
8258,2567,,2806,PENDING
8259,50830,WRONG,4835,Rejected
8260,5846,damaged,99999,Rejected
8261,42177,,0,processed
8262,61557,WRONG,3207,Pending
8263,24185,Damaged,1597,processed
8264,99294,,-200,processed
8265,54581,,1761,Rejected
8266,54262,,99999,Pending
8267,34570,Late Delivery,664,Processed
8268,25164,Damaged,106,Rejected
8269,51501,WRONG,-200,PENDING
8270,64576,Late Delivery,3782,Rejected
8271,25101,Wrong Item,99999,Processed
8272,886,Wrong Item,1094,Pending
8273,44339,Wrong Item,99999,Pending
8274,3436,WRONG,99999,Rejected
8275,96070,,-200,Rejected
8276,99930,Damaged,99999,Rejected
8277,94318,Late Delivery,99999,Processed
8278,4285,Missing Item,2979,PENDING
8279,22177,Damaged,-200,Pending
8280,16864,Damaged,1044,Processed
8281,20924,Late Delivery,2805,processed
8282,50716,Damaged,99999,processed
8283,58299,,1883,Processed
8284,45180,Missing Item,2478,Rejected
8285,58672,Damaged,2584,processed
8286,79097,WRONG,-200,PENDING
8287,87902,WRONG,1361,processed
8288,61071,Missing Item,2992,PENDING
8289,46535,,99999,Pending
8290,54348,Wrong Item,1893,Processed
8291,54962,damaged,-200,Rejected
8292,14651,Late Delivery,99999,Rejected
8293,73471,WRONG,1638,Rejected
8294,29238,,-200,processed
8295,61731,WRONG,3655,PENDING
8296,10162,,-200,Pending
8297,78083,Wrong Item,-200,Pending
8298,58802,Damaged,1501,Pending
8299,13243,Missing Item,99999,PENDING
8300,39093,WRONG,2645,Pending
8301,81377,Wrong Item,99999,processed
8302,94690,WRONG,0,Rejected
8303,25851,Damaged,4620,processed
8304,34577,Wrong Item,-200,Processed
8305,19322,Late Delivery,0,Pending
8306,59436,Late Delivery,-200,processed
8307,31165,damaged,4374,processed
8308,81262,Damaged,4828,Pending
8309,24797,Missing Item,99999,processed
8310,52063,damaged,1773,processed
8311,82979,WRONG,2878,PENDING
8312,18489,Late Delivery,477,Processed
8313,77908,Wrong Item,0,Rejected
8314,67319,Late Delivery,252,Pending
8315,95508,Missing Item,0,processed
8316,35741,WRONG,1590,Processed
8317,21765,Missing Item,0,processed
8318,93927,Late Delivery,3783,Rejected
8319,88453,damaged,3359,processed
8320,63258,damaged,3375,Rejected
8321,49596,WRONG,4355,Processed
8322,62374,Late Delivery,0,Pending
8323,18627,Wrong Item,4682,Pending
8324,23593,Missing Item,0,Pending
8325,34505,,2505,processed
8326,36337,,1892,Processed
8327,96971,Wrong Item,4210,Rejected
8328,65374,Missing Item,2675,Processed
8329,50390,WRONG,3560,Processed
8330,88764,WRONG,830,Processed
8331,91113,Wrong Item,3863,Rejected
8332,32997,Wrong Item,99999,Rejected
8333,94851,Missing Item,0,Processed
8334,80372,Wrong Item,0,Rejected
8335,44580,,-200,Rejected
8336,11416,Damaged,0,processed
8337,67499,Damaged,99999,Processed
8338,50898,Wrong Item,2150,Pending
8339,28752,Late Delivery,2198,Processed
8340,49491,damaged,543,Processed
8341,81783,Missing Item,99999,Rejected
8342,13275,Late Delivery,4111,processed
8343,27078,Missing Item,0,Processed
8344,51963,,1341,PENDING
8345,16520,WRONG,-200,Rejected
8346,77956,WRONG,1084,Processed
8347,23817,,99999,processed
8348,52409,,4266,PENDING
8349,9088,Damaged,3766,processed
8350,63888,Late Delivery,99999,Processed
8351,97310,Missing Item,3053,Processed
8352,80989,WRONG,4056,Pending
8353,6883,damaged,1888,Rejected
8354,21301,,99999,processed
8355,94776,WRONG,0,Processed
8356,21217,,305,Processed
8357,19412,WRONG,-200,processed
8358,31855,Wrong Item,99999,PENDING
8359,76820,Damaged,-200,Pending
8360,9817,,99999,processed
8361,90586,WRONG,0,PENDING
8362,68912,Wrong Item,3210,Pending
8363,22377,,4431,Pending
8364,56284,WRONG,3502,PENDING
8365,64244,WRONG,0,PENDING
8366,20321,Wrong Item,3212,Rejected
8367,67240,Wrong Item,99999,PENDING
8368,339,damaged,4197,Rejected
8369,11536,Damaged,3673,Rejected
8370,14832,WRONG,4695,PENDING
8371,90859,Damaged,3463,Rejected
8372,73254,Missing Item,0,PENDING
8373,90039,Missing Item,3999,Rejected
8374,98601,Missing Item,2594,PENDING
8375,74428,WRONG,0,processed
8376,58452,Damaged,4366,processed
8377,61764,Missing Item,4196,processed
8378,96217,Late Delivery,-200,processed
8379,39704,Late Delivery,-200,Rejected
8380,62920,,99999,processed
8381,82244,Missing Item,-200,Processed
8382,22782,WRONG,516,Rejected
8383,85140,Wrong Item,2280,Rejected
8384,66390,,1801,Pending
8385,9057,Wrong Item,99999,PENDING
8386,99086,Late Delivery,-200,Pending
8387,94823,,0,Pending
8388,88158,Wrong Item,-200,Pending
8389,20007,Wrong Item,2164,processed
8390,34712,Missing Item,4288,Processed
8391,42285,Missing Item,0,Processed
8392,63542,WRONG,3819,PENDING
8393,53395,,99999,processed
8394,64011,Wrong Item,99999,Rejected
8395,48662,,4140,PENDING
8396,63391,damaged,99999,Processed
8397,75590,,99999,Processed
8398,62161,,0,Pending
8399,46178,Late Delivery,4187,Rejected
8400,41915,,0,processed
8401,86968,,2319,processed
8402,16269,Wrong Item,3926,Pending
8403,59651,Wrong Item,-200,Processed
8404,49326,Missing Item,1790,PENDING
8405,17487,damaged,-200,Pending
8406,40388,Damaged,1864,Processed
8407,84431,Damaged,684,processed
8408,66343,Wrong Item,-200,Processed
8409,3141,damaged,99999,Rejected
8410,17697,Late Delivery,0,Processed
8411,59576,Missing Item,0,PENDING
8412,27284,Wrong Item,99999,Processed
8413,14440,damaged,-200,Processed
8414,59478,damaged,404,Pending
8415,47935,Damaged,1441,Processed
8416,48212,damaged,181,processed
8417,45985,WRONG,-200,Pending
8418,63838,Late Delivery,1796,Pending
8419,29848,,3529,Rejected
8420,93368,Damaged,-200,Processed
8421,24898,damaged,2982,processed
8422,37788,Damaged,4374,PENDING
8423,25099,Late Delivery,1371,Rejected
8424,96312,Missing Item,99999,Pending
8425,51853,Damaged,1112,Rejected
8426,32482,Wrong Item,1748,PENDING
8427,95478,Wrong Item,3679,Pending
8428,1829,damaged,3675,Rejected
8429,40497,,0,Pending
8430,13033,Missing Item,3441,processed
8431,28794,Wrong Item,-200,Processed
8432,42095,Missing Item,99999,PENDING
8433,48681,Late Delivery,0,Processed
8434,9829,Wrong Item,99999,Rejected
8435,15685,Late Delivery,0,Processed
8436,82503,,629,Pending
8437,2778,WRONG,2750,processed
8438,49069,,854,PENDING
8439,58773,Late Delivery,99999,Rejected
8440,59157,WRONG,901,PENDING
8441,71609,Late Delivery,99999,PENDING
8442,59513,WRONG,4644,processed
8443,57046,Wrong Item,4054,PENDING
8444,25923,Late Delivery,0,PENDING
8445,23745,WRONG,1736,Pending
8446,5848,Wrong Item,2437,Rejected
8447,9189,Missing Item,0,Rejected
8448,20995,Damaged,-200,Rejected
8449,48893,,571,Rejected
8450,96177,Wrong Item,1460,Rejected
8451,84448,damaged,0,processed
8452,43908,Damaged,2600,Pending
8453,30057,WRONG,0,Rejected
8454,68095,damaged,99999,PENDING
8455,50718,damaged,2951,PENDING
8456,60462,WRONG,99999,Pending
8457,13360,WRONG,0,processed
8458,23033,Damaged,-200,Rejected
8459,61787,,0,Pending
8460,57009,damaged,0,Pending
8461,42955,Wrong Item,2546,processed
8462,55850,damaged,781,processed
8463,56739,Damaged,-200,Rejected
8464,8661,Missing Item,3339,processed
8465,12096,Damaged,1865,processed
8466,58184,WRONG,1634,Pending
8467,50480,,2409,Pending
8468,99674,Late Delivery,99999,Rejected
8469,39618,Wrong Item,0,PENDING
8470,35919,Late Delivery,-200,PENDING
8471,28894,Wrong Item,0,processed
8472,46884,Late Delivery,3582,processed
8473,41685,Wrong Item,1957,Pending
8474,51797,Late Delivery,1954,processed
8475,53710,Damaged,-200,PENDING
8476,3699,Wrong Item,2104,processed
8477,55098,WRONG,99999,Rejected
8478,19364,Wrong Item,0,Pending
8479,42657,WRONG,986,Rejected
8480,50663,WRONG,-200,Rejected
8481,87999,Damaged,4220,Rejected
8482,4373,Missing Item,367,PENDING
8483,32816,WRONG,2902,processed
8484,49752,Late Delivery,2174,processed
8485,40331,,-200,Pending
8486,14147,Damaged,4722,Processed
8487,14229,Damaged,99999,PENDING
8488,44021,Wrong Item,2839,Rejected
8489,92855,,1897,PENDING
8490,69942,,1768,PENDING
8491,56433,Damaged,2608,Processed
8492,15388,Missing Item,3651,PENDING
8493,26733,WRONG,2700,Rejected
8494,57085,Damaged,0,Rejected
8495,29104,Late Delivery,0,Rejected
8496,8516,WRONG,99999,processed
8497,45660,damaged,99999,Processed
8498,17896,Damaged,4940,Rejected
8499,92966,damaged,907,processed
8500,42410,,-200,Rejected
8501,49420,Late Delivery,253,Pending
8502,9463,Missing Item,4462,Pending
8503,33202,Late Delivery,0,Processed
8504,75352,Wrong Item,4172,Processed
8505,87320,Late Delivery,0,Processed
8506,32320,Wrong Item,390,Rejected
8507,81533,Late Delivery,0,Pending
8508,83836,damaged,-200,processed
8509,78391,Damaged,1032,Processed
8510,98240,Missing Item,99999,PENDING
8511,4011,Missing Item,3679,PENDING
8512,60664,Missing Item,-200,PENDING
8513,39812,Late Delivery,2393,Pending
8514,3142,Late Delivery,99999,Pending
8515,90217,,99999,processed
8516,19937,damaged,1926,PENDING
8517,70216,Wrong Item,3065,Pending
8518,69330,damaged,1334,processed
8519,96985,damaged,1390,Pending
8520,58456,Late Delivery,1656,Rejected
8521,48690,Wrong Item,4292,Rejected
8522,97119,damaged,-200,processed
8523,44188,Wrong Item,4991,Rejected
8524,70981,damaged,0,Processed
8525,16510,,818,Processed
8526,51650,Missing Item,-200,Processed
8527,58217,damaged,1854,Processed
8528,69063,WRONG,0,processed
8529,35035,Missing Item,4555,Pending
8530,5827,,99999,processed
8531,22899,damaged,386,Rejected
8532,64745,WRONG,99999,Rejected
8533,57477,Late Delivery,3561,Pending
8534,20604,Damaged,0,PENDING
8535,33431,damaged,874,Processed
8536,23897,Damaged,0,Rejected
8537,49206,Wrong Item,2099,Processed
8538,12198,Wrong Item,3174,Rejected
8539,72784,Late Delivery,-200,Processed
8540,59659,Wrong Item,3862,Pending
8541,4600,,4771,Rejected
8542,60459,damaged,-200,Pending
8543,88388,Late Delivery,1238,PENDING
8544,92399,WRONG,111,PENDING
8545,11616,Late Delivery,4432,PENDING
8546,99907,Wrong Item,0,Pending
8547,60675,,-200,processed
8548,74900,damaged,0,Pending
8549,21356,Late Delivery,99999,Pending
8550,13612,WRONG,3120,Pending
8551,29415,Damaged,1869,PENDING
8552,15525,WRONG,99999,PENDING
8553,8547,Damaged,4214,Rejected
8554,3693,Late Delivery,-200,Rejected
8555,7764,Wrong Item,0,Pending
8556,826,WRONG,99999,PENDING
8557,71828,,2072,Rejected
8558,89532,Missing Item,912,Processed
8559,92683,,0,Processed
8560,12680,Missing Item,3706,Pending
8561,14178,Wrong Item,4115,PENDING
8562,33812,Damaged,0,Pending
8563,89743,Late Delivery,0,Pending
8564,54489,Wrong Item,-200,PENDING
8565,65851,Wrong Item,99999,processed
8566,9711,damaged,-200,Pending
8567,81857,Damaged,2425,PENDING
8568,1162,Late Delivery,2915,Processed
8569,41731,Missing Item,99999,processed
8570,73638,Missing Item,2417,Pending
8571,12624,WRONG,3975,Processed
8572,70186,,99999,PENDING
8573,59719,damaged,0,Rejected
8574,62555,Missing Item,99999,processed
8575,41472,Missing Item,0,processed
8576,76978,Late Delivery,2013,Processed
8577,42148,,3561,Rejected
8578,70257,Damaged,-200,Rejected
8579,2093,Damaged,-200,processed
8580,91023,Damaged,99999,Pending
8581,87165,damaged,1137,PENDING
8582,99900,damaged,1645,processed
8583,18273,Late Delivery,2940,processed
8584,4381,Late Delivery,777,processed
8585,37906,,523,Pending
8586,53449,Missing Item,0,processed
8587,54860,Missing Item,-200,Processed
8588,67084,WRONG,-200,processed
8589,28318,,99999,PENDING
8590,52344,Missing Item,689,PENDING
8591,52992,Missing Item,0,Pending
8592,7106,damaged,-200,Pending
8593,89810,WRONG,4454,Rejected
8594,31969,Damaged,-200,Processed
8595,97434,,3646,processed
8596,88289,Late Delivery,99999,Pending
8597,13336,,99999,Pending
8598,85376,Missing Item,99999,processed
8599,8735,Wrong Item,4508,processed
8600,60248,Wrong Item,0,processed
8601,45422,Late Delivery,0,processed
8602,28492,damaged,989,Processed
8603,49030,,3182,processed
8604,84905,Damaged,3860,Processed
8605,5149,,0,PENDING
8606,63000,,-200,Pending
8607,72462,,385,Pending
8608,82893,Missing Item,-200,Rejected
8609,17151,,-200,PENDING
8610,90977,Missing Item,3533,Rejected
8611,1482,Damaged,-200,PENDING
8612,85487,Damaged,2658,PENDING
8613,16104,Damaged,0,Processed
8614,69222,,-200,PENDING
8615,88370,,-200,Rejected
8616,55034,Missing Item,3269,Pending
8617,90110,WRONG,170,PENDING
8618,77944,,4349,Processed
8619,24411,Missing Item,4881,Pending
8620,14106,damaged,4177,PENDING
8621,84894,Damaged,99999,Pending
8622,64509,Late Delivery,0,processed
8623,76857,Damaged,99999,Processed
8624,76266,,935,processed
8625,17868,,4070,PENDING
8626,3584,,2237,processed
8627,11789,Late Delivery,4353,Pending
8628,51599,Wrong Item,-200,Pending
8629,46896,WRONG,3669,PENDING
8630,35063,Damaged,517,Rejected
8631,38386,WRONG,2470,Pending
8632,79374,Missing Item,1576,Pending
8633,74367,Missing Item,613,Pending
8634,97361,Late Delivery,345,Rejected
8635,50707,Late Delivery,578,Rejected
8636,55039,damaged,0,PENDING
8637,43728,Late Delivery,99999,Rejected
8638,26859,damaged,0,PENDING
8639,98660,WRONG,3945,Pending
8640,88105,WRONG,-200,processed
8641,19905,Late Delivery,-200,Pending
8642,15361,Late Delivery,99999,Rejected
8643,62900,WRONG,0,Pending
8644,98497,damaged,1319,processed
8645,25850,Wrong Item,0,Rejected
8646,15155,Damaged,4830,Pending
8647,21618,damaged,4258,PENDING
8648,64624,Damaged,2480,processed
8649,67859,Damaged,0,Pending
8650,1820,Missing Item,2594,Pending
8651,54765,Missing Item,1373,Rejected
8652,76067,Wrong Item,99999,PENDING
8653,29311,Missing Item,-200,PENDING
8654,52787,Missing Item,-200,Processed
8655,86024,Damaged,964,Pending
8656,80586,Wrong Item,825,Rejected
8657,40872,damaged,99999,Processed
8658,76972,Wrong Item,2045,PENDING
8659,42415,Wrong Item,2429,Pending
8660,98140,Missing Item,-200,Pending
8661,68451,Damaged,0,PENDING
8662,64987,Wrong Item,177,processed
8663,21070,Damaged,3448,Rejected
8664,51647,damaged,0,processed
8665,30836,Late Delivery,99999,Pending
8666,27754,damaged,0,processed
8667,45415,WRONG,0,PENDING
8668,59580,Damaged,-200,processed
8669,51949,,3065,Pending
8670,72635,WRONG,0,PENDING
8671,13717,Wrong Item,3254,PENDING
8672,73051,WRONG,3666,Pending
8673,33517,,3111,Rejected
8674,38507,WRONG,99999,processed
8675,72496,Damaged,99999,PENDING
8676,31138,,99999,Rejected
8677,13589,damaged,0,Rejected
8678,79439,damaged,2733,Processed
8679,48004,Late Delivery,1876,processed
8680,59411,Late Delivery,4818,processed
8681,46574,,0,Rejected
8682,75010,,-200,Rejected
8683,75135,Missing Item,99999,Rejected
8684,14721,WRONG,99999,PENDING
8685,68354,Missing Item,-200,Processed
8686,30977,Wrong Item,4984,processed
8687,86381,WRONG,-200,PENDING
8688,51037,Missing Item,2804,Pending
8689,70482,WRONG,0,Processed
8690,45016,Missing Item,99999,Pending
8691,47590,Late Delivery,0,PENDING
8692,80083,Late Delivery,1213,Rejected
8693,65666,WRONG,-200,processed
8694,24707,WRONG,-200,Rejected
8695,93246,Damaged,-200,PENDING
8696,4038,damaged,0,PENDING
8697,78608,WRONG,1703,Rejected
8698,338,Late Delivery,4940,PENDING
8699,26925,damaged,154,Processed
8700,38844,Damaged,1121,Pending
8701,81237,Late Delivery,251,PENDING
8702,40788,Late Delivery,4791,Pending
8703,33085,Missing Item,2678,Pending
8704,42481,Late Delivery,861,Rejected
8705,16520,damaged,0,Pending
8706,81870,Damaged,0,Pending
8707,38555,Missing Item,4132,Pending
8708,67312,,2204,PENDING
8709,35456,WRONG,3159,Rejected
8710,99207,,1865,Rejected
8711,43653,WRONG,99999,Processed
8712,27652,Wrong Item,2458,Pending
8713,57690,Damaged,-200,Pending
8714,36399,damaged,-200,PENDING
8715,24165,,0,processed
8716,12968,Missing Item,0,processed
8717,81843,Wrong Item,-200,Rejected
8718,95450,,636,Processed
8719,11291,damaged,3127,Processed
8720,3341,WRONG,2228,Rejected
8721,74774,Missing Item,285,Rejected
8722,21875,WRONG,-200,PENDING
8723,294,Wrong Item,99999,Processed
8724,3561,WRONG,1418,Processed
8725,8667,damaged,0,Pending
8726,93112,Late Delivery,4814,Processed
8727,7,Wrong Item,4023,PENDING
8728,97641,,764,Rejected
8729,69735,WRONG,3495,Processed
8730,8989,Late Delivery,2664,Rejected
8731,82460,,416,Pending
8732,58021,Missing Item,914,processed
8733,14431,Late Delivery,99999,Rejected
8734,264,damaged,0,PENDING
8735,84298,Missing Item,99999,processed
8736,5023,Missing Item,1016,Processed
8737,70332,Wrong Item,197,PENDING
8738,74449,WRONG,99999,PENDING
8739,75572,WRONG,-200,Processed
8740,41945,,-200,Rejected
8741,79658,damaged,4954,PENDING
8742,51810,WRONG,-200,processed
8743,60210,Missing Item,3392,Rejected
8744,16797,Missing Item,3006,Processed
8745,24349,Missing Item,99999,Rejected
8746,57568,Damaged,99999,Rejected
8747,66325,Damaged,1032,PENDING
8748,58215,damaged,4749,PENDING
8749,38148,Damaged,2746,Rejected
8750,95728,WRONG,-200,processed
8751,29913,,-200,Pending
8752,15090,,759,processed
8753,77828,damaged,1232,Rejected
8754,76398,,3770,PENDING
8755,91794,WRONG,0,processed
8756,31882,WRONG,99999,Rejected
8757,99100,Wrong Item,4867,Pending
8758,87399,damaged,3766,processed
8759,46642,Missing Item,0,Pending
8760,35377,WRONG,3367,Rejected
8761,8629,Damaged,0,PENDING
8762,40137,,-200,PENDING
8763,3330,,4985,Pending
8764,57470,Missing Item,99999,processed
8765,70047,Late Delivery,3424,Rejected
8766,43861,Missing Item,99999,Pending
8767,23624,Wrong Item,99999,Rejected
8768,43107,,4081,Processed
8769,70682,Missing Item,195,PENDING
8770,29964,,1138,Rejected
8771,48151,,99999,Rejected
8772,46001,damaged,99999,processed
8773,86549,damaged,1678,Rejected
8774,6728,Wrong Item,99999,Processed
8775,7613,Damaged,0,Pending
8776,33652,damaged,-200,Pending
8777,37869,Wrong Item,99999,Processed
8778,27383,Late Delivery,526,processed
8779,60111,Late Delivery,1256,Rejected
8780,68431,Damaged,4705,Rejected
8781,52100,Late Delivery,0,processed
8782,69271,Wrong Item,1557,Processed
8783,58756,Missing Item,3517,Pending
8784,25676,WRONG,3249,PENDING
8785,88860,Wrong Item,99999,PENDING
8786,43249,,3529,Rejected
8787,87825,WRONG,1618,Pending
8788,82853,WRONG,99999,Processed
8789,27437,,0,Pending
8790,27667,Missing Item,2246,PENDING
8791,40196,Damaged,3832,processed
8792,27986,Damaged,99999,Pending
8793,87148,WRONG,1915,processed
8794,59838,Damaged,-200,Rejected
8795,27147,,-200,Pending
8796,60401,,99999,PENDING
8797,70752,Damaged,1389,processed
8798,83521,damaged,4113,Processed
8799,41377,Damaged,2134,processed
8800,41696,Wrong Item,0,PENDING
8801,379,Missing Item,99999,Processed
8802,36517,damaged,771,Pending
8803,59688,Missing Item,1742,Rejected
8804,29538,Late Delivery,0,Pending
8805,83596,,2537,processed
8806,80326,WRONG,1900,processed
8807,79810,Late Delivery,1909,Pending
8808,82949,,2145,Pending
8809,54667,WRONG,1635,PENDING
8810,74417,,0,Processed
8811,2943,Missing Item,162,processed
8812,6084,WRONG,99999,PENDING
8813,55798,Late Delivery,3157,Processed
8814,63192,WRONG,143,PENDING
8815,18761,Wrong Item,99999,processed
8816,77834,Wrong Item,99999,Pending
8817,39146,Missing Item,1611,Rejected
8818,50766,Wrong Item,0,processed
8819,69445,damaged,4374,Pending
8820,26753,Missing Item,2359,processed
8821,19947,damaged,1948,Processed
8822,63432,WRONG,3328,Processed
8823,39144,WRONG,2858,Pending
8824,19950,,4171,Rejected
8825,80399,Missing Item,-200,Pending
8826,72750,Missing Item,2524,Pending
8827,69333,Missing Item,475,processed
8828,43199,damaged,0,Pending
8829,6347,Missing Item,99999,Rejected
8830,9008,damaged,99999,Pending
8831,59588,,-200,Processed
8832,73074,Wrong Item,99999,Rejected
8833,39181,Late Delivery,4413,Pending
8834,44401,Missing Item,-200,processed
8835,18690,Missing Item,716,processed
8836,93062,Late Delivery,-200,Processed
8837,9436,Missing Item,4547,PENDING
8838,68499,,0,Pending
8839,59250,Wrong Item,99999,Processed
8840,16491,Wrong Item,2210,Rejected
8841,78612,Late Delivery,2541,Pending
8842,562,Damaged,-200,processed
8843,74485,Late Delivery,99999,Processed
8844,46860,Late Delivery,0,Pending
8845,58574,Missing Item,-200,Rejected
8846,10525,Damaged,1804,processed
8847,4468,,418,processed
8848,28562,damaged,1360,PENDING
8849,27622,Missing Item,-200,processed
8850,60489,WRONG,2802,Pending
8851,52603,Wrong Item,-200,processed
8852,40548,Late Delivery,99999,processed
8853,36719,damaged,2534,PENDING
8854,63139,damaged,1499,Pending
8855,11199,,99999,Pending
8856,3123,damaged,99999,processed
8857,5428,Damaged,390,PENDING
8858,66804,WRONG,-200,Processed
8859,80136,Wrong Item,3979,Rejected
8860,95247,damaged,2531,Rejected
8861,30513,Wrong Item,-200,Rejected
8862,81060,Late Delivery,844,Rejected
8863,35642,,3558,PENDING
8864,69301,Missing Item,0,processed
8865,70247,WRONG,-200,Processed
8866,49297,damaged,373,Rejected
8867,98342,damaged,99999,processed
8868,72230,WRONG,0,Pending
8869,36472,damaged,438,Processed
8870,81605,,3975,Processed
8871,51645,,-200,processed
8872,85751,WRONG,-200,Rejected
8873,95737,,100,PENDING
8874,79328,Late Delivery,-200,processed
8875,48972,damaged,4201,Pending
8876,43784,Wrong Item,99999,Rejected
8877,11542,Damaged,2760,Rejected
8878,5061,Wrong Item,2729,Pending
8879,15459,Damaged,3149,PENDING
8880,70135,Missing Item,0,PENDING
8881,74939,Damaged,4506,Pending
8882,97603,Missing Item,899,Pending
8883,85686,Missing Item,1049,Processed
8884,29256,WRONG,2720,processed
8885,41841,Damaged,2161,Pending
8886,81392,WRONG,99999,Processed
8887,60570,,1988,PENDING
8888,99632,,99999,Rejected
8889,64425,WRONG,-200,Rejected
8890,87529,,-200,PENDING
8891,10262,WRONG,2352,PENDING
8892,74906,Damaged,3810,processed
8893,19528,,828,PENDING
8894,4893,WRONG,-200,Pending
8895,81548,WRONG,99999,Rejected
8896,85407,Missing Item,-200,Processed
8897,30175,Damaged,99999,processed
8898,25821,,-200,processed
8899,56122,Wrong Item,-200,processed
8900,45265,WRONG,3074,Pending
8901,96262,WRONG,0,PENDING
8902,10883,damaged,3193,PENDING
8903,70515,Wrong Item,129,processed
8904,47946,Missing Item,99999,PENDING
8905,33573,Late Delivery,4245,PENDING
8906,5095,Wrong Item,99999,Processed
8907,59925,Missing Item,4763,PENDING
8908,36068,,0,Rejected
8909,83729,Missing Item,908,Processed
8910,61405,WRONG,4531,processed
8911,83530,Wrong Item,2383,Processed
8912,75572,Wrong Item,99999,Processed
8913,95941,Late Delivery,99999,Processed
8914,93528,,0,Pending
8915,88802,Damaged,0,Pending
8916,60687,Late Delivery,3575,Processed
8917,18826,Wrong Item,2908,Rejected
8918,83739,WRONG,349,processed
8919,83064,Missing Item,99999,Processed
8920,85203,Wrong Item,4050,Processed
8921,50603,damaged,334,PENDING
8922,47753,,99999,Processed
8923,31030,WRONG,0,PENDING
8924,37957,Missing Item,-200,processed
8925,17409,Damaged,99999,PENDING
8926,90369,WRONG,-200,Processed
8927,97160,Wrong Item,2760,Processed
8928,99489,Missing Item,3978,Rejected
8929,26962,WRONG,0,Rejected
8930,73350,damaged,3858,Pending
8931,23350,damaged,4284,Processed
8932,87609,Late Delivery,0,Processed
8933,75769,,0,Rejected
8934,52296,Missing Item,3926,Pending
8935,58721,Wrong Item,-200,PENDING
8936,86358,Wrong Item,1229,Rejected
8937,84263,,209,PENDING
8938,44815,Late Delivery,2341,Processed
8939,66658,Late Delivery,2901,Processed
8940,96187,,1130,Rejected
8941,32197,,2808,Rejected
8942,67137,Missing Item,391,Pending
8943,41733,Damaged,99999,PENDING
8944,11974,,4007,processed
8945,72249,Damaged,99999,Processed
8946,97226,damaged,1286,Processed
8947,92339,Missing Item,-200,Pending
8948,55213,Wrong Item,4839,Rejected
8949,91690,Late Delivery,2719,Processed
8950,79364,Late Delivery,4814,processed
8951,63834,Damaged,99999,Rejected
8952,20879,WRONG,0,PENDING
8953,12346,,0,Rejected
8954,85686,Damaged,-200,PENDING
8955,34347,WRONG,-200,Rejected
8956,46365,Late Delivery,1967,processed
8957,59408,Wrong Item,-200,Pending
8958,38520,WRONG,495,PENDING
8959,78923,Damaged,2102,processed
8960,94286,WRONG,-200,Pending
8961,9001,Damaged,3586,Pending
8962,45314,Missing Item,-200,Pending
8963,83691,Damaged,1560,Rejected
8964,41586,Missing Item,4039,processed
8965,98381,WRONG,2092,PENDING
8966,25729,damaged,0,Rejected
8967,90318,damaged,0,Rejected
8968,31269,,3084,Processed
8969,32757,Late Delivery,0,Rejected
8970,38204,WRONG,-200,Processed
8971,91656,Wrong Item,2754,Rejected
8972,66982,,4854,Pending
8973,35129,,4133,PENDING
8974,44090,WRONG,-200,Rejected
8975,38450,Wrong Item,812,Processed
8976,70138,Missing Item,99999,Processed
8977,72487,Wrong Item,-200,processed
8978,1650,damaged,4248,PENDING
8979,46876,Wrong Item,99999,processed
8980,7051,Late Delivery,-200,Processed
8981,81613,damaged,2704,Pending
8982,9935,,-200,Pending
8983,26912,Wrong Item,4949,processed
8984,7541,,3850,processed
8985,36406,WRONG,99999,Processed
8986,22523,Wrong Item,1806,processed
8987,38049,Late Delivery,836,Rejected
8988,61984,Wrong Item,99999,Pending
8989,65075,Late Delivery,99999,Pending
8990,38397,Wrong Item,2093,Processed
8991,42190,,4914,processed
8992,61804,WRONG,0,PENDING
8993,195,Missing Item,0,processed
8994,23762,WRONG,3471,Rejected
8995,15807,Late Delivery,2732,Rejected
8996,8587,Missing Item,-200,processed
8997,59851,,-200,Pending
8998,74330,,99999,Pending
8999,69695,Wrong Item,2806,PENDING
9000,16571,Missing Item,99999,PENDING
9001,53956,damaged,4460,Processed
9002,45863,Wrong Item,1132,Processed
9003,30261,Wrong Item,-200,Pending
9004,31647,Late Delivery,4349,Processed
9005,99724,damaged,1334,PENDING
9006,40670,Late Delivery,2196,PENDING
9007,73240,Damaged,4790,processed
9008,88296,Missing Item,0,Processed
9009,96929,Late Delivery,0,PENDING
9010,52050,Missing Item,507,Processed
9011,84406,,1284,PENDING
9012,91138,WRONG,0,Rejected
9013,46999,Wrong Item,1484,processed
9014,74123,Wrong Item,2879,Processed
9015,71529,WRONG,1770,processed
9016,74358,Missing Item,0,PENDING
9017,84204,damaged,948,Rejected
9018,35856,Late Delivery,99999,Pending
9019,77627,Wrong Item,4446,Rejected
9020,19468,damaged,-200,Pending
9021,76601,Wrong Item,4020,Rejected
9022,25188,Missing Item,1473,processed
9023,8277,WRONG,870,Rejected
9024,67124,Wrong Item,3277,Pending
9025,5972,,99999,processed
9026,53383,damaged,0,processed
9027,65058,,2588,Processed
9028,79461,Late Delivery,1258,processed
9029,77447,Missing Item,99999,Rejected
9030,86562,Missing Item,0,Pending
9031,91116,Damaged,99999,PENDING
9032,8201,Missing Item,1538,Pending
9033,32536,Wrong Item,1797,Processed
9034,56981,,0,Processed
9035,43157,Damaged,1406,Processed
9036,4605,Damaged,4514,Rejected
9037,22623,WRONG,481,Processed
9038,70287,WRONG,1045,PENDING
9039,69153,Damaged,-200,Processed
9040,15909,damaged,-200,processed
9041,70485,Damaged,806,Processed
9042,75223,Missing Item,0,Pending
9043,32345,Missing Item,1659,PENDING
9044,86472,WRONG,144,Processed
9045,82475,Late Delivery,1562,processed
9046,25624,Missing Item,0,PENDING
9047,17840,Late Delivery,3970,processed
9048,31109,Missing Item,4058,processed
9049,80718,Missing Item,-200,Processed
9050,20919,Damaged,2976,Processed
9051,15420,WRONG,99999,processed
9052,95934,Missing Item,4962,processed
9053,53106,Wrong Item,99999,Pending
9054,65250,Damaged,1072,processed
9055,7005,,0,Rejected
9056,67899,,2719,Rejected
9057,97769,,-200,Rejected
9058,2396,damaged,946,PENDING
9059,36607,,-200,Processed
9060,78837,damaged,0,Processed
9061,85301,Missing Item,2549,PENDING
9062,86685,Late Delivery,99999,Rejected
9063,80833,damaged,4276,Rejected
9064,28440,Late Delivery,0,processed
9065,30535,Missing Item,-200,PENDING
9066,17829,damaged,99999,PENDING
9067,58672,Missing Item,515,processed
9068,4652,Wrong Item,4468,Processed
9069,24205,Missing Item,4002,processed
9070,65009,Wrong Item,1265,Pending
9071,21664,Wrong Item,0,Processed
9072,17072,damaged,0,PENDING
9073,98269,Late Delivery,-200,Rejected
9074,97678,Missing Item,4549,Processed
9075,62672,Wrong Item,-200,Rejected
9076,62971,damaged,0,Rejected
9077,27723,Damaged,3283,Pending
9078,30347,Damaged,-200,Processed
9079,36236,Wrong Item,-200,PENDING
9080,25364,Damaged,4242,Processed
9081,93216,WRONG,988,processed
9082,60748,Damaged,2258,PENDING
9083,99608,Wrong Item,1407,Rejected
9084,45887,Wrong Item,2735,Pending
9085,79322,,99999,PENDING
9086,82135,,2831,Pending
9087,35502,WRONG,3006,Processed
9088,72812,Damaged,809,Processed
9089,24323,Late Delivery,-200,PENDING
9090,36919,Missing Item,3008,Pending
9091,16295,Missing Item,-200,Pending
9092,47126,WRONG,3535,Rejected
9093,76390,Wrong Item,99999,Processed
9094,42893,,-200,Pending
9095,82022,,1266,Processed
9096,90678,Missing Item,2574,processed
9097,35061,damaged,0,Processed
9098,9504,Missing Item,0,PENDING
9099,16949,,99999,processed
9100,43479,damaged,4307,PENDING
9101,39645,,4423,PENDING
9102,45493,damaged,3247,Processed
9103,89093,Late Delivery,0,Rejected
9104,23466,Wrong Item,4188,processed
9105,79879,Damaged,618,PENDING
9106,65046,WRONG,2148,processed
9107,10081,Late Delivery,99999,processed
9108,21224,Damaged,99999,PENDING
9109,56788,Wrong Item,-200,Processed
9110,63912,,99999,Rejected
9111,73329,Damaged,99999,PENDING
9112,62853,damaged,283,Pending
9113,74134,damaged,-200,processed
9114,93389,WRONG,1504,Processed
9115,14019,WRONG,99999,PENDING
9116,68403,damaged,2805,Processed
9117,65871,damaged,2698,processed
9118,10642,Late Delivery,0,Processed
9119,74792,Missing Item,2102,Pending
9120,84331,Missing Item,99999,processed
9121,13001,Wrong Item,2710,Rejected
9122,29151,,99999,processed
9123,36372,WRONG,2250,Rejected
9124,8210,damaged,-200,Pending
9125,30291,WRONG,2065,PENDING
9126,68387,Wrong Item,4937,PENDING
9127,7893,Late Delivery,3314,processed
9128,56235,damaged,3429,Rejected
9129,55251,damaged,0,processed
9130,76644,Missing Item,351,Processed
9131,49405,Damaged,2922,Processed
9132,15072,Wrong Item,580,Rejected
9133,73637,Damaged,0,Pending
9134,18419,Missing Item,0,Processed
9135,24100,damaged,99999,Rejected
9136,75837,WRONG,0,Rejected
9137,34600,damaged,-200,Processed
9138,84491,,2918,PENDING
9139,88392,WRONG,99999,PENDING
9140,58398,WRONG,3150,PENDING
9141,68383,Damaged,0,Rejected
9142,34948,damaged,3196,Processed
9143,24060,,-200,Pending
9144,75561,Wrong Item,4167,Rejected
9145,8263,WRONG,99999,Pending
9146,95036,Late Delivery,0,Rejected
9147,90748,damaged,799,processed
9148,49843,Wrong Item,-200,Rejected
9149,58954,WRONG,99999,PENDING
9150,48780,Damaged,846,processed
9151,67375,Late Delivery,1145,Rejected
9152,73899,Damaged,1013,Processed
9153,74195,WRONG,-200,Processed
9154,31346,damaged,177,Pending
9155,13616,Wrong Item,0,PENDING
9156,87671,WRONG,99999,Processed
9157,51141,Damaged,2592,Rejected
9158,93954,Wrong Item,99999,processed
9159,16590,,1036,processed
9160,66879,Wrong Item,4672,Pending
9161,27976,,1321,Rejected
9162,93490,damaged,2229,Processed
9163,47423,Damaged,-200,processed
9164,83601,damaged,99999,processed
9165,45806,WRONG,99999,Processed
9166,83204,WRONG,99999,processed
9167,6784,,0,Pending
9168,48807,Missing Item,4325,Pending
9169,37337,Missing Item,99999,PENDING
9170,91956,WRONG,1889,PENDING
9171,76491,Missing Item,1414,Pending
9172,79693,WRONG,1206,Pending
9173,19235,Damaged,4025,processed
9174,5372,,3904,Rejected
9175,40639,Late Delivery,3422,processed
9176,62751,Damaged,-200,PENDING
9177,65212,,99999,Rejected
9178,86512,Missing Item,-200,Pending
9179,58647,Wrong Item,2102,processed
9180,45231,Damaged,2771,Rejected
9181,69330,,0,Pending
9182,67721,,-200,Pending
9183,60921,Wrong Item,2017,PENDING
9184,21765,WRONG,1138,processed
9185,99530,Damaged,0,processed
9186,30129,damaged,0,PENDING
9187,69472,,-200,Rejected
9188,8636,damaged,-200,PENDING
9189,32964,damaged,4347,Pending
9190,52839,Damaged,-200,Processed
9191,87310,Damaged,99999,Pending
9192,29961,,0,Processed
9193,71405,Wrong Item,-200,PENDING
9194,62956,Late Delivery,1526,PENDING
9195,28526,WRONG,-200,Pending
9196,7823,Damaged,0,Processed
9197,1138,Wrong Item,-200,processed
9198,35865,Late Delivery,4464,processed
9199,77745,damaged,394,Pending
9200,361,WRONG,1103,Rejected
9201,84406,Damaged,4926,Pending
9202,98685,WRONG,162,Pending
9203,92241,damaged,99999,PENDING
9204,77610,Wrong Item,-200,Processed
9205,49776,Missing Item,1986,processed
9206,41943,Missing Item,-200,Pending
9207,39016,Missing Item,1331,Pending
9208,49657,Late Delivery,99999,Processed
9209,72423,damaged,3449,Processed
9210,24238,Wrong Item,-200,processed
9211,38515,Late Delivery,4640,Pending
9212,87974,,-200,Processed
9213,75934,,-200,Processed
9214,69603,,-200,processed
9215,12859,Late Delivery,99999,Pending
9216,32382,Missing Item,99999,PENDING
9217,16002,Wrong Item,-200,Processed
9218,90180,WRONG,99999,PENDING
9219,50880,Wrong Item,392,Rejected
9220,91973,Wrong Item,4566,processed
9221,65082,damaged,0,processed
9222,49482,,1559,processed
9223,98116,Missing Item,-200,processed
9224,86333,damaged,0,processed
9225,83821,Late Delivery,354,PENDING
9226,40390,damaged,-200,Pending
9227,87441,Damaged,0,PENDING
9228,70153,damaged,99999,Rejected
9229,36299,Wrong Item,757,Processed
9230,13896,,0,Pending
9231,51879,Missing Item,3027,Pending
9232,2381,WRONG,-200,Pending
9233,27472,,3826,Processed
9234,92170,Missing Item,1667,Pending
9235,66531,damaged,99999,Rejected
9236,66437,Wrong Item,99999,PENDING
9237,20357,Damaged,99999,PENDING
9238,20439,Wrong Item,0,Rejected
9239,67147,WRONG,398,Pending
9240,95686,damaged,3869,Pending
9241,92248,Damaged,0,Rejected
9242,91969,Late Delivery,99999,Processed
9243,24118,Missing Item,0,Rejected
9244,59080,,0,processed
9245,33581,Damaged,0,PENDING
9246,67770,Wrong Item,99999,Pending
9247,51667,,2666,Processed
9248,54836,Missing Item,0,Pending
9249,93702,Missing Item,3739,PENDING
9250,15987,,0,Rejected
9251,60191,damaged,4922,Rejected
9252,21463,Missing Item,99999,Processed
9253,9145,damaged,4669,Rejected
9254,53254,Missing Item,657,Pending
9255,42446,damaged,99999,Rejected
9256,94407,Missing Item,1243,processed
9257,76619,,0,Processed
9258,98433,Missing Item,4361,Processed
9259,38126,WRONG,0,processed
9260,74567,Late Delivery,3979,PENDING
9261,94297,damaged,2681,Rejected
9262,53756,Wrong Item,4364,Processed
9263,7987,Late Delivery,99999,Rejected
9264,22582,,3941,Rejected
9265,1766,Damaged,1132,PENDING
9266,9867,Damaged,2035,PENDING
9267,55340,Wrong Item,-200,Processed
9268,47680,Late Delivery,104,PENDING
9269,22429,Late Delivery,2350,PENDING
9270,9261,Wrong Item,1207,Rejected
9271,3484,damaged,4336,Processed
9272,69597,Wrong Item,-200,processed
9273,40725,Wrong Item,99999,Pending
9274,97734,,-200,processed
9275,46462,Wrong Item,2845,Rejected
9276,15625,WRONG,99999,Pending
9277,20026,damaged,412,Rejected
9278,20923,,-200,PENDING
9279,4613,Late Delivery,2632,Pending
9280,19934,Missing Item,3509,PENDING
9281,92200,Wrong Item,2542,PENDING
9282,95202,Wrong Item,-200,Rejected
9283,61747,Missing Item,99999,PENDING
9284,82443,,1315,Processed
9285,12479,WRONG,99999,Pending
9286,24349,Damaged,-200,Pending
9287,48153,Late Delivery,136,PENDING
9288,13639,Wrong Item,-200,Processed
9289,57920,Damaged,2131,Processed
9290,6572,Late Delivery,1920,processed
9291,13970,Wrong Item,1890,Processed
9292,34009,Wrong Item,1492,Processed
9293,54252,Late Delivery,1713,Rejected
9294,58003,Damaged,657,Processed
9295,75649,Late Delivery,0,processed
9296,31459,Missing Item,2565,processed
9297,56354,Damaged,0,Pending
9298,500,Missing Item,549,Processed
9299,52655,damaged,3069,Processed
9300,11975,Damaged,423,Rejected
9301,97643,,4697,PENDING
9302,33261,,3446,processed
9303,89810,Damaged,0,processed
9304,8025,,0,Processed
9305,9101,Damaged,3584,processed
9306,81978,Missing Item,99999,PENDING
9307,83965,,99999,Processed
9308,69330,Missing Item,3957,Pending
9309,83387,Damaged,-200,Pending
9310,41902,Missing Item,99999,processed
9311,56153,WRONG,99999,processed
9312,19972,Late Delivery,4421,Pending
9313,93753,,1485,processed
9314,1196,Damaged,4679,processed
9315,67264,WRONG,3674,Processed
9316,28386,Late Delivery,434,Rejected
9317,34024,WRONG,3630,PENDING
9318,23993,WRONG,0,Rejected
9319,60207,Wrong Item,-200,processed
9320,50989,Late Delivery,0,Rejected
9321,45231,Late Delivery,-200,PENDING
9322,32892,Damaged,3354,Processed
9323,8224,Late Delivery,99999,processed
9324,72534,Late Delivery,0,Processed
9325,69621,Wrong Item,3768,processed
9326,98631,Wrong Item,2423,Pending
9327,48350,damaged,0,PENDING
9328,48880,,99999,processed
9329,93659,Wrong Item,99999,processed
9330,92392,Wrong Item,4681,Rejected
9331,1736,Damaged,3455,Processed
9332,69687,Wrong Item,99999,processed
9333,90464,WRONG,-200,PENDING
9334,50290,Damaged,0,processed
9335,36114,Late Delivery,3871,Pending
9336,17507,damaged,4534,PENDING
9337,17230,Missing Item,99999,Rejected
9338,80196,damaged,4434,Processed
9339,12166,,3335,Processed
9340,52729,Damaged,0,Processed
9341,51849,Damaged,2074,PENDING
9342,85621,WRONG,1936,processed
9343,40416,damaged,1821,PENDING
9344,46505,Damaged,1928,PENDING
9345,95879,Late Delivery,1381,Processed
9346,48603,Missing Item,99999,Rejected
9347,22141,WRONG,560,Processed
9348,37191,,4658,PENDING
9349,23824,WRONG,0,Processed
9350,43323,Damaged,123,Pending
9351,48001,Wrong Item,168,Processed
9352,36352,Late Delivery,99999,Rejected
9353,34401,Late Delivery,99999,Rejected
9354,74803,Damaged,2991,Pending
9355,1708,Missing Item,876,Rejected
9356,77595,WRONG,3100,processed
9357,80195,damaged,-200,Rejected
9358,90278,Wrong Item,3872,Pending
9359,56676,Damaged,0,PENDING
9360,69980,Damaged,99999,Pending
9361,29848,WRONG,458,Pending
9362,67613,,4878,PENDING
9363,30682,Missing Item,1248,Rejected
9364,66414,Missing Item,99999,Pending
9365,6471,Wrong Item,0,PENDING
9366,79962,Damaged,219,Pending
9367,72609,Late Delivery,2901,Rejected
9368,96856,,3312,PENDING
9369,2544,Missing Item,-200,Rejected
9370,1866,damaged,0,Rejected
9371,76322,Late Delivery,235,PENDING
9372,11061,Late Delivery,4502,processed
9373,29295,damaged,0,processed
9374,104,Late Delivery,1528,processed
9375,29734,,0,processed
9376,64421,Late Delivery,-200,Processed
9377,73321,WRONG,-200,Processed
9378,83620,Late Delivery,4907,processed
9379,17631,Late Delivery,0,Processed
9380,22353,damaged,0,Rejected
9381,57631,Damaged,4033,Processed
9382,97414,damaged,3059,Pending
9383,64539,Damaged,99999,processed
9384,5090,Late Delivery,0,Pending
9385,76013,Late Delivery,0,processed
9386,21931,Wrong Item,99999,Processed
9387,61014,WRONG,99999,Rejected
9388,19210,Damaged,99999,Pending
9389,34265,WRONG,2707,Rejected
9390,53540,Missing Item,290,processed
9391,97450,Wrong Item,3856,processed
9392,56714,,4012,Rejected
9393,99560,Late Delivery,99999,processed
9394,45068,,-200,Pending
9395,85190,damaged,4764,processed
9396,20392,Late Delivery,2102,Pending
9397,56745,Damaged,4912,Processed
9398,20609,Wrong Item,0,Processed
9399,9081,,99999,Rejected
9400,40980,Damaged,0,Pending
9401,95768,Wrong Item,3609,Pending
9402,77373,Late Delivery,1206,Rejected
9403,68389,Late Delivery,1418,Rejected
9404,16591,Missing Item,3670,Processed
9405,72940,WRONG,1563,processed
9406,59698,damaged,0,processed
9407,33770,,1858,processed
9408,54342,Late Delivery,0,processed
9409,12649,Missing Item,962,Pending
9410,10008,,0,processed
9411,37887,damaged,99999,processed
9412,94858,Missing Item,444,Pending
9413,93523,Late Delivery,0,Rejected
9414,41399,WRONG,2509,processed
9415,28187,Damaged,1728,processed
9416,51935,Missing Item,-200,processed
9417,41807,,99999,PENDING
9418,57559,damaged,510,Processed
9419,66197,Wrong Item,3915,Rejected
9420,26575,,99999,PENDING
9421,67876,,906,Processed
9422,67978,Missing Item,-200,Processed
9423,2195,Missing Item,-200,Rejected
9424,81010,,375,PENDING
9425,46878,WRONG,-200,Pending
9426,7926,WRONG,99999,Processed
9427,912,,0,Rejected
9428,40495,Damaged,0,Processed
9429,48682,Damaged,4850,Pending
9430,97556,Wrong Item,0,Pending
9431,49841,,4976,Processed
9432,27005,WRONG,2287,processed
9433,43418,Late Delivery,-200,processed
9434,63631,,-200,PENDING
9435,69229,damaged,0,Rejected
9436,77771,Wrong Item,-200,Rejected
9437,18131,Missing Item,-200,Rejected
9438,7570,damaged,99999,PENDING
9439,64132,Wrong Item,1018,Pending
9440,21846,Late Delivery,1990,processed
9441,57607,Missing Item,99999,Processed
9442,27510,,2443,Processed
9443,97210,Missing Item,0,Processed
9444,65792,,2297,processed
9445,23677,WRONG,0,Rejected
9446,42599,Missing Item,99999,Pending
9447,51673,Missing Item,99999,Rejected
9448,31838,damaged,2904,Pending
9449,20994,damaged,0,Rejected
9450,35375,Missing Item,3183,PENDING
9451,86060,Wrong Item,0,Processed
9452,52711,WRONG,99999,processed
9453,30783,WRONG,4541,Pending
9454,19185,Wrong Item,3967,Pending
9455,90625,damaged,1331,Pending
9456,41391,Damaged,0,Processed
9457,87193,Wrong Item,99999,processed
9458,75764,,99999,PENDING
9459,26383,WRONG,2621,PENDING
9460,66373,Late Delivery,-200,processed
9461,41667,WRONG,-200,Pending
9462,70512,Late Delivery,-200,Rejected
9463,98104,,4781,PENDING
9464,8802,,1366,processed
9465,36865,WRONG,-200,PENDING
9466,78583,Late Delivery,4624,processed
9467,54568,,379,Pending
9468,52834,Wrong Item,1657,Processed
9469,5919,Late Delivery,708,PENDING
9470,50380,Wrong Item,-200,PENDING
9471,30487,Wrong Item,99999,Pending
9472,50377,WRONG,-200,Rejected
9473,42012,Damaged,4495,Pending
9474,33403,Missing Item,-200,Processed
9475,75976,Damaged,4304,Processed
9476,8017,Missing Item,0,Pending
9477,92610,Late Delivery,99999,PENDING
9478,90895,WRONG,99999,Pending
9479,49800,WRONG,-200,Processed
9480,26915,damaged,4961,Pending
9481,89849,WRONG,2840,Pending
9482,89519,WRONG,3574,PENDING
9483,94179,Missing Item,99999,processed
9484,23729,Damaged,-200,processed
9485,37513,Damaged,2110,Processed
9486,98218,,-200,processed
9487,64521,Missing Item,99999,Pending
9488,57252,Missing Item,1421,processed
9489,47090,damaged,1022,Rejected
9490,85672,Wrong Item,99999,Pending
9491,32788,Late Delivery,2629,processed
9492,42182,Late Delivery,3339,Processed
9493,7754,WRONG,0,Rejected
9494,63216,Missing Item,2935,processed
9495,90135,WRONG,4525,PENDING
9496,16066,Damaged,1287,Rejected
9497,98055,,421,Pending
9498,75691,Late Delivery,4637,Pending
9499,66446,damaged,0,Pending
9500,47903,Wrong Item,1751,Rejected
9501,26611,damaged,-200,Rejected
9502,58034,Late Delivery,0,Rejected
9503,16803,Damaged,1633,processed
9504,98721,Missing Item,1899,Processed
9505,83634,Late Delivery,3938,processed
9506,29044,Wrong Item,3575,PENDING
9507,66263,Late Delivery,3807,Processed
9508,20236,Wrong Item,99999,PENDING
9509,85964,Wrong Item,0,Processed
9510,49394,Damaged,-200,Pending
9511,5338,Late Delivery,-200,processed
9512,88393,WRONG,-200,Rejected
9513,61419,Damaged,2448,Rejected
9514,41887,,3111,Rejected
9515,19608,damaged,4456,Pending
9516,44246,WRONG,99999,Rejected
9517,51408,Missing Item,3355,PENDING
9518,9610,Damaged,1738,Pending
9519,68362,WRONG,0,processed
9520,75690,Damaged,-200,Processed
9521,72009,Missing Item,2089,PENDING
9522,155,Wrong Item,2815,Pending
9523,16624,,-200,Rejected
9524,14950,Damaged,3920,PENDING
9525,65261,Damaged,3164,processed
9526,83032,Missing Item,410,Pending
9527,55706,,4776,processed
9528,45709,WRONG,99999,processed
9529,41739,WRONG,0,Rejected
9530,13194,damaged,-200,Pending
9531,18960,WRONG,99999,processed
9532,16059,Wrong Item,99999,Rejected
9533,83299,Damaged,3787,PENDING
9534,47856,damaged,0,processed
9535,70761,Damaged,4886,Rejected
9536,73903,Missing Item,0,Processed
9537,65653,Late Delivery,1918,PENDING
9538,43027,Missing Item,99999,Processed
9539,69325,WRONG,99999,Pending
9540,27134,Wrong Item,99999,Rejected
9541,95429,WRONG,-200,Rejected
9542,71186,,1981,processed
9543,90233,Wrong Item,184,Processed
9544,42835,damaged,-200,Pending
9545,72743,Late Delivery,3502,Pending
9546,1128,WRONG,-200,PENDING
9547,78730,Damaged,99999,Rejected
9548,9191,Missing Item,1193,processed
9549,38673,,99999,PENDING
9550,34148,Damaged,3387,Pending
9551,47899,Missing Item,3898,PENDING
9552,21603,Late Delivery,99999,PENDING
9553,75336,Wrong Item,-200,Pending
9554,9016,Late Delivery,2331,processed
9555,94449,Damaged,3186,Pending
9556,3283,Late Delivery,515,Pending
9557,33978,Missing Item,855,Pending
9558,17423,WRONG,3798,Pending
9559,70099,WRONG,1827,processed
9560,99207,Damaged,0,Pending
9561,23029,WRONG,3897,processed
9562,61788,Missing Item,2800,Rejected
9563,72745,Wrong Item,4497,processed
9564,61391,,0,processed
9565,27709,Missing Item,0,PENDING
9566,22355,Missing Item,99999,Pending
9567,44440,,113,processed
9568,42977,Wrong Item,3013,Rejected
9569,10019,Damaged,1806,Processed
9570,708,Missing Item,1643,processed
9571,29789,Wrong Item,3554,processed
9572,58040,WRONG,4890,Rejected
9573,13041,Damaged,99999,Processed
9574,28339,,0,Processed
9575,82970,Wrong Item,0,Rejected
9576,9985,damaged,99999,PENDING
9577,27535,,4488,processed
9578,97728,Late Delivery,4101,Rejected
9579,49706,Late Delivery,1418,Pending
9580,91558,,2651,Rejected
9581,10318,Missing Item,4179,Rejected
9582,94435,damaged,-200,PENDING
9583,3608,WRONG,-200,processed
9584,81336,,1430,Pending
9585,62389,damaged,4415,Rejected
9586,92866,Late Delivery,2923,Rejected
9587,10160,Late Delivery,930,PENDING
9588,1252,Damaged,4582,Pending
9589,94840,Late Delivery,784,Processed
9590,78260,Late Delivery,-200,PENDING
9591,16553,,-200,processed
9592,34757,Wrong Item,99999,Processed
9593,19987,,4527,processed
9594,95503,Missing Item,0,Pending
9595,15321,,99999,PENDING
9596,77637,Missing Item,99999,Processed
9597,70567,Wrong Item,99999,Processed
9598,37103,Damaged,1813,Pending
9599,9832,Missing Item,378,Rejected
9600,81181,Wrong Item,0,Pending
9601,80651,Wrong Item,2386,PENDING
9602,48083,Wrong Item,0,processed
9603,76222,WRONG,2668,processed
9604,53032,damaged,99999,Processed
9605,55396,,-200,PENDING
9606,74294,Wrong Item,906,Pending
9607,66055,Missing Item,3269,processed
9608,34689,Wrong Item,-200,Processed
9609,36166,Wrong Item,99999,processed
9610,26251,Damaged,518,Pending
9611,50910,Missing Item,-200,PENDING
9612,12612,WRONG,2136,Pending
9613,31612,,0,Rejected
9614,57359,Missing Item,3901,PENDING
9615,11281,Damaged,99999,Rejected
9616,35444,Wrong Item,0,Rejected
9617,73180,Wrong Item,2814,PENDING
9618,56444,Damaged,-200,Pending
9619,98074,Missing Item,0,Pending
9620,63363,Damaged,1679,processed
9621,80381,Missing Item,860,PENDING
9622,45844,damaged,4722,Processed
9623,7428,,754,Pending
9624,68935,damaged,-200,Pending
9625,27143,,2668,Processed
9626,88631,Late Delivery,2990,Pending
9627,68365,Late Delivery,3684,Rejected
9628,4186,Late Delivery,-200,Processed
9629,27996,WRONG,-200,Processed
9630,88548,,0,Rejected
9631,98909,WRONG,3566,Pending
9632,93294,Damaged,0,Rejected
9633,69748,Wrong Item,4460,PENDING
9634,30099,damaged,765,Pending
9635,4573,Damaged,99999,Pending
9636,13921,Missing Item,104,Processed
9637,85975,Missing Item,4537,Pending
9638,30326,Late Delivery,-200,PENDING
9639,55994,,1312,Processed
9640,75100,Late Delivery,1978,Rejected
9641,81732,Wrong Item,99999,PENDING
9642,64714,Damaged,99999,Rejected
9643,82885,damaged,160,processed
9644,20471,Missing Item,1936,Rejected
9645,26613,Late Delivery,99999,processed
9646,98330,Missing Item,3156,processed
9647,26474,Missing Item,-200,Processed
9648,48121,damaged,3076,PENDING
9649,75836,Late Delivery,4398,PENDING
9650,18895,WRONG,0,PENDING
9651,31502,WRONG,0,processed
9652,1575,damaged,4714,Pending
9653,86668,Missing Item,4383,Processed
9654,40206,Late Delivery,1970,Pending
9655,53580,Late Delivery,3482,processed
9656,27281,Damaged,0,Pending
9657,67690,,0,processed
9658,89049,,99999,PENDING
9659,17367,,99999,Processed
9660,60670,WRONG,0,Processed
9661,79055,Late Delivery,99999,Rejected
9662,90998,damaged,1159,PENDING
9663,14991,Late Delivery,1233,Pending
9664,4153,Late Delivery,3123,PENDING
9665,76260,,-200,Pending
9666,57727,Wrong Item,3159,Pending
9667,4614,,0,processed
9668,63591,damaged,1745,Processed
9669,49805,Late Delivery,3637,Processed
9670,83052,Wrong Item,273,processed
9671,74640,damaged,4523,processed
9672,21200,Damaged,3927,Pending
9673,47817,Missing Item,99999,Rejected
9674,93211,Missing Item,4660,Rejected
9675,59819,Missing Item,3836,Pending
9676,27429,WRONG,99999,Processed
9677,27078,Damaged,0,Rejected
9678,68016,Late Delivery,3841,Rejected
9679,42267,Damaged,4218,Pending
9680,73693,Late Delivery,0,processed
9681,72919,WRONG,99999,Pending
9682,89906,damaged,99999,Processed
9683,42037,Damaged,-200,Rejected
9684,14804,Late Delivery,-200,Rejected
9685,92944,WRONG,1358,Pending
9686,29036,WRONG,3753,Pending
9687,35809,Late Delivery,-200,PENDING
9688,93172,Late Delivery,1922,Pending
9689,85519,,-200,processed
9690,2652,,-200,Pending
9691,18938,Missing Item,99999,Processed
9692,64053,damaged,99999,PENDING
9693,365,Missing Item,2976,Pending
9694,63730,WRONG,4604,Processed
9695,19883,,842,Pending
9696,86540,WRONG,4250,Processed
9697,7195,Damaged,3039,Pending
9698,27938,,0,PENDING
9699,22109,Wrong Item,1288,Processed
9700,75818,Missing Item,-200,Processed
9701,32546,Missing Item,0,Processed
9702,96844,Damaged,-200,Processed
9703,61395,,-200,Processed
9704,99290,Wrong Item,2802,Pending
9705,32206,Late Delivery,0,Rejected
9706,70687,damaged,4075,Rejected
9707,67115,Late Delivery,99999,Processed
9708,52747,Wrong Item,3452,Pending
9709,46843,Late Delivery,-200,Processed
9710,4742,,113,PENDING
9711,6198,Damaged,99999,processed
9712,9355,,3906,Rejected
9713,74542,Missing Item,2856,PENDING
9714,84001,WRONG,0,Rejected
9715,16045,Missing Item,99999,Rejected
9716,45567,Wrong Item,99999,Pending
9717,70247,,3745,Pending
9718,84608,,223,processed
9719,56367,Late Delivery,99999,Rejected
9720,35728,WRONG,0,PENDING
9721,56393,,-200,Rejected
9722,47315,Late Delivery,-200,Processed
9723,89261,Late Delivery,0,Rejected
9724,6270,,-200,PENDING
9725,91763,Damaged,3506,Rejected
9726,22751,Damaged,2364,Processed
9727,76711,Late Delivery,0,Rejected
9728,8533,WRONG,1085,Processed
9729,72156,Late Delivery,1836,Rejected
9730,25162,damaged,0,processed
9731,99527,,643,PENDING
9732,85923,damaged,-200,PENDING
9733,99046,Damaged,99999,processed
9734,50962,damaged,4245,Processed
9735,4599,WRONG,420,Pending
9736,40698,,0,processed
9737,22323,damaged,4634,Rejected
9738,4421,damaged,4149,Rejected
9739,10945,WRONG,99999,Processed
9740,81608,Damaged,-200,Pending
9741,8916,Missing Item,0,Processed
9742,65892,Missing Item,4421,Pending
9743,10864,damaged,1789,Pending
9744,44272,WRONG,1447,Rejected
9745,35945,Late Delivery,2427,processed
9746,29750,Missing Item,3474,Rejected
9747,45612,Missing Item,1616,Pending
9748,28964,damaged,4892,processed
9749,91197,,-200,Pending
9750,75926,,1658,Processed
9751,23530,Late Delivery,3221,Pending
9752,79380,WRONG,-200,PENDING
9753,40166,Wrong Item,-200,Rejected
9754,5512,Damaged,-200,PENDING
9755,48256,damaged,1556,Rejected
9756,18686,,0,Processed
9757,90493,Late Delivery,2632,Rejected
9758,87816,Late Delivery,-200,processed
9759,64007,Wrong Item,2613,PENDING
9760,99958,Wrong Item,99999,PENDING
9761,16481,damaged,-200,processed
9762,11313,,0,Rejected
9763,92624,Late Delivery,4168,PENDING
9764,56696,Missing Item,-200,Rejected
9765,71541,,-200,Rejected
9766,60431,Missing Item,4128,processed
9767,52093,,2641,Pending
9768,66204,,2214,processed
9769,51559,Late Delivery,3800,Pending
9770,37435,Missing Item,-200,Rejected
9771,54972,Missing Item,1093,processed
9772,61120,,1979,Pending
9773,34745,damaged,1734,PENDING
9774,93185,Late Delivery,4210,Rejected
9775,72455,Late Delivery,3342,PENDING
9776,93672,Wrong Item,2691,PENDING
9777,82397,WRONG,-200,Pending
9778,89231,Damaged,-200,Pending
9779,47728,Wrong Item,2029,PENDING
9780,6180,damaged,3554,processed
9781,65159,,-200,processed
9782,56394,damaged,1439,Processed
9783,14347,damaged,0,PENDING
9784,40500,Damaged,1028,Processed
9785,73991,,0,Rejected
9786,79150,WRONG,-200,PENDING
9787,82876,WRONG,3455,Processed
9788,88697,Wrong Item,594,Rejected
9789,68969,Wrong Item,2318,Processed
9790,52845,damaged,315,PENDING
9791,19237,WRONG,0,processed
9792,71029,Missing Item,1656,PENDING
9793,26368,Wrong Item,4731,processed
9794,12036,damaged,3736,processed
9795,98384,damaged,-200,Processed
9796,57363,Damaged,1246,processed
9797,67551,Wrong Item,4917,Rejected
9798,55038,damaged,99999,Rejected
9799,49833,damaged,277,Processed
9800,58262,damaged,0,Rejected
9801,82876,damaged,0,Rejected
9802,81268,,-200,PENDING
9803,6600,damaged,4223,PENDING
9804,19547,Late Delivery,196,Rejected
9805,71692,damaged,3275,Rejected
9806,4087,Wrong Item,0,PENDING
9807,50807,WRONG,0,Processed
9808,50167,Late Delivery,-200,Rejected
9809,77164,Damaged,99999,Rejected
9810,80708,WRONG,861,PENDING
9811,77388,Wrong Item,3191,Rejected
9812,78366,Damaged,99999,Processed
9813,19131,Missing Item,4812,PENDING
9814,25016,Late Delivery,99999,processed
9815,72895,Damaged,0,processed
9816,14678,damaged,1740,Processed
9817,10088,,2777,processed
9818,49106,Missing Item,99999,Processed
9819,10236,Damaged,-200,Rejected
9820,22910,Missing Item,99999,PENDING
9821,94083,,4103,Rejected
9822,15970,Damaged,99999,PENDING
9823,11160,Late Delivery,2722,Rejected
9824,57790,,-200,Processed
9825,73032,Missing Item,3882,PENDING
9826,80400,Late Delivery,99999,Pending
9827,22455,Wrong Item,2362,Rejected
9828,34521,WRONG,-200,Processed
9829,46421,Damaged,99999,Processed
9830,37952,,0,Processed
9831,35009,damaged,0,Pending
9832,91231,Late Delivery,0,Pending
9833,73038,Damaged,2365,processed
9834,13362,Wrong Item,0,Processed
9835,29507,Wrong Item,99999,Pending
9836,47296,Missing Item,4706,Pending
9837,99323,Missing Item,0,Pending
9838,79215,Damaged,895,processed
9839,20235,WRONG,2949,PENDING
9840,22448,WRONG,-200,PENDING
9841,79080,WRONG,2681,processed
9842,18041,,2055,processed
9843,12411,Damaged,-200,Processed
9844,53665,Damaged,2768,Processed
9845,59744,Late Delivery,99999,PENDING
9846,53181,Wrong Item,0,Pending
9847,17070,WRONG,1772,PENDING
9848,72854,Wrong Item,1973,Pending
9849,52858,Damaged,4704,Pending
9850,81978,damaged,99999,PENDING
9851,24080,damaged,1441,PENDING
9852,32504,Missing Item,120,Pending
9853,71242,Wrong Item,2021,processed
9854,49447,Damaged,2283,Pending
9855,67292,,3109,Rejected
9856,6456,WRONG,2575,processed
9857,84899,damaged,0,processed
9858,23757,Damaged,3873,processed
9859,95566,Wrong Item,0,Pending
9860,99891,Wrong Item,886,Rejected
9861,50614,Damaged,808,Processed
9862,14188,Missing Item,2608,PENDING
9863,85486,Damaged,1061,PENDING
9864,60477,Late Delivery,1002,Pending
9865,60835,Late Delivery,2055,Rejected
9866,30732,damaged,-200,Processed
9867,91743,damaged,99999,Pending
9868,94564,damaged,2919,processed
9869,89467,Missing Item,-200,Pending
9870,2799,Damaged,4332,Pending
9871,47873,Damaged,4280,PENDING
9872,41510,Damaged,0,processed
9873,41349,Late Delivery,4913,Processed
9874,80027,WRONG,3507,Rejected
9875,40105,damaged,99999,PENDING
9876,9041,Missing Item,-200,Pending
9877,12725,Missing Item,2608,PENDING
9878,99438,,0,Rejected
9879,99402,Damaged,99999,Processed
9880,53882,Late Delivery,99999,processed
9881,40188,Late Delivery,0,Processed
9882,59149,,4877,Rejected
9883,96108,Late Delivery,-200,Processed
9884,19070,Late Delivery,99999,Processed
9885,17178,Late Delivery,0,Rejected
9886,90274,Missing Item,2195,PENDING
9887,16684,Late Delivery,2532,PENDING
9888,38358,Wrong Item,-200,Pending
9889,7138,,-200,Processed
9890,78554,Late Delivery,0,Processed
9891,65016,Late Delivery,3967,Rejected
9892,57548,Wrong Item,0,processed
9893,67472,WRONG,0,Rejected
9894,7038,Damaged,481,Pending
9895,97836,Damaged,3251,Processed
9896,45637,Missing Item,99999,Rejected
9897,28678,,-200,Processed
9898,8409,Late Delivery,-200,Pending
9899,141,Wrong Item,-200,Rejected
9900,19198,damaged,-200,PENDING
9901,23896,,3565,processed
9902,42429,Missing Item,-200,PENDING
9903,74106,Late Delivery,99999,Rejected
9904,82199,Late Delivery,150,processed
9905,70052,Damaged,716,Rejected
9906,11809,,2656,Pending
9907,22962,damaged,858,processed
9908,41193,Wrong Item,-200,Pending
9909,86528,WRONG,3183,Pending
9910,12633,Missing Item,99999,Rejected
9911,64932,Late Delivery,0,Rejected
9912,66440,Missing Item,3569,Processed
9913,24118,Late Delivery,-200,Pending
9914,90541,,99999,Pending
9915,749,Missing Item,4606,Processed
9916,87674,damaged,776,Rejected
9917,49385,Late Delivery,99999,processed
9918,45514,Missing Item,936,processed
9919,16811,Missing Item,4683,Pending
9920,50624,WRONG,-200,processed
9921,16086,damaged,0,PENDING
9922,36841,WRONG,99999,Pending
9923,9527,,4738,processed
9924,36362,Damaged,3659,Pending
9925,99677,Wrong Item,737,processed
9926,2563,Late Delivery,2264,PENDING
9927,27177,WRONG,0,Processed
9928,5333,Missing Item,-200,processed
9929,74840,damaged,-200,Processed
9930,49100,Late Delivery,99999,PENDING
9931,79146,Wrong Item,686,Processed
9932,82731,WRONG,-200,Rejected
9933,74231,Wrong Item,99999,processed
9934,26833,Damaged,4586,processed
9935,83266,Wrong Item,-200,Rejected
9936,24255,Damaged,1403,PENDING
9937,76925,WRONG,0,Rejected
9938,5458,damaged,270,PENDING
9939,6966,WRONG,2652,processed
9940,92864,Missing Item,2895,PENDING
9941,86700,Missing Item,99999,Rejected
9942,36322,Damaged,0,Processed
9943,40844,Late Delivery,0,Rejected
9944,48256,damaged,4095,processed
9945,71602,WRONG,3155,Processed
9946,16059,Wrong Item,1595,PENDING
9947,37149,Missing Item,1176,Rejected
9948,500,,99999,Pending
9949,97884,WRONG,99999,processed
9950,84087,WRONG,-200,processed
9951,308,Damaged,-200,Processed
9952,28170,Wrong Item,2975,Pending
9953,38264,Missing Item,0,Pending
9954,86347,WRONG,2272,Pending
9955,35867,WRONG,4568,Processed
9956,51463,,3949,processed
9957,70624,Missing Item,773,Pending
9958,70108,WRONG,988,processed
9959,68988,Missing Item,4981,Rejected
9960,47595,Damaged,2625,Pending
9961,91858,Late Delivery,256,PENDING
9962,28600,Damaged,0,Pending
9963,57801,WRONG,99999,Rejected
9964,26093,,4876,processed
9965,29596,Damaged,2928,PENDING
9966,91413,,3374,Processed
9967,75465,damaged,0,Processed
9968,33750,Late Delivery,2418,processed
9969,84389,damaged,2501,Processed
9970,41504,damaged,99999,Processed
9971,63238,,0,Processed
9972,66462,Damaged,623,Pending
9973,93358,,1199,Rejected
9974,24987,Missing Item,99999,PENDING
9975,24544,WRONG,3806,Rejected
9976,62455,damaged,3465,Rejected
9977,76150,damaged,99999,PENDING
9978,21610,Damaged,4871,Processed
9979,55535,Missing Item,3382,Rejected
9980,7981,WRONG,99999,PENDING
9981,56894,Late Delivery,3040,Rejected
9982,90523,Missing Item,4203,Rejected
9983,56048,,0,Rejected
9984,23534,Late Delivery,-200,Pending
9985,90255,Late Delivery,1391,Pending
9986,25248,Late Delivery,4245,Processed
9987,12311,Damaged,0,Rejected
9988,39987,,726,PENDING
9989,62727,damaged,0,processed
9990,81069,Wrong Item,1715,Pending
9991,53702,,99999,processed
9992,52181,Wrong Item,99999,Rejected
9993,66099,Late Delivery,2213,processed
9994,91939,damaged,1880,Rejected
9995,38980,Damaged,-200,Processed
9996,26456,WRONG,99999,processed
9997,48007,Damaged,1613,PENDING
9998,11234,,1522,Processed
9999,30479,Damaged,-200,Processed
10000,96400,Damaged,1761,Rejected
10001,48884,Damaged,0,Processed
10002,92202,Wrong Item,3136,processed
10003,51958,Late Delivery,-200,PENDING
10004,37077,Late Delivery,99999,processed
10005,93061,WRONG,945,PENDING
10006,88061,Missing Item,2547,processed
10007,10462,Damaged,3254,Processed
10008,35637,,-200,PENDING
10009,33479,Wrong Item,2042,Pending
10010,61843,,0,Rejected
10011,24656,WRONG,0,PENDING
10012,53987,,0,Pending
10013,57613,Wrong Item,99999,processed
10014,20911,Late Delivery,2875,Rejected
10015,83818,WRONG,4717,Processed
10016,14666,WRONG,99999,Pending
10017,68956,Damaged,-200,PENDING
10018,5121,WRONG,2189,processed
10019,62428,Late Delivery,413,PENDING
10020,97881,Damaged,99999,Pending
10021,73791,Wrong Item,99999,PENDING
10022,57137,Missing Item,1105,Pending
10023,76740,,3253,Processed
10024,36596,Missing Item,-200,Pending
10025,4530,Damaged,0,Pending
10026,60479,Damaged,0,processed
10027,14560,WRONG,3338,Pending
10028,9020,Missing Item,99999,processed
10029,28214,,2454,Pending
10030,12538,damaged,-200,PENDING
10031,78509,,0,PENDING
10032,14114,Damaged,1160,processed
10033,30585,damaged,-200,processed
10034,37799,,3051,processed
10035,63734,damaged,0,Pending
10036,52301,damaged,2465,processed
10037,64912,Late Delivery,99999,Rejected
10038,71077,,99999,Rejected
10039,35857,,0,processed
10040,14067,Damaged,-200,PENDING
10041,43395,Damaged,2540,PENDING
10042,80328,WRONG,99999,Processed
10043,40955,Missing Item,99999,Rejected
10044,26614,Wrong Item,841,Pending
10045,2915,Late Delivery,0,Rejected
10046,38982,WRONG,0,Processed
10047,30265,damaged,3969,processed
10048,41465,damaged,99999,processed
10049,80882,Missing Item,1836,PENDING
10050,7610,WRONG,571,Pending
10051,38177,Late Delivery,371,Pending
10052,45706,Missing Item,187,processed
10053,24427,,-200,Rejected
10054,93180,,0,PENDING
10055,44704,Wrong Item,99999,PENDING
10056,48479,WRONG,99999,Processed
10057,56495,,0,PENDING
10058,49787,WRONG,3600,PENDING
10059,19403,Late Delivery,0,processed
10060,3320,Missing Item,0,Pending
10061,66133,WRONG,-200,PENDING
10062,56847,WRONG,0,Rejected
10063,77180,damaged,0,processed
10064,92759,Late Delivery,99999,Processed
10065,22833,Damaged,3132,processed
10066,52689,Missing Item,99999,Rejected
10067,62044,Damaged,0,PENDING
10068,44809,Late Delivery,0,Rejected
10069,46429,Late Delivery,-200,Processed
10070,42441,,4199,Pending
10071,25795,Late Delivery,2339,Processed
10072,80397,Missing Item,4103,Rejected
10073,90787,Damaged,99999,Rejected
10074,3376,WRONG,-200,Pending
10075,23747,Missing Item,0,Rejected
10076,55682,WRONG,4269,PENDING
10077,81180,,2849,Pending
10078,18190,,0,Rejected
10079,48068,Missing Item,2332,Pending
10080,4495,,336,processed
10081,72346,WRONG,792,Processed
10082,47222,Missing Item,99999,PENDING
10083,45873,,4115,PENDING
10084,14483,Wrong Item,0,Pending
10085,12224,damaged,99999,processed
10086,29354,Damaged,0,processed
10087,77396,Damaged,496,processed
10088,15287,,-200,Pending
10089,15853,Late Delivery,-200,Rejected
10090,44610,Missing Item,-200,processed
10091,73570,WRONG,0,PENDING
10092,5329,WRONG,0,Rejected
10093,94132,,1990,Processed
10094,30200,Damaged,-200,Pending
10095,98481,WRONG,0,PENDING
10096,20875,WRONG,2043,processed
10097,93689,Late Delivery,-200,Rejected
10098,70001,Late Delivery,4024,processed
10099,58464,Late Delivery,0,Processed
10100,64272,Wrong Item,1442,Processed
10101,15878,Missing Item,658,processed
10102,57743,WRONG,3866,Processed
10103,96464,damaged,1534,PENDING
10104,28530,damaged,99999,Rejected
10105,32209,Wrong Item,99999,Pending
10106,73263,,99999,PENDING
10107,33128,Late Delivery,653,processed
10108,3491,Missing Item,-200,processed
10109,27530,Missing Item,2479,Processed
10110,11768,Missing Item,99999,Processed
10111,56685,WRONG,3393,Processed
10112,80557,damaged,0,Pending
10113,37341,Missing Item,0,processed
10114,11467,Late Delivery,3880,PENDING
10115,81533,WRONG,3203,Rejected
10116,76225,WRONG,0,Rejected
10117,6859,WRONG,99999,PENDING
10118,61738,Late Delivery,-200,Processed
10119,96057,Damaged,4158,PENDING
10120,10766,WRONG,509,Processed
10121,53106,Wrong Item,-200,PENDING
10122,22247,,4408,PENDING
10123,87533,damaged,0,processed
10124,60544,Wrong Item,99999,Processed
10125,85392,WRONG,333,Processed
10126,57583,WRONG,4498,PENDING
10127,14076,Damaged,0,Rejected
10128,43368,,-200,Pending
10129,44835,,-200,processed
10130,39540,,1316,Rejected
10131,70902,Missing Item,99999,Rejected
10132,12398,Damaged,1026,Pending
10133,57386,Missing Item,-200,Pending
10134,25423,WRONG,0,Pending
10135,25121,Late Delivery,99999,processed
10136,21348,damaged,-200,Processed
10137,15512,,0,PENDING
10138,77330,Missing Item,-200,Rejected
10139,21191,damaged,-200,processed
10140,80304,,353,processed
10141,35999,damaged,-200,Rejected
10142,14962,Wrong Item,3338,Rejected
10143,73236,Missing Item,2431,Pending
10144,11338,damaged,99999,processed
10145,10505,,0,processed
10146,50370,Wrong Item,99999,processed
10147,54507,Missing Item,-200,PENDING
10148,85859,Late Delivery,4508,PENDING
10149,93488,damaged,-200,processed
10150,79382,Missing Item,4495,Rejected
10151,29222,Damaged,-200,Processed
10152,71314,Late Delivery,99999,processed
10153,41601,damaged,99999,Pending
10154,8423,Missing Item,0,processed
10155,11355,damaged,99999,PENDING
10156,97344,Wrong Item,590,PENDING
10157,4949,Damaged,555,Processed
10158,30506,Missing Item,3531,Rejected
10159,79600,Late Delivery,0,Pending
10160,92995,Damaged,99999,Pending
10161,97279,damaged,1997,Rejected
10162,91862,Missing Item,0,Pending
10163,71432,damaged,1297,Rejected
10164,24112,,99999,processed
10165,33170,WRONG,0,PENDING
10166,35843,Missing Item,-200,Rejected
10167,64494,damaged,3983,PENDING
10168,6425,Wrong Item,3592,Processed
10169,98303,Missing Item,99999,PENDING
10170,6280,Missing Item,0,PENDING
10171,53485,Missing Item,0,Rejected
10172,15389,Missing Item,99999,processed
10173,84098,Late Delivery,-200,processed
10174,804,,966,processed
10175,85607,damaged,99999,Rejected
10176,36205,Wrong Item,99999,Pending
10177,84879,Wrong Item,-200,Pending
10178,18480,Damaged,812,Pending
10179,68839,,848,processed
10180,48443,Wrong Item,1782,Processed
10181,64339,Wrong Item,0,Pending
10182,38617,,4938,Rejected
10183,40305,Damaged,-200,processed
10184,15727,Missing Item,1060,Pending
10185,19514,Late Delivery,3479,PENDING
10186,77829,Late Delivery,1823,processed
10187,42138,damaged,99999,Processed
10188,51050,damaged,99999,Rejected
10189,30558,Late Delivery,1624,Processed
10190,37036,WRONG,1282,PENDING
10191,97783,,-200,PENDING
10192,56581,,0,Pending
10193,93008,,4694,PENDING
10194,57713,Missing Item,0,Rejected
10195,42793,damaged,4385,Processed
10196,26055,damaged,2390,processed
10197,59776,,2110,Processed
10198,9443,,1312,Rejected
10199,65283,WRONG,-200,PENDING
10200,42163,Late Delivery,0,Processed
10201,36412,Late Delivery,3490,Pending
10202,97408,Wrong Item,0,PENDING
10203,73750,damaged,2186,processed
10204,59096,Late Delivery,99999,Rejected
10205,60921,damaged,-200,PENDING
10206,90891,,1122,Processed
10207,57894,damaged,3719,PENDING
10208,6138,WRONG,-200,Processed
10209,6073,Late Delivery,99999,Pending
10210,37437,,99999,Rejected
10211,38176,Wrong Item,0,processed
10212,72659,Damaged,3907,PENDING
10213,47285,Wrong Item,1073,PENDING
10214,83295,,99999,PENDING
10215,90661,damaged,0,processed
10216,74468,Wrong Item,99999,Rejected
10217,35527,WRONG,99999,Pending
10218,26758,Wrong Item,-200,PENDING
10219,65459,WRONG,-200,Processed
10220,72840,WRONG,0,PENDING
10221,10329,Late Delivery,-200,Rejected
10222,96068,damaged,99999,processed
10223,3576,Damaged,1622,Pending
10224,74511,,462,processed
10225,32188,Damaged,0,Pending
10226,58465,Damaged,2551,Rejected
10227,88843,WRONG,0,PENDING
10228,87631,,-200,Rejected
10229,63009,Missing Item,3259,Rejected
10230,72415,WRONG,-200,PENDING
10231,45576,,-200,Rejected
10232,74119,Damaged,-200,Rejected
10233,69494,damaged,-200,Processed
10234,97442,,-200,processed
10235,12159,Wrong Item,2126,Processed
10236,91948,Late Delivery,2822,processed
10237,99144,damaged,2026,Rejected
10238,82067,Missing Item,-200,Processed
10239,949,,3944,Pending
10240,2062,Damaged,1246,processed
10241,54793,Missing Item,2238,processed
10242,66263,Damaged,562,Pending
10243,40108,Late Delivery,3279,Processed
10244,18797,Wrong Item,-200,Pending
10245,30281,Late Delivery,0,processed
10246,29183,Late Delivery,-200,processed
10247,73837,Late Delivery,99999,PENDING
10248,69286,damaged,4645,PENDING
10249,7043,Missing Item,99999,PENDING
10250,80463,WRONG,-200,processed
10251,92429,Damaged,2699,Processed
10252,20961,Wrong Item,4196,Rejected
10253,87668,Missing Item,3780,Processed
10254,75321,,2915,processed
10255,90764,Damaged,0,Rejected
10256,99488,WRONG,-200,Pending
10257,4252,damaged,-200,PENDING
10258,15526,Missing Item,99999,processed
10259,11931,Wrong Item,4926,Rejected
10260,63358,damaged,4010,Processed
10261,67077,Damaged,2786,Processed
10262,55716,WRONG,2452,Rejected
10263,82476,WRONG,0,Pending
10264,85463,Missing Item,4018,Pending
10265,11854,,3169,PENDING
10266,18591,Damaged,-200,Rejected
10267,49143,Late Delivery,296,Rejected
10268,99180,,1032,processed
10269,51113,Wrong Item,99999,processed
10270,26398,Wrong Item,2567,processed
10271,56881,WRONG,-200,PENDING
10272,5078,,-200,Processed
10273,97342,Missing Item,2726,PENDING
10274,50575,,978,Pending
10275,5839,Damaged,0,Pending
10276,13808,WRONG,741,Processed
10277,81734,Missing Item,-200,processed
10278,32318,damaged,-200,Rejected
10279,11003,Wrong Item,3003,Pending
10280,25297,Wrong Item,2956,Pending
10281,45258,WRONG,3184,PENDING
10282,64854,Late Delivery,0,Pending
10283,5150,Damaged,1059,Rejected
10284,42703,Missing Item,-200,PENDING
10285,3308,WRONG,-200,Processed
10286,49545,damaged,0,Processed
10287,20630,Late Delivery,3855,processed
10288,85742,WRONG,99999,PENDING
10289,27311,damaged,2798,Pending
10290,54620,Late Delivery,1720,PENDING
10291,58951,Damaged,1360,Pending
10292,11797,WRONG,1691,Pending
10293,59851,Missing Item,2608,Pending
10294,92503,WRONG,2666,Processed
10295,73216,damaged,526,Pending
10296,60844,Late Delivery,0,processed
10297,30945,Damaged,2978,Rejected
10298,10105,WRONG,4062,Processed
10299,93363,Missing Item,2647,Pending
10300,26478,Missing Item,0,Pending
10301,95815,Damaged,4375,Pending
10302,7388,damaged,1812,processed
10303,51910,Damaged,0,Processed
10304,2961,Damaged,99999,PENDING
10305,51426,damaged,0,Rejected
10306,14328,Damaged,642,Processed
10307,96794,Damaged,2569,Pending
10308,45473,Damaged,99999,Pending
10309,53619,Late Delivery,3121,PENDING
10310,45055,Wrong Item,0,processed
10311,87355,damaged,-200,processed
10312,6089,WRONG,99999,Processed
10313,40584,Wrong Item,4904,Pending
10314,26344,Damaged,0,Processed
10315,17944,,552,processed
10316,45176,Damaged,2126,PENDING
10317,65039,Missing Item,1073,processed
10318,68371,Damaged,0,Processed
10319,79376,,99999,Pending
10320,41933,,0,Pending
10321,43795,Wrong Item,99999,Rejected
10322,28244,Late Delivery,99999,Pending
10323,5945,,99999,Rejected
10324,47190,Missing Item,99999,processed
10325,73865,Missing Item,99999,Pending
10326,98952,WRONG,4000,PENDING
10327,70178,Missing Item,-200,processed
10328,54918,Missing Item,-200,processed
10329,104,damaged,0,Processed
10330,15039,Damaged,0,Rejected
10331,54946,WRONG,3077,PENDING
10332,69912,Late Delivery,654,PENDING
10333,67374,,99999,PENDING
10334,67390,Missing Item,0,Rejected
10335,19657,Wrong Item,1490,Processed
10336,43603,,-200,Pending
10337,30051,WRONG,99999,PENDING
10338,70073,damaged,1423,Pending
10339,53541,,3815,Pending
10340,47908,Missing Item,2985,processed
10341,91012,,2423,Pending
10342,15850,,0,Processed
10343,16945,WRONG,-200,Processed
10344,17907,damaged,4108,PENDING
10345,30530,Missing Item,3664,Pending
10346,27601,Late Delivery,3231,Pending
10347,36445,WRONG,-200,processed
10348,54684,,99999,Processed
10349,36550,Wrong Item,-200,PENDING
10350,32969,Wrong Item,2827,PENDING
10351,12100,Late Delivery,99999,PENDING
10352,99674,Missing Item,1296,PENDING
10353,61240,,2368,PENDING
10354,83891,damaged,2258,PENDING
10355,20037,damaged,-200,processed
10356,59686,,0,Pending
10357,53160,Missing Item,1256,Rejected
10358,84577,damaged,1604,processed
10359,78673,Missing Item,0,Pending
10360,34358,,0,Processed
10361,42458,damaged,898,Processed
10362,25747,Missing Item,99999,Pending
10363,12636,Late Delivery,-200,Processed
10364,96172,Damaged,99999,Pending
10365,24914,,2898,Processed
10366,6726,damaged,1250,Rejected
10367,5237,damaged,99999,Processed
10368,17484,,99999,processed
10369,87046,damaged,-200,Rejected
10370,45215,Missing Item,99999,PENDING
10371,77912,Missing Item,3923,Rejected
10372,99659,Damaged,99999,Rejected
10373,46412,,-200,processed
10374,46516,Late Delivery,2184,Processed
10375,6170,Damaged,0,Processed
10376,58041,,-200,processed
10377,66949,Late Delivery,2763,processed
10378,39152,Late Delivery,1693,Processed
10379,716,Damaged,0,Rejected
10380,6452,Late Delivery,3697,PENDING
10381,92109,damaged,-200,processed
10382,26749,,99999,Rejected
10383,10870,,3786,Pending
10384,84739,Wrong Item,1289,Processed
10385,52561,Damaged,99999,PENDING
10386,39496,damaged,-200,processed
10387,72655,Wrong Item,4175,Pending
10388,2427,WRONG,2762,PENDING
10389,78290,,2445,Processed
10390,42572,damaged,0,Pending
10391,99529,damaged,99999,Rejected
10392,34567,Late Delivery,0,PENDING
10393,63308,WRONG,-200,PENDING
10394,88334,Late Delivery,1776,Processed
10395,34735,Damaged,1243,Rejected
10396,98181,WRONG,0,processed
10397,43658,Missing Item,0,processed
10398,23480,damaged,2846,PENDING
10399,33933,Missing Item,0,PENDING
10400,18420,Damaged,3286,Processed
10401,60230,Missing Item,0,Processed
10402,34831,WRONG,3638,Processed
10403,15085,Damaged,217,Rejected
10404,17784,Wrong Item,-200,Rejected
10405,57462,WRONG,2171,processed
10406,25771,Late Delivery,99999,PENDING
10407,28340,,243,PENDING
10408,59145,Missing Item,424,PENDING
10409,88901,Missing Item,1712,PENDING
10410,24841,,0,Pending
10411,4250,damaged,-200,processed
10412,83762,,2191,Pending
10413,7408,Wrong Item,0,Pending
10414,96072,Late Delivery,3987,Rejected
10415,27386,Missing Item,4173,Processed
10416,79413,Damaged,0,Pending
10417,86385,Missing Item,0,Rejected
10418,97132,Wrong Item,3269,Rejected
10419,64398,WRONG,2124,processed
10420,66400,Missing Item,1757,Rejected
10421,82964,Wrong Item,1832,Processed
10422,17266,Wrong Item,0,Rejected
10423,3033,,99999,Processed
10424,80393,,4515,Pending
10425,1790,Wrong Item,0,PENDING
10426,84062,WRONG,99999,Rejected
10427,4482,Damaged,3842,Rejected
10428,64261,Late Delivery,2861,PENDING
10429,67093,Damaged,2572,PENDING
10430,39263,Missing Item,-200,processed
10431,67711,Damaged,414,processed
10432,13315,damaged,99999,Pending
10433,30317,Late Delivery,0,PENDING
10434,56688,damaged,-200,processed
10435,24178,Late Delivery,3010,processed
10436,32695,,1657,Processed
10437,98890,damaged,99999,Processed
10438,59319,,4575,PENDING
10439,48484,WRONG,99999,processed
10440,74415,Missing Item,99999,processed
10441,56571,WRONG,-200,PENDING
10442,48006,Late Delivery,2590,Rejected
10443,89607,Damaged,-200,Processed
10444,28904,damaged,613,Processed
10445,83593,damaged,0,Processed
10446,10358,Missing Item,99999,PENDING
10447,68830,Wrong Item,0,processed
10448,54969,Missing Item,1774,processed
10449,88823,Missing Item,3393,Pending
10450,69037,damaged,0,Pending
10451,58707,WRONG,534,Processed
10452,37074,Damaged,-200,Pending
10453,56781,Late Delivery,1202,PENDING
10454,64647,Damaged,-200,Rejected
10455,88179,Late Delivery,-200,PENDING
10456,39209,Wrong Item,99999,Pending
10457,3861,damaged,3159,Processed
10458,74752,,-200,Processed
10459,85213,Wrong Item,-200,processed
10460,15722,damaged,1734,Processed
10461,2449,Late Delivery,0,processed
10462,29089,Missing Item,1369,Rejected
10463,34953,Wrong Item,1575,Rejected
10464,13823,,2623,Pending
10465,75880,WRONG,99999,PENDING
10466,67919,Late Delivery,99999,processed
10467,50033,Missing Item,-200,processed
10468,86026,WRONG,3320,Processed
10469,78462,Wrong Item,99999,Processed
10470,36560,Late Delivery,2012,Rejected
10471,15648,Late Delivery,0,Rejected
10472,93990,,4628,Rejected
10473,2898,Late Delivery,1703,processed
10474,96379,Wrong Item,0,Rejected
10475,45130,,2268,processed
10476,75511,damaged,-200,Rejected
10477,12139,damaged,0,Pending
10478,32500,Wrong Item,902,Pending
10479,97412,damaged,4956,Rejected
10480,54153,Wrong Item,1366,Processed
10481,50498,Missing Item,-200,Rejected
10482,95743,,-200,Processed
10483,65214,Wrong Item,868,Processed
10484,8795,Late Delivery,-200,Rejected
10485,16843,Late Delivery,99999,processed
10486,29705,Late Delivery,3702,Processed
10487,28178,Damaged,0,Rejected
10488,60833,damaged,99999,Processed
10489,61312,Wrong Item,4383,processed
10490,62492,Wrong Item,2123,Processed
10491,71425,Damaged,2596,Pending
10492,29947,,99999,Pending
10493,69496,Damaged,-200,Pending
10494,75637,,99999,Pending
10495,3204,WRONG,99999,Processed
10496,84330,Damaged,2012,Pending
10497,11850,Late Delivery,0,PENDING
10498,29520,Wrong Item,2714,Pending
10499,69539,damaged,596,Pending
10500,72777,,99999,Pending
10501,2040,Late Delivery,3886,processed
10502,35335,Wrong Item,1501,Rejected
10503,73536,Damaged,99999,processed
10504,26087,damaged,2324,Pending
10505,19107,Late Delivery,0,PENDING
10506,43519,Missing Item,4049,Pending
10507,59392,damaged,99999,Rejected
10508,62166,Wrong Item,0,Rejected
10509,76139,Late Delivery,-200,PENDING
10510,55279,Missing Item,2685,Rejected
10511,79767,Wrong Item,0,Rejected
10512,48415,Damaged,2628,processed
10513,4964,Damaged,3391,Pending
10514,82794,WRONG,2913,Rejected
10515,64950,,99999,PENDING
10516,95024,damaged,99999,PENDING
10517,97084,Late Delivery,99999,Processed
10518,62480,,1466,PENDING
10519,71646,damaged,0,Rejected
10520,667,damaged,999,Rejected
10521,55524,Missing Item,4267,Pending
10522,55352,Missing Item,3689,PENDING
10523,13380,Wrong Item,0,processed
10524,77300,Wrong Item,4123,Rejected
10525,19240,,928,Rejected
10526,61565,,-200,Processed
10527,31267,Damaged,0,Processed
10528,13479,Wrong Item,583,Pending
10529,71877,damaged,3229,PENDING
10530,60824,Missing Item,99999,Pending
10531,20691,Late Delivery,0,Pending
10532,52586,Wrong Item,-200,Pending
10533,67939,damaged,451,PENDING
10534,65743,WRONG,99999,Rejected
10535,60671,damaged,0,Rejected
10536,9442,Wrong Item,99999,PENDING
10537,60434,WRONG,165,Rejected
10538,95652,WRONG,99999,Rejected
10539,29766,Missing Item,3169,PENDING
10540,47424,damaged,0,Pending
10541,6461,Late Delivery,0,Pending
10542,44379,Wrong Item,0,processed
10543,20207,,-200,processed
10544,32616,,3180,Processed
10545,13484,WRONG,1358,Processed
10546,83233,,0,Processed
10547,75262,Wrong Item,4044,Rejected
10548,51603,Wrong Item,3960,processed
10549,75936,WRONG,-200,Processed
10550,84080,Wrong Item,-200,processed
10551,30432,,0,PENDING
10552,98203,damaged,1984,Pending
10553,3268,damaged,99999,PENDING
10554,49459,damaged,4463,PENDING
10555,52924,Damaged,99999,processed
10556,45221,Missing Item,99999,processed
10557,13612,Missing Item,-200,Rejected
10558,22223,Late Delivery,2384,Rejected
10559,50038,Wrong Item,0,Rejected
10560,81822,Missing Item,1044,Pending
10561,50781,Missing Item,0,PENDING
10562,38415,Wrong Item,0,Pending
10563,6781,damaged,0,PENDING
10564,71802,WRONG,1445,Pending
10565,82555,Missing Item,4940,Pending
10566,79330,Wrong Item,4426,Processed
10567,21996,,-200,Pending
10568,22292,Late Delivery,2996,Rejected
10569,93399,Wrong Item,99999,Pending
10570,6260,Missing Item,802,processed
10571,41218,Damaged,3772,processed
10572,29331,Damaged,2821,Pending
10573,80504,Wrong Item,924,Rejected
10574,57143,,2860,Pending
10575,85744,,-200,Pending
10576,50357,damaged,930,Pending
10577,12300,WRONG,99999,Rejected
10578,29128,WRONG,-200,Pending
10579,89211,Missing Item,0,processed
10580,18473,damaged,0,Rejected
10581,92727,WRONG,3152,Rejected
10582,70523,damaged,99999,PENDING
10583,62721,Missing Item,-200,PENDING
10584,97952,Missing Item,3661,processed
10585,25547,Wrong Item,0,processed
10586,74982,,3262,PENDING
10587,56398,Late Delivery,99999,Rejected
10588,16442,Damaged,3961,PENDING
10589,88015,Late Delivery,-200,Pending
10590,1919,damaged,0,Processed
10591,28258,,4802,Rejected
10592,49195,Damaged,99999,Rejected
10593,83610,WRONG,3848,PENDING
10594,67985,WRONG,104,Rejected
10595,62503,Late Delivery,-200,Processed
10596,68038,Late Delivery,1948,Processed
10597,24839,Late Delivery,99999,Pending
10598,46222,WRONG,99999,Pending
10599,35186,Wrong Item,-200,Processed
10600,16984,WRONG,0,processed
10601,25096,damaged,0,Rejected
10602,6502,Damaged,985,PENDING
10603,95109,damaged,-200,Pending
10604,15731,Wrong Item,0,Processed
10605,52724,Late Delivery,3252,Processed
10606,4810,damaged,1922,processed
10607,64959,WRONG,1822,PENDING
10608,25715,,99999,processed
10609,92330,WRONG,4073,PENDING
10610,8302,Damaged,473,Rejected
10611,60320,WRONG,0,Pending
10612,1841,Late Delivery,0,Pending
10613,42738,Wrong Item,99999,Rejected
10614,26893,damaged,0,Pending
10615,29215,damaged,-200,Rejected
10616,36535,Late Delivery,4611,Processed
10617,71709,WRONG,-200,PENDING
10618,98843,WRONG,0,Processed
10619,42468,Missing Item,4382,processed
10620,13024,damaged,-200,processed
10621,21368,Wrong Item,1353,processed
10622,54628,Damaged,909,Rejected
10623,56986,Missing Item,2877,Rejected
10624,95992,Damaged,2016,Pending
10625,13157,WRONG,2306,Rejected
10626,10550,Missing Item,0,Pending
10627,9789,Missing Item,1639,processed
10628,33984,Damaged,4188,PENDING
10629,39015,damaged,-200,PENDING
10630,94890,Late Delivery,0,PENDING
10631,50039,Missing Item,1591,PENDING
10632,99043,Late Delivery,2605,Processed
10633,16980,damaged,99999,Pending
10634,89456,Wrong Item,99999,Pending
10635,10682,Wrong Item,1211,Processed
10636,25064,damaged,-200,processed
10637,90385,Late Delivery,99999,Pending
10638,14373,,-200,processed
10639,22633,Wrong Item,0,processed
10640,42112,Late Delivery,0,Pending
10641,34772,Wrong Item,-200,Rejected
10642,4607,,99999,processed
10643,60201,Late Delivery,3289,Processed
10644,39883,Late Delivery,1750,Processed
10645,11810,WRONG,2926,Pending
10646,16817,Late Delivery,99999,processed
10647,61936,Missing Item,2375,Rejected
10648,75278,Missing Item,4471,Rejected
10649,12402,Damaged,4826,PENDING
10650,45177,Late Delivery,0,Rejected
10651,94470,Wrong Item,3485,processed
10652,82882,WRONG,99999,Rejected
10653,85973,Damaged,-200,Processed
10654,80906,damaged,3291,processed
10655,110,Damaged,0,Pending
10656,67362,Late Delivery,4008,Rejected
10657,91764,damaged,1051,Pending
10658,50850,Missing Item,-200,PENDING
10659,30996,Damaged,99999,processed
10660,54948,Damaged,99999,Processed
10661,61599,WRONG,4506,PENDING
10662,81692,Late Delivery,-200,Rejected
10663,79826,Wrong Item,2465,Processed
10664,16626,,3782,processed
10665,41783,Wrong Item,4679,PENDING
10666,59209,WRONG,0,Rejected
10667,84462,Late Delivery,2975,Processed
10668,86154,Wrong Item,4934,Pending
10669,80286,Late Delivery,2981,PENDING
10670,40077,,2367,Pending
10671,93310,Missing Item,2597,Processed
10672,64485,WRONG,2839,Rejected
10673,84410,Wrong Item,4539,Processed
10674,95987,WRONG,0,Rejected
10675,54889,,969,Rejected
10676,35563,Missing Item,3281,Processed
10677,49413,Wrong Item,99999,Processed
10678,74094,Damaged,99999,processed
10679,4525,damaged,0,Pending
10680,45324,Late Delivery,140,processed
10681,1,Wrong Item,2435,processed
10682,72653,WRONG,0,Rejected
10683,33839,WRONG,3163,PENDING
10684,1901,WRONG,-200,processed
10685,40656,Wrong Item,-200,Rejected
10686,40046,damaged,99999,processed
10687,88941,,4445,Rejected
10688,71934,Missing Item,1414,PENDING
10689,20933,damaged,99999,Processed
10690,79565,Damaged,99999,PENDING
10691,1599,Wrong Item,1021,Pending
10692,18993,Wrong Item,3858,PENDING
10693,10941,,-200,Rejected
10694,70635,Missing Item,0,Processed
10695,3318,Wrong Item,99999,processed
10696,78135,,4698,processed
10697,2056,WRONG,4231,PENDING
10698,22672,Missing Item,99999,processed
10699,78526,Missing Item,-200,processed
10700,36279,Missing Item,99999,Rejected
10701,18406,Wrong Item,99999,Processed
10702,56663,Damaged,-200,Pending
10703,95975,,99999,Rejected
10704,86997,WRONG,2089,Processed
10705,63552,WRONG,99999,PENDING
10706,21268,WRONG,99999,PENDING
10707,55956,Wrong Item,99999,PENDING
10708,8765,damaged,1593,PENDING
10709,41999,Wrong Item,0,processed
10710,84849,,4182,Processed
10711,17879,Late Delivery,-200,Processed
10712,40117,Damaged,281,Pending
10713,72500,Late Delivery,-200,Processed
10714,56157,damaged,0,PENDING
10715,84955,Missing Item,1842,Pending
10716,33302,Late Delivery,0,Pending
10717,50204,WRONG,3327,Processed
10718,31735,Missing Item,4796,Rejected
10719,19621,Wrong Item,2070,Pending
10720,91326,,4133,PENDING
10721,40224,Late Delivery,-200,Processed
10722,94739,WRONG,3349,processed
10723,11742,damaged,-200,Rejected
10724,5031,,-200,PENDING
10725,44534,Damaged,4945,Pending
10726,74639,Damaged,99999,Rejected
10727,38714,WRONG,99999,Rejected
10728,88581,Missing Item,99999,Pending
10729,55441,Late Delivery,1632,Pending
10730,76223,damaged,3628,Rejected
10731,10504,Missing Item,1614,Processed
10732,20705,,99999,PENDING
10733,47653,Wrong Item,2452,Rejected
10734,92778,Late Delivery,2162,PENDING
10735,8229,,0,Rejected
10736,78908,Late Delivery,2706,Processed
10737,94490,WRONG,2078,processed
10738,17791,Damaged,0,PENDING
10739,60309,,0,processed
10740,38716,Wrong Item,0,PENDING
10741,63104,Missing Item,99999,Rejected
10742,65651,WRONG,3145,Rejected
10743,42004,damaged,4400,processed
10744,70889,Late Delivery,3577,Rejected
10745,11524,Damaged,99999,Pending
10746,82638,Late Delivery,0,processed
10747,16336,Late Delivery,2141,Pending
10748,33666,Late Delivery,0,Rejected
10749,34594,Wrong Item,402,Pending
10750,53612,WRONG,3059,processed
10751,11537,WRONG,-200,processed
10752,34392,Wrong Item,-200,Processed
10753,63087,Missing Item,99999,PENDING
10754,84082,Late Delivery,4285,Pending
10755,70780,WRONG,0,Rejected
10756,47504,Wrong Item,-200,Processed
10757,80323,Damaged,99999,Rejected
10758,42305,Late Delivery,-200,Rejected
10759,36670,Damaged,2615,processed
10760,9389,Wrong Item,99999,PENDING
10761,2600,Late Delivery,2340,Pending
10762,79899,Missing Item,99999,Pending
10763,71491,WRONG,4982,PENDING
10764,74595,Late Delivery,2707,Processed
10765,37365,Late Delivery,99999,Processed
10766,28308,Missing Item,99999,Rejected
10767,57259,WRONG,4052,Pending
10768,6769,Late Delivery,-200,Processed
10769,21092,Wrong Item,0,processed
10770,42574,Late Delivery,2128,Pending
10771,64670,,99999,PENDING
10772,96943,Damaged,1931,Rejected
10773,39897,Damaged,526,Processed
10774,25594,Wrong Item,1853,Rejected
10775,30844,damaged,3690,processed
10776,59968,Damaged,-200,processed
10777,99906,Damaged,2079,processed
10778,75359,Late Delivery,-200,Rejected
10779,28669,Missing Item,4774,PENDING
10780,88123,damaged,2719,processed
10781,31686,Missing Item,-200,Rejected
10782,24054,WRONG,1421,processed
10783,84134,Missing Item,-200,processed
10784,62026,Missing Item,99999,Pending
10785,11339,Damaged,0,processed
10786,75208,Missing Item,-200,processed
10787,72815,Wrong Item,4221,Rejected
10788,61011,Missing Item,1176,PENDING
10789,55575,Damaged,1564,Pending
10790,23292,Damaged,4335,Pending
10791,46176,,2866,PENDING
10792,36927,Damaged,99999,PENDING
10793,9240,Missing Item,3289,Pending
10794,63279,Wrong Item,3806,Pending
10795,13763,WRONG,3033,PENDING
10796,69453,WRONG,-200,Processed
10797,55771,Wrong Item,-200,processed
10798,6143,,0,Pending
10799,13982,WRONG,0,Processed
10800,79808,Missing Item,3418,Pending
10801,52732,Wrong Item,594,Processed
10802,66931,,2321,processed
10803,38520,WRONG,4754,Pending
10804,97568,Late Delivery,0,PENDING
10805,76480,Damaged,99999,processed
10806,67843,Damaged,227,processed
10807,72128,Late Delivery,99999,Pending
10808,28663,Wrong Item,3535,Processed
10809,31808,Wrong Item,4679,PENDING
10810,71242,Late Delivery,0,Pending
10811,21081,Damaged,2428,Rejected
10812,3756,damaged,4409,processed
10813,62942,Damaged,3604,Pending
10814,97696,Missing Item,0,Rejected
10815,36428,damaged,0,Rejected
10816,7022,Damaged,1533,Rejected
10817,331,Missing Item,4763,Pending
10818,4011,,4157,Processed
10819,6868,,2937,PENDING
10820,71689,Wrong Item,627,Rejected
10821,49719,Missing Item,134,Processed
10822,31877,Wrong Item,-200,processed
10823,16003,damaged,99999,PENDING
10824,4643,Wrong Item,0,processed
10825,35865,Wrong Item,0,Rejected
10826,34681,,0,Processed
10827,56046,Missing Item,0,Processed
10828,5951,Wrong Item,172,Processed
10829,30969,Missing Item,4339,Rejected
10830,25230,damaged,3554,processed
10831,50650,Late Delivery,2926,processed
10832,85977,Damaged,4615,PENDING
10833,62402,Late Delivery,-200,PENDING
10834,92840,Wrong Item,2629,processed
10835,64223,Damaged,3233,PENDING
10836,69975,damaged,776,Processed
10837,38634,,768,Processed
10838,32690,,1152,Processed
10839,15055,,3460,Pending
10840,85059,damaged,3036,processed
10841,81562,,3863,PENDING
10842,61113,Late Delivery,99999,processed
10843,92075,Late Delivery,99999,Pending
10844,67724,WRONG,-200,processed
10845,30195,Missing Item,0,Processed
10846,66550,,537,processed
10847,29631,Damaged,2684,PENDING
10848,81901,Missing Item,-200,Processed
10849,52684,,4043,processed
10850,25419,Late Delivery,1632,Processed
10851,78838,Missing Item,-200,Processed
10852,99247,WRONG,99999,processed
10853,22310,Late Delivery,-200,PENDING
10854,29099,,0,Processed
10855,82328,Missing Item,4446,Pending
10856,7537,Missing Item,2062,Pending
10857,8813,Wrong Item,-200,Rejected
10858,98821,Damaged,-200,PENDING
10859,20795,,2330,Processed
10860,66949,WRONG,3134,PENDING
10861,28396,Late Delivery,-200,processed
10862,34673,,4475,Processed
10863,53716,Late Delivery,1555,PENDING
10864,90929,Wrong Item,2647,Pending
10865,26464,,99999,Rejected
10866,39635,Wrong Item,99999,Pending
10867,97887,Damaged,2529,Pending
10868,93502,damaged,0,PENDING
10869,26941,,4427,Pending
10870,75108,Late Delivery,-200,PENDING
10871,93067,Missing Item,99999,Pending
10872,73127,damaged,0,PENDING
10873,74624,,0,processed
10874,68421,Late Delivery,3306,processed
10875,68097,WRONG,99999,Pending
10876,11706,WRONG,456,PENDING
10877,41075,WRONG,2585,Rejected
10878,98210,Wrong Item,-200,processed
10879,57518,Late Delivery,0,Processed
10880,7647,,-200,processed
10881,83976,Missing Item,99999,Processed
10882,80636,Wrong Item,1142,Pending
10883,50488,Missing Item,0,Processed
10884,68309,WRONG,-200,Pending
10885,17730,Wrong Item,4580,PENDING
10886,7475,Missing Item,-200,Pending
10887,6604,Late Delivery,-200,processed
10888,77177,WRONG,99999,PENDING
10889,7985,Wrong Item,99999,Processed
10890,77207,,1601,processed
10891,15728,Wrong Item,99999,Pending
10892,66913,Late Delivery,99999,Rejected
10893,48000,Damaged,904,PENDING
10894,73527,Wrong Item,99999,Processed
10895,40884,Late Delivery,1720,Pending
10896,73815,,99999,Rejected
10897,71268,WRONG,4352,processed
10898,95805,damaged,0,Rejected
10899,8712,Wrong Item,-200,processed
10900,8882,Wrong Item,99999,Pending
10901,59315,Late Delivery,4742,Processed
10902,58951,WRONG,426,Processed
10903,46074,Damaged,1452,PENDING
10904,33264,Missing Item,-200,PENDING
10905,33669,Wrong Item,878,PENDING
10906,91820,damaged,1942,Processed
10907,58945,Damaged,4161,Rejected
10908,34792,damaged,924,PENDING
10909,67818,Wrong Item,2236,Pending
10910,853,Missing Item,1322,PENDING
10911,67490,WRONG,-200,PENDING
10912,92895,Late Delivery,3004,processed
10913,63243,Late Delivery,2372,Pending
10914,53103,Damaged,3026,Rejected
10915,52244,,2984,Pending
10916,25547,Wrong Item,0,PENDING
10917,55292,,2090,PENDING
10918,87215,Late Delivery,-200,Rejected
10919,604,Wrong Item,99999,Pending
10920,26561,Wrong Item,99999,PENDING
10921,71001,Wrong Item,764,Rejected
10922,60062,Damaged,3106,PENDING
10923,32342,Missing Item,3034,PENDING
10924,33778,Late Delivery,4340,processed
10925,45692,damaged,0,Rejected
10926,60168,,99999,Processed
10927,82443,Missing Item,1730,Pending
10928,6879,WRONG,2398,Processed
10929,88859,,876,Rejected
10930,19080,Damaged,4704,processed
10931,18301,Damaged,99999,Rejected
10932,64360,Damaged,1330,Pending
10933,92523,Late Delivery,3211,Processed
10934,13359,Missing Item,2345,Rejected
10935,39300,Damaged,-200,processed
10936,42531,Missing Item,-200,Pending
10937,1423,Wrong Item,2584,processed
10938,41091,Damaged,-200,Rejected
10939,31643,Wrong Item,2663,Processed
10940,56889,Damaged,-200,processed
10941,47064,Wrong Item,2772,PENDING
10942,46123,damaged,2928,Processed
10943,41968,Wrong Item,4036,processed
10944,49194,Late Delivery,705,Processed
10945,20337,WRONG,4676,Processed
10946,91640,Damaged,0,Rejected
10947,33751,WRONG,99999,Processed
10948,63455,Wrong Item,0,Pending
10949,22804,damaged,99999,Rejected
10950,61354,Damaged,2332,Rejected
10951,54162,Damaged,2275,Processed
10952,13122,Damaged,0,processed
10953,72671,,-200,processed
10954,88978,,-200,PENDING
10955,90621,Damaged,-200,PENDING
10956,3167,Wrong Item,99999,PENDING
10957,54703,,1651,Processed
10958,96001,damaged,1770,processed
10959,3720,,866,Rejected
10960,40669,Damaged,0,Pending
10961,67673,Late Delivery,0,PENDING
10962,88056,,2706,Processed
10963,79799,damaged,370,Rejected
10964,58213,,-200,processed
10965,96057,WRONG,99999,PENDING
10966,93995,Missing Item,1853,processed
10967,33646,Late Delivery,-200,PENDING
10968,89557,damaged,3626,Pending
10969,94521,Damaged,4513,PENDING
10970,92938,Late Delivery,3069,PENDING
10971,47615,Wrong Item,-200,Rejected
10972,7066,Late Delivery,1380,Processed
10973,97821,Late Delivery,0,Processed
10974,69887,Wrong Item,99999,Pending
10975,69519,damaged,1640,Pending
10976,693,,99999,Rejected
10977,32829,Wrong Item,2011,processed
10978,60433,,0,Processed
10979,94644,,-200,Rejected
10980,81743,Late Delivery,99999,Pending
10981,14195,Wrong Item,2714,Rejected
10982,88069,Late Delivery,2120,processed
10983,94059,Damaged,99999,processed
10984,41682,Damaged,0,PENDING
10985,83442,Late Delivery,0,PENDING
10986,12729,Missing Item,3121,Processed
10987,79512,,99999,Processed
10988,54792,WRONG,0,Rejected
10989,28670,damaged,0,Processed
10990,67035,Wrong Item,1403,Rejected
10991,48829,Missing Item,-200,Rejected
10992,19448,Wrong Item,4317,processed
10993,79886,damaged,1897,PENDING
10994,32519,,0,Pending
10995,69338,Missing Item,1271,Rejected
10996,61898,damaged,-200,Processed
10997,13099,Late Delivery,2686,Pending
10998,9880,Damaged,99999,Pending
10999,42034,Late Delivery,3254,processed
11000,68065,,-200,Pending
11001,15288,Missing Item,2057,PENDING
11002,26630,Missing Item,0,Rejected
11003,29692,Late Delivery,-200,Processed
11004,53661,,-200,Processed
11005,56398,damaged,99999,Pending
11006,62346,Missing Item,99999,Rejected
11007,10202,Late Delivery,2502,PENDING
11008,32753,Damaged,1323,Processed
11009,80096,,372,Pending
11010,99404,Damaged,3235,Pending
11011,83841,,0,Rejected
11012,92533,WRONG,-200,Rejected
11013,83574,damaged,3059,processed
11014,16181,Missing Item,2300,Processed
11015,21420,damaged,99999,Processed
11016,93673,Damaged,0,processed
11017,35013,Late Delivery,-200,Rejected
11018,70336,Missing Item,1517,processed
11019,25983,Wrong Item,0,processed
11020,48155,Damaged,99999,PENDING
11021,79015,WRONG,855,processed
11022,52679,,2370,processed
11023,90014,Late Delivery,2185,PENDING
11024,23031,Late Delivery,99999,Pending
11025,4338,Late Delivery,4883,Rejected
11026,6410,damaged,3783,Processed
11027,44863,damaged,0,Pending
11028,95739,Wrong Item,0,processed
11029,82671,Missing Item,1897,processed
11030,2603,WRONG,1726,Pending
11031,85334,,433,processed
11032,86549,Wrong Item,4675,processed
11033,76058,WRONG,1610,processed
11034,15618,Wrong Item,0,processed
11035,37685,Missing Item,0,Pending
11036,3349,Wrong Item,-200,processed
11037,52444,,99999,processed
11038,39493,damaged,2246,processed
11039,99176,damaged,-200,PENDING
11040,49655,damaged,0,Processed
11041,73396,Late Delivery,134,Processed
11042,90184,damaged,99999,processed
11043,4517,WRONG,4569,Pending
11044,72431,,2132,Rejected
11045,41497,Missing Item,0,processed
11046,73267,,304,Pending
11047,30401,damaged,2308,PENDING
11048,93692,damaged,99999,Processed
11049,92298,Damaged,568,Processed
11050,80191,Missing Item,99999,Rejected
11051,52418,Damaged,99999,Pending
11052,13124,Missing Item,0,Processed
11053,75275,Late Delivery,761,processed
11054,69511,Missing Item,3207,Rejected
11055,48376,Wrong Item,-200,Processed
11056,36285,damaged,2884,Pending
11057,16161,Damaged,99999,PENDING
11058,95629,WRONG,-200,Rejected
11059,67077,Damaged,2568,PENDING
11060,38046,Missing Item,4893,Rejected
11061,48678,Wrong Item,-200,PENDING
11062,72635,,-200,Pending
11063,19149,Missing Item,99999,Pending
11064,13117,Missing Item,4817,Rejected
11065,93388,Missing Item,1525,processed
11066,37104,WRONG,0,Processed
11067,7459,Damaged,-200,PENDING
11068,43404,Late Delivery,0,Rejected
11069,98692,Wrong Item,99999,Pending
11070,31695,damaged,0,processed
11071,84645,WRONG,3637,PENDING
11072,4062,Damaged,1822,Rejected
11073,53666,,3094,Processed
11074,35331,Late Delivery,0,Processed
11075,21613,Missing Item,-200,Pending
11076,87866,,99999,Pending
11077,25100,,-200,Rejected
11078,29576,,816,Rejected
11079,15263,WRONG,1783,Rejected
11080,59333,Missing Item,2260,Processed
11081,56047,Wrong Item,99999,PENDING
11082,94850,damaged,99999,Rejected
11083,86860,Damaged,1584,processed
11084,10933,,3414,Rejected
11085,43591,Late Delivery,99999,processed
11086,83376,Damaged,3971,Rejected
11087,58233,Wrong Item,99999,Rejected
11088,49485,Missing Item,4736,processed
11089,37759,damaged,300,Processed
11090,60567,Wrong Item,0,processed
11091,9134,Damaged,0,PENDING
11092,81095,,2312,processed
11093,26140,damaged,0,Processed
11094,85545,,0,PENDING
11095,73474,Damaged,497,Processed
11096,81520,WRONG,99999,Rejected
11097,91181,WRONG,0,Processed
11098,70084,Damaged,2459,Pending
11099,22410,damaged,0,Pending
11100,31706,WRONG,2664,Rejected
11101,58309,Damaged,99999,PENDING
11102,37713,Late Delivery,3636,Pending
11103,32258,WRONG,1089,Rejected
11104,28832,Late Delivery,2983,Pending
11105,1661,,0,Pending
11106,16733,damaged,2106,processed
11107,19219,WRONG,4000,processed
11108,13236,Missing Item,99999,PENDING
11109,69604,WRONG,99999,Processed
11110,77618,Wrong Item,-200,PENDING
11111,10600,Late Delivery,99999,Processed
11112,95581,damaged,0,processed
11113,83384,WRONG,-200,Pending
11114,46275,,2314,Pending
11115,65640,Late Delivery,3469,PENDING
11116,48518,Late Delivery,-200,PENDING
11117,29138,,801,PENDING
11118,82277,Wrong Item,-200,PENDING
11119,27151,damaged,99999,Rejected
11120,90565,WRONG,-200,Pending
11121,11490,Wrong Item,1059,Processed
11122,31427,WRONG,3586,PENDING
11123,16654,damaged,709,Processed
11124,22964,Damaged,3446,Rejected
11125,51681,damaged,0,PENDING
11126,41711,Damaged,0,Pending
11127,80580,damaged,1445,PENDING
11128,13831,Missing Item,0,Processed
11129,51637,Wrong Item,654,processed
11130,77502,,99999,processed
11131,9761,Wrong Item,0,PENDING
11132,4846,WRONG,185,Pending
11133,91820,Damaged,-200,Pending
11134,31640,WRONG,4082,processed
11135,60230,Damaged,0,Processed
11136,45387,Damaged,2520,Rejected
11137,26279,damaged,99999,Rejected
11138,21401,Missing Item,1909,Processed
11139,1095,Missing Item,3731,Processed
11140,89534,Wrong Item,1394,processed
11141,60150,WRONG,99999,Processed
11142,33836,damaged,99999,Pending
11143,72240,Late Delivery,934,Processed
11144,24203,WRONG,0,Pending
11145,63727,Wrong Item,0,Pending
11146,91206,Damaged,99999,Processed
11147,993,Wrong Item,0,Pending
11148,74395,damaged,99999,Processed
11149,3100,WRONG,1829,PENDING
11150,8118,Wrong Item,99999,processed
11151,90165,Late Delivery,-200,Processed
11152,13556,Missing Item,99999,Rejected
11153,42134,Late Delivery,631,Rejected
11154,47661,damaged,2488,processed
11155,34252,Missing Item,552,PENDING
11156,52200,Missing Item,99999,Rejected
11157,99535,,0,Rejected
11158,28420,Late Delivery,0,processed
11159,15518,WRONG,4344,Rejected
11160,56773,damaged,672,PENDING
11161,85818,Wrong Item,4806,Pending
11162,23213,Wrong Item,99999,Rejected
11163,60886,Wrong Item,99999,Rejected
11164,54939,Damaged,3148,Rejected
11165,50391,Wrong Item,4840,Processed
11166,5133,Damaged,99999,Rejected
11167,50234,,177,processed
11168,58883,,4692,Rejected
11169,17357,Wrong Item,0,Rejected
11170,16538,Wrong Item,-200,Rejected
11171,32087,Damaged,99999,processed
11172,34941,damaged,99999,Rejected
11173,32469,,99999,Rejected
11174,82158,WRONG,0,Pending
11175,89490,damaged,4170,PENDING
11176,1,,307,Processed
11177,32481,damaged,2213,PENDING
11178,58790,damaged,99999,processed
11179,23619,Missing Item,3407,processed
11180,81534,Late Delivery,2946,Pending
11181,63572,damaged,-200,Processed
11182,2704,Damaged,-200,Pending
11183,41631,WRONG,99999,PENDING
11184,65559,Missing Item,1596,processed
11185,9729,Wrong Item,99999,Pending
11186,38216,,3306,Processed
11187,37433,Wrong Item,4129,processed
11188,21870,Wrong Item,1419,Pending
11189,94171,Late Delivery,0,PENDING
11190,21856,Missing Item,495,processed
11191,77788,,1148,Rejected
11192,56483,,99999,PENDING
11193,69938,,3322,processed
11194,97715,Late Delivery,324,Rejected
11195,28150,Late Delivery,2478,Processed
11196,84713,WRONG,0,PENDING
11197,82390,,1949,Processed
11198,37269,damaged,1744,Pending
11199,29582,damaged,-200,processed
11200,29242,Wrong Item,2545,Pending
11201,30139,,0,Pending
11202,34765,Missing Item,0,processed
11203,48701,,301,processed
11204,29049,Wrong Item,3006,processed
11205,33110,,761,PENDING
11206,84810,Wrong Item,0,processed
11207,99169,,99999,PENDING
11208,38343,WRONG,1997,Rejected
11209,23662,Damaged,155,Pending
11210,38708,Missing Item,0,processed
11211,10323,Wrong Item,99999,Processed
11212,93268,Wrong Item,99999,Rejected
11213,58538,Late Delivery,2860,processed
11214,56148,,4082,Processed
11215,72546,Damaged,3235,Rejected
11216,96841,Missing Item,3674,Processed
11217,62591,damaged,0,Rejected
11218,89812,damaged,99999,Pending
11219,42941,,1972,PENDING
11220,51916,WRONG,537,processed
11221,17529,damaged,-200,Pending
11222,64297,damaged,242,PENDING
11223,56593,Missing Item,4281,processed
11224,71687,Wrong Item,3148,Pending
11225,30314,Damaged,4419,Processed
11226,25080,Damaged,-200,Rejected
11227,32150,damaged,0,processed
11228,58698,damaged,2499,Processed
11229,85378,WRONG,99999,Pending
11230,92848,damaged,3826,Processed
11231,84657,Wrong Item,899,Rejected
11232,69400,Missing Item,1623,Pending
11233,84474,damaged,2594,Processed
11234,80906,,2210,processed
11235,99043,damaged,2848,Pending
11236,55374,Late Delivery,-200,processed
11237,58433,Late Delivery,1578,Processed
11238,80318,WRONG,4580,Rejected
11239,68115,Missing Item,-200,Pending
11240,6629,,-200,processed
11241,74811,Missing Item,99999,Pending
11242,97381,Damaged,2511,processed
11243,23652,Missing Item,1054,PENDING
11244,84869,damaged,2325,processed
11245,80922,Wrong Item,-200,processed
11246,32775,Wrong Item,4516,Processed
11247,75074,damaged,0,PENDING
11248,50954,Missing Item,-200,Processed
11249,32188,Damaged,701,PENDING
11250,11437,Damaged,4010,Processed
11251,72557,Wrong Item,99999,Pending
11252,91002,damaged,2339,processed
11253,12637,Late Delivery,99999,Pending
11254,61258,Damaged,99999,PENDING
11255,55393,Damaged,0,processed
11256,86899,damaged,2609,Processed
11257,86755,damaged,-200,PENDING
11258,73831,Missing Item,-200,processed
11259,84545,Damaged,4063,Processed
11260,87986,Wrong Item,99999,Pending
11261,99630,,99999,PENDING
11262,76801,WRONG,1542,Pending
11263,57019,damaged,3128,processed
11264,61114,Damaged,0,processed
11265,45567,damaged,0,Pending
11266,86091,WRONG,-200,Rejected
11267,83459,Missing Item,99999,PENDING
11268,83120,Missing Item,375,Processed
11269,9685,Missing Item,99999,Pending
11270,49002,Late Delivery,99999,Pending
11271,46416,,-200,Pending
11272,54446,WRONG,3325,processed
11273,31960,Missing Item,99999,Rejected
11274,90278,damaged,1646,PENDING
11275,66268,damaged,930,Pending
11276,46751,Late Delivery,-200,processed
11277,78373,Late Delivery,2693,Pending
11278,24642,Late Delivery,2019,processed
11279,50572,Missing Item,884,Rejected
11280,32071,Missing Item,0,Rejected
11281,97514,Wrong Item,2668,Processed
11282,94017,,4321,Pending
11283,56797,,99999,Pending
11284,53767,WRONG,0,PENDING
11285,5834,Wrong Item,1942,Processed
11286,67652,WRONG,-200,Rejected
11287,64079,damaged,842,PENDING
11288,7530,Late Delivery,2162,processed
11289,40674,Damaged,3426,processed
11290,72731,Late Delivery,99999,PENDING
11291,80584,WRONG,0,Pending
11292,63765,Missing Item,-200,Rejected
11293,3968,Wrong Item,1642,processed
11294,51083,Damaged,1005,processed
11295,92270,Late Delivery,99999,Rejected
11296,8129,Wrong Item,2475,Processed
11297,18549,,1749,Rejected
11298,19270,Late Delivery,2601,Rejected
11299,49374,Damaged,2866,PENDING
11300,92269,Wrong Item,-200,Pending
11301,95630,Missing Item,3762,PENDING
11302,200,WRONG,-200,Pending
11303,60136,WRONG,99999,PENDING
11304,29172,WRONG,99999,Pending
11305,12886,damaged,4915,processed
11306,49850,Damaged,3596,Pending
11307,92175,,1434,processed
11308,52023,Damaged,896,Pending
11309,92949,Wrong Item,0,PENDING
11310,17465,damaged,0,Rejected
11311,52373,damaged,-200,PENDING
11312,151,Damaged,3143,PENDING
11313,16942,Late Delivery,4023,Pending
11314,96911,,0,processed
11315,5319,damaged,-200,Rejected
11316,35049,,4185,Processed
11317,648,Damaged,-200,PENDING
11318,95603,damaged,1906,processed
11319,11997,WRONG,364,processed
11320,82434,damaged,2750,Pending
11321,74039,damaged,4446,processed
11322,80521,Missing Item,927,processed
11323,75445,,99999,Pending
11324,87371,,2197,Rejected
11325,13930,Damaged,1925,Pending
11326,53674,damaged,99999,processed
11327,79628,Missing Item,1646,PENDING
11328,66785,Late Delivery,4254,PENDING
11329,96816,damaged,99999,Rejected
11330,5621,,0,Rejected
11331,18664,Wrong Item,0,processed
11332,44633,Wrong Item,0,Processed
11333,87709,Late Delivery,99999,PENDING
11334,2294,Wrong Item,0,processed
11335,24045,Late Delivery,99999,Pending
11336,48186,Damaged,-200,processed
11337,57703,damaged,-200,Rejected
11338,81696,Missing Item,394,processed
11339,80846,,3208,Processed
11340,87412,Missing Item,99999,Rejected
11341,87963,Missing Item,4113,Processed
11342,26664,WRONG,3041,PENDING
11343,42558,Damaged,3943,processed
11344,30254,,0,Processed
11345,5559,damaged,99999,Pending
11346,35732,damaged,2340,Rejected
11347,25570,damaged,2517,Processed
11348,19306,WRONG,0,PENDING
11349,78344,WRONG,0,processed
11350,45833,,99999,PENDING
11351,44705,,0,PENDING
11352,84211,,-200,Pending
11353,32020,Missing Item,4810,PENDING
11354,82857,Wrong Item,-200,Pending
11355,73525,WRONG,0,Rejected
11356,32677,Damaged,0,PENDING
11357,7225,Missing Item,4665,processed
11358,116,WRONG,3457,Processed
11359,73804,Wrong Item,1979,Pending
11360,38352,Missing Item,0,Pending
11361,15808,,1899,Pending
11362,41098,Late Delivery,-200,processed
11363,74678,damaged,99999,Processed
11364,43475,WRONG,173,Processed
11365,69206,Damaged,104,Pending
11366,43676,Damaged,0,PENDING
11367,58964,Missing Item,99999,PENDING
11368,24093,Damaged,1930,PENDING
11369,65792,damaged,995,processed
11370,3373,damaged,-200,PENDING
11371,35739,Damaged,840,Processed
11372,10928,,99999,processed
11373,45620,damaged,4763,Processed
11374,27177,Missing Item,99999,PENDING
11375,82539,Missing Item,-200,Pending
11376,72740,,786,Rejected
11377,14803,Missing Item,0,Pending
11378,50272,Missing Item,0,processed
11379,33593,Missing Item,3271,Processed
11380,13307,,4842,processed
11381,70660,,99999,PENDING
11382,12715,damaged,3295,processed
11383,33628,Late Delivery,4627,Pending
11384,75607,Missing Item,1759,Processed
11385,35635,damaged,2850,Pending
11386,21328,WRONG,-200,Processed
11387,65132,,988,Processed
11388,71227,Late Delivery,99999,processed
11389,72384,WRONG,0,Pending
11390,9813,Late Delivery,-200,Processed
11391,20127,Missing Item,0,Processed
11392,49725,damaged,1162,PENDING
11393,41648,WRONG,1011,Rejected
11394,44750,Missing Item,99999,Processed
11395,25277,Wrong Item,4152,Pending
11396,10556,Damaged,99999,Pending
11397,37337,Late Delivery,418,PENDING
11398,1055,Late Delivery,99999,PENDING
11399,73472,damaged,1251,Pending
11400,48931,Wrong Item,1686,PENDING
11401,11495,WRONG,4869,Processed
11402,91793,damaged,3390,PENDING
11403,58028,Missing Item,4930,Rejected
11404,90063,damaged,1687,processed
11405,63239,Wrong Item,99999,Processed
11406,39262,Damaged,99999,Pending
11407,59042,Missing Item,99999,processed
11408,78540,,-200,Rejected
11409,94468,WRONG,4703,Processed
11410,1785,,3007,PENDING
11411,86233,Missing Item,3048,Pending
11412,90144,Missing Item,1840,processed
11413,48987,Missing Item,4839,Rejected
11414,72552,Late Delivery,3284,Rejected
11415,83167,WRONG,0,processed
11416,90243,,0,Rejected
11417,95625,Damaged,3185,Pending
11418,18288,Wrong Item,-200,PENDING
11419,95664,,-200,processed
11420,4404,Late Delivery,3896,Pending
11421,4835,WRONG,1891,processed
11422,83819,Late Delivery,4728,Rejected
11423,30549,damaged,-200,Processed
11424,15776,Damaged,99999,Rejected
11425,25987,Late Delivery,99999,Processed
11426,35325,,2870,Pending
11427,2676,,2427,PENDING
11428,11169,Damaged,0,PENDING
11429,41088,Missing Item,0,Processed
11430,11270,Damaged,0,Pending
11431,59985,WRONG,99999,Pending
11432,1397,WRONG,99999,Rejected
11433,90249,Damaged,4377,processed
11434,69488,,0,Pending
11435,90229,Late Delivery,0,PENDING
11436,84167,Wrong Item,2378,processed
11437,60688,WRONG,99999,PENDING
11438,83304,WRONG,0,processed
11439,36643,damaged,0,PENDING
11440,21504,Damaged,1901,PENDING
11441,43404,damaged,4675,Rejected
11442,86908,,0,Pending
11443,60897,WRONG,-200,PENDING
11444,73463,Late Delivery,1627,Rejected
11445,61106,damaged,-200,Rejected
11446,61366,Late Delivery,2754,processed
11447,26169,,99999,Processed
11448,42928,Wrong Item,0,processed
11449,14633,Damaged,99999,Rejected
11450,17947,damaged,4791,Processed
11451,94943,Late Delivery,99999,Rejected
11452,28414,,0,Rejected
11453,43708,,99999,Pending
11454,35638,WRONG,99999,Pending
11455,82428,Damaged,0,processed
11456,3397,WRONG,774,Processed
11457,60660,WRONG,0,Processed
11458,9024,Late Delivery,-200,Processed
11459,35995,WRONG,4773,Processed
11460,3566,WRONG,2695,Rejected
11461,99517,Wrong Item,0,PENDING
11462,26094,damaged,1514,PENDING
11463,28276,Late Delivery,4351,processed
11464,8704,damaged,1681,Pending
11465,55814,damaged,3228,Pending
11466,95023,Missing Item,1960,processed
11467,93112,,3181,processed
11468,79608,,99999,processed
11469,87969,Wrong Item,1396,processed
11470,64462,damaged,99999,PENDING
11471,54953,Damaged,1285,Processed
11472,24642,Missing Item,0,Processed
11473,76697,Late Delivery,-200,processed
11474,84981,,2807,Processed
11475,38470,damaged,99999,PENDING
11476,52215,Late Delivery,3183,Processed
11477,84627,Missing Item,-200,processed
11478,82919,WRONG,714,Processed
11479,6586,Late Delivery,0,PENDING
11480,5869,Wrong Item,3216,PENDING
11481,70728,,99999,processed
11482,99830,Missing Item,0,PENDING
11483,46684,Wrong Item,1795,Pending
11484,65149,Late Delivery,99999,processed
11485,47656,,-200,processed
11486,49663,Wrong Item,1918,Pending
11487,3969,Missing Item,2841,Pending
11488,64678,damaged,1874,PENDING
11489,10860,,-200,PENDING
11490,32011,Wrong Item,0,PENDING
11491,8833,Late Delivery,3247,PENDING
11492,84613,damaged,2976,Rejected
11493,92463,,99999,Processed
11494,9097,Late Delivery,4034,Processed
11495,84293,Late Delivery,382,PENDING
11496,87035,Damaged,0,Rejected
11497,46971,Wrong Item,-200,processed
11498,9016,WRONG,-200,Processed
11499,38940,Late Delivery,4318,Rejected
11500,70421,WRONG,4422,Processed
11501,28832,Wrong Item,1605,Processed
11502,21426,Wrong Item,3775,Rejected
11503,85922,Missing Item,0,PENDING
11504,69918,,2668,processed
11505,40579,Wrong Item,0,PENDING
11506,34361,Late Delivery,-200,Rejected
11507,53816,damaged,-200,Rejected
11508,56384,WRONG,1943,Processed
11509,99527,,0,processed
11510,50009,Missing Item,99999,Rejected
11511,58425,Late Delivery,3980,Processed
11512,72801,Wrong Item,99999,Rejected
11513,90390,,-200,Processed
11514,61856,WRONG,0,processed
11515,94745,damaged,4535,Pending
11516,36669,Late Delivery,-200,processed
11517,90789,damaged,4104,Rejected
11518,21393,Missing Item,99999,PENDING
11519,21941,Damaged,4542,PENDING
11520,75956,Missing Item,4735,PENDING
11521,61916,Late Delivery,511,Pending
11522,42631,Missing Item,631,Rejected
11523,4802,,99999,processed
11524,50867,Missing Item,-200,Processed
11525,78841,WRONG,2881,Rejected
11526,90859,Late Delivery,99999,Processed
11527,80280,Damaged,2428,PENDING
11528,40717,Late Delivery,1273,Pending
11529,60496,WRONG,99999,PENDING
11530,8116,Wrong Item,4007,Processed
11531,94789,damaged,1036,Rejected
11532,69614,Wrong Item,0,Processed
11533,67007,Missing Item,99999,Pending
11534,4972,Damaged,4798,Pending
11535,36707,Missing Item,99999,PENDING
11536,37455,WRONG,2305,Rejected
11537,82,damaged,-200,Rejected
11538,550,Wrong Item,0,PENDING
11539,74406,Wrong Item,-200,processed
11540,29966,damaged,1008,PENDING
11541,16114,Missing Item,4792,processed
11542,60762,Damaged,3406,processed
11543,27800,Late Delivery,2170,processed
11544,78923,Late Delivery,1710,PENDING
11545,86154,damaged,-200,processed
11546,15227,,3246,Pending
11547,12960,Missing Item,317,Pending
11548,55649,Damaged,-200,Processed
11549,52646,Wrong Item,-200,Pending
11550,37823,Damaged,1112,PENDING
11551,15749,Wrong Item,0,Pending
11552,10525,Damaged,99999,Processed
11553,91698,Late Delivery,0,PENDING
11554,6041,Missing Item,1515,Pending
11555,82142,Missing Item,2624,Rejected
11556,53027,Damaged,-200,Processed
11557,59460,Late Delivery,-200,Processed
11558,66684,Wrong Item,0,PENDING
11559,85739,Late Delivery,99999,PENDING
11560,43113,Missing Item,-200,Processed
11561,91808,damaged,0,Rejected
11562,25201,damaged,170,Processed
11563,71705,Damaged,1046,Pending
11564,42468,Damaged,3422,Pending
11565,44989,,3456,Rejected
11566,95367,Late Delivery,1054,processed
11567,21218,Wrong Item,0,Pending
11568,38415,,4837,processed
11569,91707,,3426,processed
11570,2550,Missing Item,2707,PENDING
11571,66684,Missing Item,918,Rejected
11572,83852,Damaged,-200,Processed
11573,63551,Missing Item,0,processed
11574,3373,Missing Item,-200,Pending
11575,87984,,2392,PENDING
11576,76953,Damaged,0,processed
11577,20942,Missing Item,99999,Rejected
11578,10383,Wrong Item,-200,Rejected
11579,21519,damaged,1496,processed
11580,70151,Missing Item,3982,PENDING
11581,35460,,-200,Pending
11582,18446,WRONG,964,PENDING
11583,853,damaged,4005,PENDING
11584,32157,,3781,Processed
11585,17929,WRONG,-200,Pending
11586,40073,,99999,Pending
11587,70648,,2406,processed
11588,8410,WRONG,99999,Rejected
11589,14400,Missing Item,4060,Processed
11590,49010,Missing Item,-200,processed
11591,83480,,196,processed
11592,39976,WRONG,0,Pending
11593,41092,Late Delivery,1483,processed
11594,90377,,99999,Processed
11595,87112,Wrong Item,99999,Pending
11596,37019,Damaged,99999,processed
11597,99018,damaged,3740,Processed
11598,18135,Missing Item,3947,Pending
11599,60254,WRONG,-200,processed
11600,86419,WRONG,0,Rejected
11601,69996,damaged,1790,Processed
11602,31263,Wrong Item,99999,Rejected
11603,81542,WRONG,99999,processed
11604,24595,damaged,-200,PENDING
11605,5714,,4129,Processed
11606,62783,Wrong Item,3302,Pending
11607,23021,WRONG,3731,Pending
11608,29967,Late Delivery,851,processed
11609,18888,,99999,PENDING
11610,79078,Late Delivery,-200,PENDING
11611,84089,,99999,processed
11612,99779,,0,PENDING
11613,69143,Missing Item,-200,Processed
11614,67861,Damaged,0,PENDING
11615,7574,damaged,0,Pending
11616,4470,,99999,Processed
11617,87258,damaged,99999,Pending
11618,22109,Late Delivery,4772,Processed
11619,89164,,-200,Rejected
11620,38606,WRONG,99999,Rejected
11621,2998,,0,Pending
11622,29174,Missing Item,99999,Pending
11623,41163,WRONG,829,Processed
11624,85701,WRONG,-200,Processed
11625,40916,Missing Item,-200,processed
11626,44052,,-200,Pending
11627,27126,WRONG,99999,Pending
11628,22434,,0,PENDING
11629,75003,Wrong Item,4783,PENDING
11630,45098,Missing Item,-200,Pending
11631,77977,Damaged,-200,PENDING
11632,26612,damaged,99999,PENDING
11633,95006,Wrong Item,99999,Rejected
11634,83212,WRONG,2177,PENDING
11635,33523,Late Delivery,3927,Pending
11636,63186,Missing Item,359,PENDING
11637,69696,damaged,99999,PENDING
11638,25533,WRONG,-200,Processed
11639,24730,Late Delivery,99999,Processed
11640,82646,WRONG,0,Rejected
11641,52044,damaged,-200,PENDING
11642,12547,damaged,1140,processed
11643,39415,damaged,-200,Rejected
11644,80639,Late Delivery,-200,Rejected
11645,85035,Missing Item,2463,PENDING
11646,1816,,0,PENDING
11647,3692,Damaged,0,PENDING
11648,27695,WRONG,99999,Pending
11649,64521,WRONG,0,Pending
11650,79969,,99999,Pending
11651,29451,Late Delivery,-200,Rejected
11652,78587,Wrong Item,738,processed
11653,91152,Wrong Item,4278,Processed
11654,47092,Missing Item,99999,processed
11655,5478,Late Delivery,-200,PENDING
11656,26721,WRONG,-200,PENDING
11657,41369,Wrong Item,707,processed
11658,64877,Wrong Item,1310,Pending
11659,41362,Damaged,0,PENDING
11660,16354,Wrong Item,99999,Pending
11661,40067,damaged,672,PENDING
11662,30666,Late Delivery,2932,Rejected
11663,28626,Damaged,0,Pending
11664,79855,Missing Item,881,PENDING
11665,25032,Late Delivery,667,Pending
11666,46269,Damaged,-200,PENDING
11667,26894,WRONG,2250,Pending
11668,34778,Wrong Item,2278,Rejected
11669,32862,Missing Item,-200,PENDING
11670,8877,Damaged,838,Rejected
11671,79023,Late Delivery,0,Rejected
11672,4706,Late Delivery,1377,Processed
11673,89821,Late Delivery,2178,Pending
11674,96830,Damaged,2445,processed
11675,77348,Wrong Item,-200,processed
11676,4451,Damaged,3921,Processed
11677,81028,Wrong Item,1865,processed
11678,93341,WRONG,0,Processed
11679,69385,Damaged,4047,Pending
11680,34352,Missing Item,3395,processed
11681,53669,Damaged,0,processed
11682,88177,Late Delivery,886,Pending
11683,87022,Missing Item,0,Processed
11684,34004,,-200,PENDING
11685,95625,WRONG,3982,processed
11686,30191,Missing Item,99999,Pending
11687,9546,,99999,Pending
11688,83817,Late Delivery,3154,PENDING
11689,97520,Missing Item,2132,Pending
11690,49407,damaged,99999,processed
11691,52669,Wrong Item,3979,Processed
11692,83575,Missing Item,4934,processed
11693,57983,Damaged,-200,Processed
11694,33551,Missing Item,2458,processed
11695,13115,WRONG,1880,PENDING
11696,82291,Late Delivery,99999,Processed
11697,12973,Damaged,258,processed
11698,8392,,1204,processed
11699,67135,Damaged,-200,Pending
11700,17293,Missing Item,99999,Pending
11701,5021,Wrong Item,4891,Pending
11702,11692,WRONG,0,Rejected
11703,58576,Wrong Item,99999,Processed
11704,89319,,0,Processed
11705,52860,,3703,processed
11706,62501,Wrong Item,1384,Pending
11707,90009,WRONG,1935,PENDING
11708,76131,Wrong Item,4876,Pending
11709,53321,damaged,3643,Processed
11710,4002,damaged,3164,processed
11711,41382,Damaged,145,Pending
11712,97627,Wrong Item,1191,PENDING
11713,68662,WRONG,0,Processed
11714,19817,Late Delivery,0,Processed
11715,78741,WRONG,4907,PENDING
11716,66506,,0,processed
11717,55369,Wrong Item,99999,Pending
11718,46554,Damaged,-200,processed
11719,21760,WRONG,99999,PENDING
11720,64607,Wrong Item,99999,Rejected
11721,95848,WRONG,-200,PENDING
11722,25545,WRONG,99999,Rejected
11723,50409,WRONG,0,processed
11724,64275,Wrong Item,881,PENDING
11725,28664,Missing Item,-200,Pending
11726,26136,damaged,0,Rejected
11727,48004,Wrong Item,0,processed
11728,62620,damaged,164,Rejected
11729,27016,Wrong Item,666,processed
11730,70287,Wrong Item,3087,Pending
11731,98500,WRONG,99999,Rejected
11732,30543,Wrong Item,-200,Pending
11733,93894,Late Delivery,4148,Processed
11734,68564,Wrong Item,99999,Pending
11735,2550,Late Delivery,1272,processed
11736,6365,Damaged,1273,Processed
11737,30831,Damaged,99999,processed
11738,67910,,-200,Processed
11739,13548,WRONG,99999,Rejected
11740,23256,Damaged,99999,PENDING
11741,75108,,99999,Pending
11742,12436,Damaged,-200,PENDING
11743,38003,Missing Item,99999,Processed
11744,94413,WRONG,2454,Rejected
11745,93473,Missing Item,4245,PENDING
11746,31321,WRONG,0,PENDING
11747,93876,Late Delivery,99999,Processed
11748,71331,,4541,Processed
11749,59085,Missing Item,4397,Pending
11750,33060,damaged,2806,processed
11751,10708,damaged,3307,Rejected
11752,96415,Missing Item,4439,Pending
11753,49355,,-200,Pending
11754,28717,WRONG,1291,PENDING
11755,10647,,-200,PENDING
11756,89203,Late Delivery,99999,processed
11757,37504,Missing Item,0,Rejected
11758,73650,Late Delivery,-200,Pending
11759,16661,,3418,PENDING
11760,32227,Damaged,0,Pending
11761,96313,Damaged,-200,PENDING
11762,10729,WRONG,3255,PENDING
11763,91931,Damaged,0,PENDING
11764,30572,WRONG,0,PENDING
11765,80804,,-200,Pending
11766,1346,Missing Item,3779,Pending
11767,14540,Missing Item,99999,Rejected
11768,20613,Missing Item,0,processed
11769,66277,damaged,-200,PENDING
11770,38711,Damaged,99999,processed
11771,4493,Late Delivery,-200,processed
11772,14860,Late Delivery,99999,PENDING
11773,92171,WRONG,0,Processed
11774,52792,,4687,PENDING
11775,59487,WRONG,2522,Processed
11776,4688,Missing Item,2977,PENDING
11777,54185,Missing Item,99999,PENDING
11778,65614,Late Delivery,-200,Rejected
11779,12983,,99999,Pending
11780,27985,Missing Item,99999,processed
11781,54867,Late Delivery,-200,processed
11782,6624,Wrong Item,-200,Pending
11783,64788,damaged,4790,processed
11784,3279,damaged,-200,processed
11785,70512,WRONG,3179,Pending
11786,67887,Damaged,2127,PENDING
11787,28938,Missing Item,0,Rejected
11788,48050,Damaged,99999,Rejected
11789,84830,Damaged,4107,PENDING
11790,72448,Damaged,0,Pending
11791,69653,Damaged,4682,Processed
11792,88984,Wrong Item,-200,PENDING
11793,87663,damaged,99999,PENDING
11794,58879,Damaged,0,Pending
11795,8050,WRONG,1809,Pending
11796,94066,,2811,Pending
11797,90653,WRONG,0,Pending
11798,98640,,0,Pending
11799,17249,Late Delivery,-200,Pending
11800,23195,damaged,99999,Pending
11801,31133,WRONG,2648,Processed
11802,90457,Damaged,118,Pending
11803,40956,,2231,Processed
11804,26140,Late Delivery,0,processed
11805,22283,Missing Item,-200,processed
11806,62989,Wrong Item,453,PENDING
11807,30268,Missing Item,1615,PENDING
11808,59196,WRONG,4502,Rejected
11809,81998,,4692,processed
11810,65279,Damaged,0,processed
11811,69094,Late Delivery,99999,PENDING
11812,34867,damaged,1892,Pending
11813,42017,Wrong Item,-200,Processed
11814,32477,damaged,2151,Processed
11815,21352,WRONG,306,Processed
11816,4783,WRONG,-200,processed
11817,33852,damaged,-200,Processed
11818,13825,Late Delivery,-200,Processed
11819,41419,WRONG,1096,Processed
11820,58519,Damaged,1941,Processed
11821,60258,Late Delivery,3073,processed
11822,12024,,2159,Rejected
11823,80070,Damaged,99999,processed
11824,47248,Damaged,-200,Processed
11825,8,Wrong Item,2636,Rejected
11826,31667,Late Delivery,4340,processed
11827,7686,,0,Pending
11828,99266,Wrong Item,-200,Rejected
11829,38056,Late Delivery,3054,Rejected
11830,50676,Missing Item,4094,processed
11831,54092,,899,Pending
11832,41514,Missing Item,-200,Rejected
11833,71475,Late Delivery,0,processed
11834,98592,Damaged,2944,Pending
11835,44535,,3889,Pending
11836,91411,Wrong Item,4369,Processed
11837,95618,Damaged,4528,Rejected
11838,85485,Damaged,1377,PENDING
11839,11148,damaged,4697,Rejected
11840,44439,Wrong Item,-200,Pending
11841,32383,Missing Item,99999,Rejected
11842,93885,,3322,processed
11843,88525,Damaged,0,processed
11844,23571,Late Delivery,4874,Rejected
11845,99313,Late Delivery,-200,PENDING
11846,37216,WRONG,3265,Processed
11847,21330,Damaged,0,Pending
11848,2887,Damaged,99999,PENDING
11849,24109,Damaged,-200,Pending
11850,68413,Missing Item,0,Processed
11851,37601,Missing Item,2238,Pending
11852,8358,Wrong Item,1824,PENDING
11853,81812,damaged,1258,Processed
11854,69832,damaged,4746,PENDING
11855,98354,Missing Item,4522,PENDING
11856,64544,Wrong Item,-200,processed
11857,39637,damaged,2226,Rejected
11858,1877,Damaged,1423,Processed
11859,77283,WRONG,2346,PENDING
11860,62601,Late Delivery,0,Processed
11861,41318,Missing Item,3747,Processed
11862,80175,damaged,4497,Pending
11863,79554,Late Delivery,-200,Rejected
11864,58030,Missing Item,1941,Pending
11865,30906,,0,PENDING
11866,91275,Wrong Item,-200,Rejected
11867,24208,Damaged,99999,PENDING
11868,46043,Damaged,0,processed
11869,182,,1850,Rejected
11870,43672,Missing Item,2137,Rejected
11871,93518,Wrong Item,99999,Rejected
11872,54994,Wrong Item,3324,Rejected
11873,83401,,0,processed
11874,17860,,99999,PENDING
11875,31553,Wrong Item,3515,PENDING
11876,80722,,-200,PENDING
11877,26595,Wrong Item,1199,Pending
11878,79877,,99999,Processed
11879,61171,Wrong Item,1085,Processed
11880,13553,Late Delivery,99999,Rejected
11881,26127,damaged,0,Pending
11882,7676,WRONG,4811,PENDING
11883,93633,Wrong Item,-200,PENDING
11884,19906,Late Delivery,0,processed
11885,5064,Damaged,99999,Pending
11886,33017,Damaged,99999,Rejected
11887,42389,WRONG,0,Rejected
11888,45052,WRONG,1401,Processed
11889,90687,damaged,2788,PENDING
11890,74144,Late Delivery,717,Processed
11891,57592,Late Delivery,4531,processed
11892,62948,WRONG,-200,Pending
11893,50171,,-200,PENDING
11894,75283,Missing Item,244,PENDING
11895,86426,,-200,Rejected
11896,70556,damaged,99999,Pending
11897,6729,Missing Item,4961,Processed
11898,27422,Missing Item,0,Rejected
11899,35545,Wrong Item,1735,Pending
11900,41743,Missing Item,1944,Rejected
11901,22098,Late Delivery,237,Rejected
11902,34290,Damaged,-200,Pending
11903,23082,Damaged,4772,Pending
11904,2337,Missing Item,0,Pending
11905,51390,Missing Item,2383,PENDING
11906,76082,WRONG,99999,processed
11907,15552,,99999,Pending
11908,41857,WRONG,2374,Rejected
11909,82048,,4338,Pending
11910,88315,Wrong Item,-200,Rejected
11911,15905,Damaged,0,processed
11912,48383,Missing Item,-200,Rejected
11913,8622,,-200,Rejected
11914,77045,Late Delivery,99999,PENDING
11915,30173,Wrong Item,0,processed
11916,61455,Wrong Item,925,Rejected
11917,42985,Late Delivery,0,Pending
11918,48479,,99999,Processed
11919,93053,Wrong Item,3766,Processed
11920,55005,,4667,Rejected
11921,65743,,0,processed
11922,3590,Wrong Item,4553,Pending
11923,75316,damaged,0,processed
11924,34328,damaged,0,Pending
11925,3162,Damaged,99999,Pending
11926,71248,damaged,2557,Pending
11927,73039,damaged,99999,PENDING
11928,30001,Wrong Item,0,Processed
11929,70073,damaged,-200,Processed
11930,39559,Damaged,0,PENDING
11931,44800,WRONG,710,processed
11932,8785,Late Delivery,1585,Processed
11933,31030,Damaged,4854,PENDING
11934,19985,damaged,817,Pending
11935,38847,damaged,0,PENDING
11936,62020,WRONG,99999,PENDING
11937,46637,Late Delivery,99999,PENDING
11938,31661,WRONG,4987,processed
11939,25909,Late Delivery,3432,Rejected
11940,35928,WRONG,4752,PENDING
11941,45796,Missing Item,4846,Rejected
11942,46500,WRONG,3605,Processed
11943,96724,Late Delivery,4685,Processed
11944,84809,Wrong Item,877,Processed
11945,22107,Damaged,0,Processed
11946,36356,,99999,PENDING
11947,84756,Wrong Item,99999,PENDING
11948,20122,WRONG,0,Rejected
11949,26556,WRONG,99999,processed
11950,45065,Missing Item,1802,Rejected
11951,5831,Missing Item,0,PENDING
11952,17814,,-200,Pending
11953,2027,Wrong Item,4590,PENDING
11954,62621,Missing Item,-200,processed
11955,57235,,0,Rejected
11956,64431,Damaged,3097,processed
11957,32777,Late Delivery,493,processed
11958,21838,,4178,Processed
11959,1395,,-200,Rejected
11960,28505,Missing Item,-200,Processed
11961,96785,,99999,Processed
11962,34157,WRONG,4847,Pending
11963,1217,Late Delivery,2795,Processed
11964,20076,WRONG,1376,Pending
11965,29324,Wrong Item,99999,Processed
11966,12623,Damaged,247,Processed
11967,48254,,0,Pending
11968,79612,Damaged,592,Pending
11969,29310,damaged,0,Processed
11970,42486,,0,Rejected
11971,78974,,0,processed
11972,83202,damaged,1947,Pending
11973,67823,WRONG,99999,Processed
11974,13656,Late Delivery,0,PENDING
11975,45198,Wrong Item,4481,Pending
11976,27666,Damaged,99999,Rejected
11977,82047,damaged,1239,processed
11978,60502,Missing Item,1002,processed
11979,12775,damaged,99999,Rejected
11980,42656,damaged,2557,Pending
11981,68549,,261,Pending
11982,76775,Damaged,3909,processed
11983,54536,Missing Item,0,Rejected
11984,49844,Missing Item,99999,Pending
11985,44175,WRONG,457,Pending
11986,14600,Missing Item,0,Processed
11987,81752,,3962,PENDING
11988,9825,Missing Item,99999,Rejected
11989,94617,Wrong Item,3226,PENDING
11990,55339,Damaged,0,PENDING
11991,74366,damaged,1731,Rejected
11992,19570,damaged,4979,PENDING
11993,77261,Wrong Item,1879,processed
11994,17400,WRONG,3129,PENDING
11995,36766,Damaged,4422,processed
11996,13940,,1046,Processed
11997,3466,WRONG,1402,Pending
11998,90078,Late Delivery,-200,Pending
11999,35799,Missing Item,2368,PENDING
12000,51109,,99999,Processed
12001,85598,WRONG,1702,Pending
12002,55178,Damaged,0,Pending
12003,57005,WRONG,490,Rejected
12004,23447,Missing Item,4035,Processed
12005,81448,Late Delivery,-200,Processed
12006,36010,Missing Item,-200,processed
12007,53948,damaged,873,Processed
12008,25754,WRONG,99999,PENDING
12009,92523,Wrong Item,-200,Rejected
12010,99194,damaged,-200,Processed
12011,54819,Wrong Item,99999,Pending
12012,19608,WRONG,-200,Rejected
12013,38550,,4296,Processed
12014,91654,Wrong Item,-200,PENDING
12015,50437,Wrong Item,99999,processed
12016,64676,Missing Item,889,Processed
12017,82902,Wrong Item,3063,Processed
12018,45296,Damaged,4667,Rejected
12019,50076,Wrong Item,1302,processed
12020,81436,damaged,-200,Processed
12021,80820,Damaged,0,Pending
12022,27137,damaged,99999,Pending
12023,70687,Late Delivery,2177,PENDING
12024,39597,Wrong Item,2894,Rejected
12025,17634,Damaged,3394,Rejected
12026,64735,Wrong Item,3875,processed
12027,99962,Damaged,1953,PENDING
12028,14167,Damaged,1895,processed
12029,79064,,3276,processed
12030,64775,Damaged,99999,PENDING
12031,148,Late Delivery,99999,Pending
12032,18294,Damaged,1490,processed
12033,84789,Wrong Item,2198,processed
12034,49707,Wrong Item,3869,PENDING
12035,99616,Late Delivery,2802,Pending
12036,13420,Damaged,99999,Processed
12037,43920,Wrong Item,2004,Rejected
12038,31517,Late Delivery,-200,PENDING
12039,62789,damaged,99999,Pending
12040,63209,Wrong Item,129,processed
12041,76178,Missing Item,2452,Pending
12042,44532,WRONG,334,PENDING
12043,53821,Late Delivery,0,Pending
12044,29223,Late Delivery,3795,Rejected
12045,75338,Late Delivery,0,processed
12046,7113,Damaged,4179,Processed
12047,77434,WRONG,2904,Rejected
12048,10692,Damaged,99999,PENDING
12049,70121,WRONG,3537,PENDING
12050,74100,Late Delivery,-200,Rejected
12051,74003,Wrong Item,3109,Processed
12052,71688,Wrong Item,4915,processed
12053,81661,Damaged,2907,PENDING
12054,5029,Wrong Item,4887,processed
12055,84068,Damaged,4766,processed
12056,31297,WRONG,275,Processed
12057,21475,WRONG,2518,Processed
12058,34694,,-200,Processed
12059,8036,,99999,Processed
12060,33647,Missing Item,0,Pending
12061,26722,damaged,99999,Pending
12062,92656,Late Delivery,-200,Pending
12063,88620,damaged,3701,Processed
12064,78121,Wrong Item,4753,processed
12065,98011,Damaged,99999,PENDING
12066,47272,Missing Item,99999,Rejected
12067,47575,damaged,477,PENDING
12068,48422,Wrong Item,3572,PENDING
12069,46232,Late Delivery,688,PENDING
12070,85125,Damaged,-200,Processed
12071,19876,Missing Item,3052,PENDING
12072,31797,damaged,99999,Rejected
12073,87009,Late Delivery,-200,PENDING
12074,15345,damaged,0,processed
12075,46590,Late Delivery,-200,processed
12076,79630,Missing Item,2270,Processed
12077,32009,Damaged,-200,processed
12078,60602,damaged,99999,processed
12079,62725,,0,PENDING
12080,5273,damaged,3121,Processed
12081,97392,Missing Item,99999,Pending
12082,71661,WRONG,-200,processed
12083,85542,Late Delivery,1767,processed
12084,88422,WRONG,1444,PENDING
12085,64116,Late Delivery,99999,Pending
12086,56331,Wrong Item,3564,processed
12087,54343,Damaged,-200,PENDING
12088,94462,damaged,0,PENDING
12089,18428,,-200,Pending
12090,20491,Missing Item,99999,Pending
12091,24715,Missing Item,4574,Rejected
12092,33585,Late Delivery,4873,Processed
12093,53738,damaged,-200,PENDING
12094,26816,damaged,-200,Processed
12095,24896,WRONG,-200,Rejected
12096,7076,damaged,3698,Processed
12097,36214,,4214,Rejected
12098,83980,damaged,2525,PENDING
12099,49972,Wrong Item,0,Pending
12100,90742,Wrong Item,-200,Pending
12101,70774,Damaged,0,Pending
12102,62597,Late Delivery,291,Pending
12103,56474,Wrong Item,2793,PENDING
12104,10121,WRONG,2381,processed
12105,9209,Wrong Item,3276,PENDING
12106,94805,Damaged,-200,processed
12107,31930,damaged,-200,Pending
12108,39644,Missing Item,-200,processed
12109,77397,Late Delivery,-200,processed
12110,17885,Missing Item,0,Rejected
12111,40311,damaged,-200,Pending
12112,95003,damaged,4654,Pending
12113,86577,Wrong Item,2266,Rejected
12114,14584,WRONG,-200,processed
12115,62178,Late Delivery,1257,Processed
12116,39825,Wrong Item,-200,PENDING
12117,25402,Missing Item,0,processed
12118,84961,Damaged,99999,PENDING
12119,98042,damaged,0,Pending
12120,74697,,-200,Rejected
12121,16666,Damaged,-200,Rejected
12122,70977,damaged,2472,processed
12123,92063,,99999,Rejected
12124,20965,Wrong Item,0,processed
12125,82658,Damaged,1248,PENDING
12126,21519,Late Delivery,1754,Rejected
12127,48708,Missing Item,0,Processed
12128,79680,Missing Item,-200,Rejected
12129,56144,Wrong Item,1969,processed
12130,40720,Wrong Item,4909,Processed
12131,99890,Late Delivery,3118,Rejected
12132,11468,,99999,Rejected
12133,49874,WRONG,0,PENDING
12134,23315,Damaged,99999,PENDING
12135,13120,Wrong Item,-200,PENDING
12136,21573,Missing Item,-200,PENDING
12137,72626,Wrong Item,0,Processed
12138,22688,Damaged,99999,Pending
12139,96531,WRONG,231,Processed
12140,61810,Missing Item,0,Processed
12141,35178,damaged,99999,processed
12142,26723,WRONG,0,PENDING
12143,79803,,-200,processed
12144,12820,Damaged,99999,PENDING
12145,54117,,0,Processed
12146,63384,Late Delivery,0,PENDING
12147,15182,Late Delivery,-200,Rejected
12148,88558,,486,Processed
12149,77533,damaged,-200,PENDING
12150,99624,Damaged,-200,processed
12151,65924,Wrong Item,4142,Pending
12152,49142,Wrong Item,-200,Pending
12153,13910,Late Delivery,3556,Pending
12154,55676,Damaged,3351,PENDING
12155,84892,Missing Item,-200,Pending
12156,66120,,1211,Rejected
12157,67056,Damaged,-200,processed
12158,68336,Wrong Item,3066,Rejected
12159,23648,Wrong Item,99999,Pending
12160,60329,Damaged,3173,Pending
12161,65412,Wrong Item,4643,Rejected
12162,74122,,99999,PENDING
12163,81761,,4189,Processed
12164,30287,,0,PENDING
12165,70465,Wrong Item,-200,processed
12166,34079,WRONG,99999,Rejected
12167,49656,WRONG,2264,Processed
12168,2188,Late Delivery,-200,Pending
12169,23897,Missing Item,99999,Rejected
12170,14027,,-200,Rejected
12171,96832,Damaged,99999,Rejected
12172,99668,Missing Item,3366,Pending
12173,99418,damaged,0,Rejected
12174,3964,Missing Item,0,Processed
12175,91071,,99999,Pending
12176,49866,WRONG,99999,Rejected
12177,97327,WRONG,1857,Pending
12178,39871,Late Delivery,4637,Processed
12179,72779,Wrong Item,0,PENDING
12180,62186,Wrong Item,3194,Pending
12181,74214,Missing Item,1608,processed
12182,69132,WRONG,2955,Pending
12183,49610,Wrong Item,4124,Rejected
12184,4976,damaged,0,processed
12185,99312,,3601,PENDING
12186,97905,WRONG,0,PENDING
12187,78449,damaged,99999,PENDING
12188,37191,Late Delivery,99999,PENDING
12189,52251,WRONG,0,Processed
12190,70103,Wrong Item,99999,Pending
12191,29648,Damaged,3720,PENDING
12192,90472,Damaged,1588,Processed
12193,18781,WRONG,0,PENDING
12194,82093,Wrong Item,1528,processed
12195,62395,Damaged,0,Rejected
12196,27508,Wrong Item,0,processed
12197,5772,damaged,99999,PENDING
12198,74479,,2786,PENDING
12199,44469,,1550,Pending
12200,7410,Damaged,4866,processed
12201,66433,Damaged,0,Processed
12202,26475,Damaged,0,PENDING
12203,13056,damaged,99999,processed
12204,15196,WRONG,99999,processed
12205,92959,Damaged,99999,Processed
12206,37914,Missing Item,4078,Pending
12207,74091,Damaged,1030,Processed
12208,43224,Wrong Item,-200,Rejected
12209,50416,damaged,0,Rejected
12210,8176,Wrong Item,99999,processed
12211,29170,Wrong Item,0,Pending
12212,18688,WRONG,4587,Rejected
12213,80685,damaged,99999,Pending
12214,97733,damaged,140,processed
12215,2032,Damaged,2491,Processed
12216,82255,,0,Pending
12217,66776,Wrong Item,1647,Pending
12218,31544,Damaged,3971,PENDING
12219,18828,WRONG,2792,processed
12220,91163,Missing Item,4836,processed
12221,72170,WRONG,4256,processed
12222,99355,Late Delivery,-200,Processed
12223,19750,,0,Rejected
12224,33434,Missing Item,-200,Rejected
12225,41823,Wrong Item,1035,processed
12226,90042,damaged,99999,PENDING
12227,28387,Missing Item,99999,PENDING
12228,43207,damaged,4984,Processed
12229,15871,WRONG,829,Processed
12230,72154,,731,PENDING
12231,95811,WRONG,99999,processed
12232,82646,damaged,-200,Pending
12233,21897,Wrong Item,-200,PENDING
12234,81237,Wrong Item,1756,processed
12235,66274,Wrong Item,99999,processed
12236,53718,Late Delivery,1745,Pending
12237,35678,Late Delivery,2113,Rejected
12238,71510,Missing Item,2798,PENDING
12239,67132,Late Delivery,-200,Rejected
12240,45874,WRONG,2430,Rejected
12241,13932,Missing Item,0,processed
12242,9725,,1250,Processed
12243,52047,Late Delivery,493,Processed
12244,39821,Wrong Item,99999,Pending
12245,38488,Missing Item,-200,Rejected
12246,82376,Wrong Item,2133,Pending
12247,2622,damaged,499,processed
12248,62465,WRONG,0,Pending
12249,51319,Wrong Item,4658,PENDING
12250,87867,Late Delivery,2335,processed
12251,55394,Missing Item,4141,Processed
12252,70535,Missing Item,310,Rejected
12253,3814,Missing Item,-200,processed
12254,88360,WRONG,-200,Pending
12255,37281,Missing Item,0,PENDING
12256,23456,Wrong Item,0,Rejected
12257,19204,Late Delivery,1217,PENDING
12258,25428,damaged,0,processed
12259,80696,damaged,0,processed
12260,34035,Wrong Item,2381,Pending
12261,77869,,-200,Pending
12262,99005,,0,Rejected
12263,95763,damaged,0,Processed
12264,46504,Missing Item,99999,PENDING
12265,90301,Damaged,-200,Pending
12266,56848,WRONG,3845,Rejected
12267,47858,Damaged,470,Pending
12268,87319,Late Delivery,0,Pending
12269,53290,damaged,336,Rejected
12270,75944,WRONG,3227,processed
12271,73090,WRONG,2110,Rejected
12272,81502,Missing Item,0,PENDING
12273,54364,Damaged,1692,Rejected
12274,11005,Wrong Item,2371,PENDING
12275,33806,damaged,2232,processed
12276,54439,Wrong Item,4655,processed
12277,78545,Wrong Item,0,PENDING
12278,22982,WRONG,2352,processed
12279,40757,Late Delivery,-200,Rejected
12280,19752,Wrong Item,-200,Processed
12281,65133,Wrong Item,4800,Rejected
12282,20087,Late Delivery,4285,PENDING
12283,52829,WRONG,0,Processed
12284,73826,Damaged,0,processed
12285,60816,Late Delivery,4796,Pending
12286,7298,Damaged,99999,Rejected
12287,70463,damaged,0,processed
12288,10422,Damaged,2836,PENDING
12289,67380,Missing Item,1322,PENDING
12290,61846,Wrong Item,4930,processed
12291,99650,,0,PENDING
12292,11539,Late Delivery,1035,Processed
12293,63834,Wrong Item,0,Processed
12294,57948,,3692,PENDING
12295,9303,Damaged,-200,Pending
12296,63158,,4746,Pending
12297,81324,,3982,Processed
12298,32613,Damaged,99999,Rejected
12299,69134,,4929,Pending
12300,41997,,3520,PENDING
12301,5256,Late Delivery,2974,Rejected
12302,72300,damaged,1418,Rejected
12303,65969,Missing Item,0,processed
12304,46447,Missing Item,-200,Processed
12305,13740,Wrong Item,4303,PENDING
12306,97249,damaged,-200,Pending
12307,13903,Damaged,4121,Processed
12308,20360,Damaged,4886,PENDING
12309,3029,,0,Processed
12310,23381,Damaged,99999,Rejected
12311,1794,Damaged,4983,PENDING
12312,39428,Damaged,3948,Rejected
12313,24305,WRONG,398,Processed
12314,62689,damaged,-200,PENDING
12315,30925,,2316,Pending
12316,46979,WRONG,4520,Processed
12317,18788,damaged,99999,PENDING
12318,87448,Wrong Item,4178,Rejected
12319,72177,WRONG,3672,Rejected
12320,86843,Damaged,3626,processed
12321,11271,WRONG,3543,PENDING
12322,7501,Wrong Item,4753,PENDING
12323,52533,Wrong Item,-200,Pending
12324,80735,Wrong Item,3733,PENDING
12325,58788,Wrong Item,99999,PENDING
12326,91205,damaged,99999,Rejected
12327,32945,Wrong Item,921,processed
12328,53770,Late Delivery,-200,Rejected
12329,74451,Damaged,0,PENDING
12330,59607,damaged,114,Pending
12331,78496,WRONG,3135,PENDING
12332,25432,Damaged,3079,Pending
12333,8464,Wrong Item,3015,Processed
12334,45274,Missing Item,-200,processed
12335,50562,Late Delivery,295,PENDING
12336,36889,damaged,-200,Pending
12337,30438,Late Delivery,0,PENDING
12338,53856,Missing Item,2474,Rejected
12339,56038,WRONG,2445,Pending
12340,53109,Late Delivery,1348,Pending
12341,2856,Missing Item,1329,processed
12342,92255,Late Delivery,1952,Processed
12343,67817,Missing Item,1273,Processed
12344,55078,Damaged,2693,processed
12345,35810,Wrong Item,99999,Pending
12346,50952,,99999,PENDING
12347,73277,Wrong Item,217,processed
12348,18342,WRONG,4912,processed
12349,64506,Damaged,0,processed
12350,31892,Damaged,99999,Processed
12351,31365,,4574,processed
12352,98256,WRONG,3774,Processed
12353,61143,,99999,Pending
12354,29259,,0,PENDING
12355,87395,Late Delivery,99999,Pending
12356,61913,Late Delivery,2940,processed
12357,7704,WRONG,0,Processed
12358,18547,Wrong Item,99999,processed
12359,68664,Missing Item,2229,processed
12360,93079,WRONG,310,processed
12361,13218,damaged,604,PENDING
12362,1316,Missing Item,3068,PENDING
12363,71814,Damaged,3937,Pending
12364,82203,Damaged,838,PENDING
12365,68170,Missing Item,99999,Pending
12366,66583,Missing Item,99999,Processed
12367,86157,Late Delivery,4534,PENDING
12368,23547,damaged,4917,Processed
12369,53160,damaged,99999,processed
12370,86122,Wrong Item,99999,PENDING
12371,57963,Damaged,0,PENDING
12372,98483,,869,Rejected
12373,29165,Wrong Item,-200,processed
12374,69798,Missing Item,99999,Pending
12375,49780,Missing Item,0,PENDING
12376,63637,WRONG,1971,processed
12377,16049,Wrong Item,4015,processed
12378,33052,WRONG,3034,Pending
12379,8751,,1182,Rejected
12380,80123,Damaged,-200,Rejected
12381,48549,Damaged,4913,Processed
12382,42432,Damaged,4349,Pending
12383,61127,Damaged,524,Pending
12384,72608,Wrong Item,99999,Pending
12385,30544,Late Delivery,3948,Pending
12386,97773,Wrong Item,816,PENDING
12387,88584,Wrong Item,1739,processed
12388,66482,Late Delivery,838,Rejected
12389,58664,Damaged,4588,PENDING
12390,27134,Missing Item,0,PENDING
12391,97308,WRONG,-200,processed
12392,35073,,99999,PENDING
12393,96346,,0,processed
12394,10916,Damaged,0,Pending
12395,19323,damaged,1509,PENDING
12396,79209,WRONG,0,Rejected
12397,38024,,2138,Pending
12398,37635,WRONG,0,Processed
12399,98259,Late Delivery,1861,Pending
12400,2132,WRONG,0,PENDING
12401,84389,Damaged,4565,Pending
12402,4459,Missing Item,-200,processed
12403,66683,Missing Item,4834,PENDING
12404,90934,Late Delivery,99999,Processed
12405,52224,Missing Item,0,processed
12406,42536,,0,processed
12407,32634,Missing Item,4158,Rejected
12408,61501,Late Delivery,99999,Rejected
12409,73781,Late Delivery,4625,processed
12410,77762,WRONG,139,Pending
12411,39279,Damaged,3484,processed
12412,32202,Wrong Item,0,PENDING
12413,2901,damaged,3129,Pending
12414,19050,WRONG,834,Rejected
12415,68307,Damaged,0,processed
12416,35047,Damaged,2072,processed
12417,28721,Wrong Item,0,Pending
12418,7990,,99999,Processed
12419,49262,Missing Item,1654,Rejected
12420,27396,damaged,0,Rejected
12421,57190,damaged,4741,PENDING
12422,19616,damaged,4227,Pending
12423,18876,Late Delivery,230,Pending
12424,67607,Damaged,0,Rejected
12425,75664,Late Delivery,0,Pending
12426,51870,Late Delivery,3690,Pending
12427,23381,,816,Rejected
12428,58642,,0,Processed
12429,94317,,4821,processed
12430,68749,Late Delivery,3107,PENDING
12431,44024,damaged,1268,Processed
12432,91242,Missing Item,255,processed
12433,23439,damaged,-200,Rejected
12434,84175,,1128,processed
12435,30810,damaged,0,processed
12436,38441,damaged,99999,Rejected
12437,87975,Missing Item,1098,processed
12438,56048,WRONG,1758,PENDING
12439,17595,,3819,PENDING
12440,24546,damaged,-200,processed
12441,96083,damaged,1756,Processed
12442,93645,WRONG,4633,Processed
12443,59501,Late Delivery,4433,Processed
12444,87667,WRONG,2175,Rejected
12445,76934,Late Delivery,1017,processed
12446,44743,Wrong Item,3245,Processed
12447,14528,WRONG,3516,Processed
12448,18766,,2914,Processed
12449,14373,Missing Item,2506,processed
12450,93016,Missing Item,1016,processed
12451,18050,Missing Item,2363,processed
12452,55229,Damaged,0,PENDING
12453,46112,Damaged,-200,Pending
12454,69813,Late Delivery,3115,processed
12455,8282,WRONG,-200,processed
12456,22173,Damaged,3227,PENDING
12457,50640,,0,Processed
12458,97298,,3485,PENDING
12459,59274,,2981,Processed
12460,50754,,-200,PENDING
12461,16910,WRONG,0,processed
12462,24462,Damaged,517,PENDING
12463,73365,Damaged,0,processed
12464,27957,damaged,99999,processed
12465,15914,Late Delivery,493,Pending
12466,45315,Missing Item,99999,processed
12467,23873,,2653,processed
12468,35075,WRONG,2715,PENDING
12469,38773,WRONG,703,Processed
12470,66037,Wrong Item,160,PENDING
12471,68842,Missing Item,-200,PENDING
12472,40234,damaged,-200,Pending
12473,82418,,734,PENDING
12474,33229,damaged,99999,Pending
12475,57916,WRONG,99999,PENDING
12476,97834,WRONG,1013,Pending
12477,60132,Damaged,0,Processed
12478,9852,Wrong Item,0,Pending
12479,20909,Late Delivery,3657,Processed
12480,55297,Missing Item,874,processed
12481,19417,,0,Pending
12482,71802,Damaged,-200,Rejected
12483,60805,Damaged,4055,Rejected
12484,14266,Damaged,99999,Processed
12485,72174,Damaged,0,Processed
12486,35919,,4018,PENDING
12487,37450,Wrong Item,430,Pending
12488,2422,WRONG,99999,Pending
12489,83237,Wrong Item,3715,Pending
12490,15252,WRONG,-200,PENDING
12491,47373,Missing Item,99999,Processed
12492,23589,WRONG,1524,PENDING
12493,59163,damaged,116,Processed
12494,90564,Wrong Item,310,PENDING
12495,41475,Missing Item,-200,Processed
12496,49076,Damaged,2853,processed
12497,88951,Damaged,2786,processed
12498,88572,Missing Item,4204,Processed
12499,73318,damaged,549,PENDING
12500,9362,Missing Item,99999,Processed
12501,12202,Wrong Item,99999,Pending
12502,14420,Damaged,0,Processed
12503,12178,Wrong Item,1634,Processed
12504,54548,WRONG,99999,processed
12505,86511,WRONG,4320,processed
12506,14996,Missing Item,2225,Processed
12507,8078,Wrong Item,4640,Processed
12508,50714,Damaged,99999,processed
12509,5257,Wrong Item,4895,Processed
12510,45168,,399,processed
12511,87813,Late Delivery,954,PENDING
12512,27288,Wrong Item,0,Processed
12513,21461,Missing Item,1322,processed
12514,94095,,1756,processed
12515,58357,Late Delivery,0,PENDING
12516,75149,Damaged,-200,PENDING
12517,87778,Missing Item,1095,processed
12518,97167,WRONG,4368,PENDING
12519,18284,Missing Item,1187,Rejected
12520,45535,damaged,1560,PENDING
12521,2055,,4656,processed
12522,41577,damaged,3953,Rejected
12523,43173,Missing Item,0,Rejected
12524,41663,Late Delivery,362,Processed
12525,81475,Late Delivery,0,Rejected
12526,86674,,3900,processed
12527,67384,Damaged,-200,Rejected
12528,46817,Wrong Item,417,processed
12529,80642,Damaged,-200,Processed
12530,48683,Damaged,0,Rejected
12531,73761,Late Delivery,-200,Processed
12532,24277,Wrong Item,0,Pending
12533,55678,WRONG,0,Processed
12534,63037,Missing Item,4323,Processed
12535,58870,Wrong Item,-200,Pending
12536,90434,Wrong Item,2219,Rejected
12537,87090,Late Delivery,2613,Rejected
12538,14841,damaged,-200,Pending
12539,87879,damaged,1652,Processed
12540,20222,Missing Item,1562,processed
12541,9451,WRONG,2360,Pending
12542,45927,WRONG,3542,Rejected
12543,31243,,0,PENDING
12544,1575,Late Delivery,2941,Pending
12545,88212,Damaged,3792,Rejected
12546,56990,Wrong Item,0,Processed
12547,63200,damaged,99999,Pending
12548,66367,Late Delivery,0,processed
12549,37276,Wrong Item,99999,Rejected
12550,70294,Damaged,99999,Processed
12551,67631,Missing Item,4273,PENDING
12552,37784,,-200,processed
12553,93078,WRONG,1800,Rejected
12554,25072,damaged,1959,Rejected
12555,89556,,4625,Rejected
12556,58900,Late Delivery,-200,Pending
12557,43366,WRONG,2092,Processed
12558,17349,Wrong Item,1908,processed
12559,58643,WRONG,-200,processed
12560,47597,Wrong Item,-200,Pending
12561,51969,Missing Item,3944,Processed
12562,54776,Missing Item,1204,Processed
12563,31065,Missing Item,0,PENDING
12564,12469,Damaged,-200,PENDING
12565,10805,WRONG,0,Rejected
12566,19307,Late Delivery,99999,processed
12567,67221,damaged,-200,processed
12568,7600,,3116,Pending
12569,25947,Wrong Item,2736,Processed
12570,57579,Missing Item,4375,Processed
12571,33400,Missing Item,1359,Rejected
12572,91794,,1798,Rejected
12573,11186,Late Delivery,99999,processed
12574,74488,WRONG,-200,Processed
12575,49285,Missing Item,3641,Rejected
12576,45934,WRONG,4447,Pending
12577,847,damaged,909,PENDING
12578,66123,Damaged,2518,PENDING
12579,44042,Damaged,2658,processed
12580,467,,-200,PENDING
12581,77634,Late Delivery,99999,Processed
12582,79157,Missing Item,-200,Pending
12583,84391,damaged,99999,Processed
12584,49492,WRONG,2747,Rejected
12585,98608,Damaged,-200,processed
12586,40439,damaged,99999,Rejected
12587,21474,Late Delivery,2466,processed
12588,97073,WRONG,99999,Processed
12589,28137,,2515,Pending
12590,95629,Missing Item,351,Pending
12591,18337,Damaged,0,processed
12592,64548,Late Delivery,99999,Processed
12593,82628,Damaged,2724,Processed
12594,88845,damaged,3335,Pending
12595,30848,Wrong Item,-200,Processed
12596,83845,Missing Item,-200,PENDING
12597,14149,,99999,Pending
12598,22813,,99999,processed
12599,84811,damaged,0,PENDING
12600,13216,WRONG,0,Pending
12601,14997,WRONG,2084,Rejected
12602,54996,,0,processed
12603,48889,Damaged,99999,PENDING
12604,76561,Wrong Item,3504,Processed
12605,6558,damaged,3726,Processed
12606,75108,,4902,Rejected
12607,196,WRONG,99999,Rejected
12608,8254,Damaged,746,Rejected
12609,65222,Missing Item,99999,Processed
12610,37340,Damaged,0,processed
12611,76049,WRONG,-200,Pending
12612,38254,Damaged,-200,processed
12613,59463,Wrong Item,4353,Processed
12614,89511,Missing Item,0,processed
12615,44723,Damaged,3067,Processed
12616,26574,WRONG,-200,Rejected
12617,61059,Missing Item,0,PENDING
12618,52838,Damaged,99999,Processed
12619,31114,Damaged,358,Processed
12620,71564,damaged,-200,Rejected
12621,4502,Late Delivery,4185,Rejected
12622,5765,damaged,0,Pending
12623,2891,Damaged,1672,processed
12624,11182,Damaged,-200,Processed
12625,98893,Damaged,0,Processed
12626,13109,Wrong Item,0,Processed
12627,72929,,-200,PENDING
12628,36086,WRONG,99999,Pending
12629,19635,WRONG,4457,Pending
12630,94605,Wrong Item,0,PENDING
12631,1104,damaged,99999,Rejected
12632,12504,Late Delivery,4409,PENDING
12633,10217,damaged,1737,Rejected
12634,31722,damaged,-200,Pending
12635,22167,Wrong Item,-200,Processed
12636,16227,,1746,Rejected
12637,59457,Wrong Item,535,Rejected
12638,79646,,0,PENDING
12639,13386,WRONG,1199,Rejected
12640,29555,,-200,Processed
12641,53143,,2421,Rejected
12642,59844,damaged,0,PENDING
12643,99743,Damaged,3174,Processed
12644,57112,Damaged,4546,Pending
12645,77750,Missing Item,517,processed
12646,89910,WRONG,99999,processed
12647,50818,,1168,Processed
12648,74153,Missing Item,99999,PENDING
12649,301,Late Delivery,5000,Processed
12650,6959,Wrong Item,2666,Processed
12651,96694,,99999,Rejected
12652,44118,Missing Item,-200,PENDING
12653,69917,WRONG,0,PENDING
12654,30567,Missing Item,2984,Processed
12655,32110,Missing Item,587,Rejected
12656,67817,damaged,4797,Processed
12657,78846,damaged,4762,PENDING
12658,88596,Late Delivery,4860,Pending
12659,57209,Late Delivery,0,Rejected
12660,99220,Missing Item,3513,Rejected
12661,98400,Missing Item,99999,Processed
12662,77722,Wrong Item,-200,PENDING
12663,34711,damaged,-200,Rejected
12664,14787,damaged,-200,processed
12665,9939,WRONG,-200,Pending
12666,59767,Late Delivery,99999,Processed
12667,69056,Wrong Item,99999,Processed
12668,13370,WRONG,99999,processed
12669,59575,WRONG,2159,Rejected
12670,8270,Damaged,3391,Pending
12671,87821,Wrong Item,99999,Rejected
12672,58552,Late Delivery,-200,Processed
12673,31784,damaged,967,Pending
12674,58396,Wrong Item,0,Processed
12675,21274,Missing Item,-200,PENDING
12676,91879,Late Delivery,0,processed
12677,38624,Damaged,-200,Rejected
12678,79823,WRONG,-200,Processed
12679,87164,,1488,Rejected
12680,93092,Damaged,-200,processed
12681,62684,damaged,4962,PENDING
12682,1907,WRONG,1992,PENDING
12683,75766,damaged,-200,Rejected
12684,98901,Missing Item,-200,PENDING
12685,23691,Damaged,0,Processed
12686,84849,damaged,99999,Processed
12687,8911,Missing Item,0,processed
12688,81036,,0,Pending
12689,53801,Missing Item,0,Rejected
12690,37303,Damaged,-200,Rejected
12691,92200,Damaged,99999,PENDING
12692,72519,Late Delivery,733,Pending
12693,80688,Wrong Item,-200,Pending
12694,16937,Late Delivery,99999,Processed
12695,26956,Missing Item,1475,Pending
12696,34085,Late Delivery,0,Rejected
12697,69174,Wrong Item,2007,processed
12698,28125,Wrong Item,204,PENDING
12699,93441,Damaged,0,Pending
12700,65552,Missing Item,0,Processed
12701,43550,Late Delivery,-200,PENDING
12702,30962,WRONG,1022,Pending
12703,24944,WRONG,-200,Processed
12704,58962,Wrong Item,0,Rejected
12705,5135,Damaged,2729,PENDING
12706,9526,damaged,1997,PENDING
12707,92751,Missing Item,0,PENDING
12708,32185,Late Delivery,99999,processed
12709,43944,Wrong Item,-200,PENDING
12710,60475,Missing Item,99999,Pending
12711,62916,Damaged,1594,Rejected
12712,44293,Late Delivery,1731,Rejected
12713,51732,Wrong Item,-200,processed
12714,11378,WRONG,0,Pending
12715,35251,,-200,Processed
12716,93727,Late Delivery,2085,processed
12717,23370,,0,processed
12718,78373,Late Delivery,99999,Pending
12719,40549,Damaged,4047,processed
12720,73203,damaged,-200,PENDING
12721,93845,Wrong Item,3104,PENDING
12722,72455,Wrong Item,3498,Rejected
12723,49201,Wrong Item,1889,Processed
12724,16463,WRONG,0,processed
12725,36163,Damaged,2860,processed
12726,35791,WRONG,3510,Processed
12727,69185,Damaged,0,Pending
12728,37734,WRONG,99999,Rejected
12729,33314,WRONG,4475,Rejected
12730,46229,Late Delivery,-200,PENDING
12731,48285,Damaged,4132,PENDING
12732,3690,WRONG,608,PENDING
12733,70657,damaged,1954,Processed
12734,17936,damaged,378,Processed
12735,2359,damaged,99999,Pending
12736,12198,,361,PENDING
12737,62617,Wrong Item,2769,processed
12738,80925,damaged,-200,PENDING
12739,31921,damaged,490,PENDING
12740,94491,Damaged,2064,Rejected
12741,15825,,888,Processed
12742,83263,Late Delivery,4455,Rejected
12743,79786,,99999,Pending
12744,72606,Damaged,99999,PENDING
12745,62854,Wrong Item,4205,Pending
12746,93085,,3819,Pending
12747,74062,WRONG,1433,processed
12748,12650,,584,processed
12749,12346,Late Delivery,99999,Rejected
12750,15971,Missing Item,3062,processed
12751,70813,Late Delivery,112,Rejected
12752,77369,Damaged,1142,Processed
12753,28224,Late Delivery,0,PENDING
12754,21039,Late Delivery,-200,Pending
12755,51576,Damaged,99999,Rejected
12756,11925,Late Delivery,1238,PENDING
12757,65768,Damaged,-200,Rejected
12758,22283,Damaged,0,Processed
12759,40517,Late Delivery,99999,Rejected
12760,94018,Wrong Item,544,Processed
12761,25972,damaged,2870,Rejected
12762,83600,damaged,4066,PENDING
12763,26388,Wrong Item,-200,Rejected
12764,52667,,99999,PENDING
12765,53150,Wrong Item,401,PENDING
12766,80645,Missing Item,0,PENDING
12767,93745,Late Delivery,2702,Rejected
12768,97240,Wrong Item,1147,processed
12769,20847,damaged,3326,Rejected
12770,26515,,853,PENDING
12771,48689,Missing Item,0,Rejected
12772,17339,,0,Rejected
12773,38259,,99999,PENDING
12774,4565,Damaged,1251,Rejected
12775,73595,Missing Item,2024,processed
12776,4706,WRONG,4874,PENDING
12777,48111,damaged,99999,Processed
12778,65830,Late Delivery,99999,PENDING
12779,10073,Missing Item,4922,Pending
12780,40426,Late Delivery,643,processed
12781,62148,Missing Item,3758,Rejected
12782,93434,Wrong Item,1631,Pending
12783,71295,damaged,2937,Rejected
12784,45625,Missing Item,0,processed
12785,61161,Missing Item,0,Processed
12786,31133,Damaged,-200,Pending
12787,75173,WRONG,2845,Processed
12788,15561,,0,Rejected
12789,61154,Damaged,-200,processed
12790,92561,damaged,-200,Rejected
12791,41091,Damaged,4608,Pending
12792,41289,,1353,Processed
12793,31223,damaged,99999,Pending
12794,19472,damaged,3762,Rejected
12795,5380,Wrong Item,-200,PENDING
12796,22400,,-200,PENDING
12797,19639,damaged,613,PENDING
12798,30859,WRONG,99999,processed
12799,28260,damaged,4940,Processed
12800,17562,Late Delivery,1343,processed
12801,69627,Wrong Item,4355,PENDING
12802,87671,Missing Item,2283,Processed
12803,59061,WRONG,99999,Processed
12804,38601,damaged,99999,Rejected
12805,69695,Damaged,4329,Pending
12806,27498,,869,Pending
12807,73055,Late Delivery,1508,Rejected
12808,47705,damaged,99999,Pending
12809,42815,Late Delivery,99999,Pending
12810,13037,WRONG,860,Rejected
12811,83615,Wrong Item,102,Processed
12812,30024,Late Delivery,4591,Rejected
12813,1838,Damaged,363,Processed
12814,13881,Damaged,99999,PENDING
12815,69349,,2942,PENDING
12816,5216,Wrong Item,-200,Rejected
12817,55273,,536,Rejected
12818,76608,Missing Item,2075,Pending
12819,41337,WRONG,99999,PENDING
12820,9293,damaged,-200,PENDING
12821,46691,,0,Pending
12822,48445,Damaged,1416,processed
12823,51305,,0,Pending
12824,13274,Late Delivery,-200,PENDING
12825,86471,Late Delivery,2994,Pending
12826,27106,Damaged,-200,PENDING
12827,36786,damaged,-200,Pending
12828,11491,Late Delivery,99999,PENDING
12829,95787,Missing Item,3393,Processed
12830,39088,WRONG,2880,PENDING
12831,8179,,99999,processed
12832,75443,Wrong Item,99999,Rejected
12833,2283,,263,Rejected
12834,43792,Wrong Item,458,PENDING
12835,10226,Late Delivery,0,Processed
12836,23051,Damaged,-200,PENDING
12837,60591,Wrong Item,-200,PENDING
12838,51343,damaged,-200,Rejected
12839,51263,WRONG,2715,Pending
12840,884,Wrong Item,1769,PENDING
12841,40519,Late Delivery,99999,Rejected
12842,7089,WRONG,3376,processed
12843,34788,Damaged,2764,processed
12844,25385,Wrong Item,4267,Rejected
12845,85095,Damaged,1890,Pending
12846,68497,Late Delivery,0,PENDING
12847,71787,WRONG,0,PENDING
12848,25612,Late Delivery,2375,processed
12849,46261,WRONG,380,Pending
12850,29827,,99999,Processed
12851,27084,Late Delivery,99999,Rejected
12852,94737,Wrong Item,-200,processed
12853,15251,Late Delivery,-200,Rejected
12854,56045,damaged,-200,Processed
12855,25714,Late Delivery,0,PENDING
12856,35802,WRONG,1223,Pending
12857,3470,Late Delivery,4010,Rejected
12858,47514,Late Delivery,3320,Pending
12859,14568,,99999,Rejected
12860,4449,damaged,-200,Rejected
12861,59106,Late Delivery,0,Pending
12862,35140,Wrong Item,0,processed
12863,84860,Late Delivery,99999,Processed
12864,81915,Damaged,0,Rejected
12865,27430,WRONG,268,Processed
12866,98311,Wrong Item,1525,Rejected
12867,42353,Damaged,0,processed
12868,77716,Missing Item,-200,PENDING
12869,53580,,-200,Processed
12870,26073,Damaged,99999,processed
12871,23437,Late Delivery,-200,Rejected
12872,44700,WRONG,99999,Rejected
12873,94959,,913,Rejected
12874,61353,WRONG,2810,PENDING
12875,80145,,4471,Rejected
12876,2921,WRONG,2855,Rejected
12877,47556,WRONG,2350,processed
12878,4703,,0,Rejected
12879,66802,,2951,PENDING
12880,91742,damaged,-200,Rejected
12881,58133,Late Delivery,2796,PENDING
12882,88058,WRONG,1037,Processed
12883,52020,Wrong Item,3621,PENDING
12884,71087,damaged,99999,processed
12885,31112,Missing Item,4043,Rejected
12886,52508,damaged,2468,PENDING
12887,61384,Late Delivery,99999,Processed
12888,85261,Late Delivery,4874,Rejected
12889,76893,Missing Item,4206,Pending
12890,48487,,2259,PENDING
12891,68410,Late Delivery,1704,Processed
12892,43726,Wrong Item,1381,Pending
12893,91989,Missing Item,0,PENDING
12894,50293,Missing Item,220,Processed
12895,61353,damaged,99999,Rejected
12896,12309,Missing Item,3465,PENDING
12897,55551,Late Delivery,193,Pending
12898,98031,damaged,0,PENDING
12899,95957,damaged,4317,processed
12900,5412,Missing Item,99999,Pending
12901,37710,Damaged,99999,Pending
12902,28904,Damaged,206,processed
12903,28728,Damaged,2641,PENDING
12904,81191,WRONG,2488,processed
12905,50729,Damaged,-200,processed
12906,84999,Late Delivery,0,processed
12907,41043,Late Delivery,-200,Processed
12908,26348,,-200,processed
12909,63990,damaged,2198,Pending
12910,29629,Wrong Item,3524,Processed
12911,36688,Late Delivery,2498,processed
12912,81913,Damaged,99999,processed
12913,86700,WRONG,4771,Pending
12914,8619,Damaged,4323,PENDING
12915,21708,Damaged,2700,Rejected
12916,47372,Missing Item,99999,processed
12917,3012,Late Delivery,1211,processed
12918,51208,WRONG,2492,processed
12919,44249,Late Delivery,3433,Rejected
12920,36167,,1967,PENDING
12921,67565,Missing Item,0,Rejected
12922,12520,Late Delivery,99999,PENDING
12923,82991,Wrong Item,2583,PENDING
12924,72285,Missing Item,99999,PENDING
12925,16489,Missing Item,4496,processed
12926,19458,Late Delivery,3030,Processed
12927,12236,WRONG,-200,Processed
12928,71967,Wrong Item,2424,processed
12929,95929,WRONG,1600,Rejected
12930,25366,Damaged,980,Pending
12931,27728,damaged,1307,Pending
12932,35774,Late Delivery,3442,Rejected
12933,76526,Missing Item,2572,PENDING
12934,54852,WRONG,-200,PENDING
12935,84312,damaged,0,Processed
12936,41661,Missing Item,-200,PENDING
12937,66871,damaged,4928,processed
12938,13096,,99999,Rejected
12939,27046,WRONG,1659,Processed
12940,12879,WRONG,1905,Processed
12941,3993,Late Delivery,-200,PENDING
12942,33393,Damaged,-200,Rejected
12943,51496,Wrong Item,2323,processed
12944,19212,,1565,processed
12945,16838,damaged,99999,PENDING
12946,45106,,1421,processed
12947,92415,Wrong Item,509,processed
12948,55314,damaged,1105,processed
12949,443,Late Delivery,99999,Processed
12950,78961,damaged,3655,PENDING
12951,12655,WRONG,3680,PENDING
12952,2004,damaged,2593,processed
12953,1593,WRONG,-200,Rejected
12954,29141,damaged,0,PENDING
12955,33765,,0,Rejected
12956,40811,Damaged,99999,Pending
12957,85512,damaged,1972,PENDING
12958,17413,Damaged,99999,Rejected
12959,76835,Damaged,2723,Rejected
12960,61422,Missing Item,0,Rejected
12961,64618,Late Delivery,586,Rejected
12962,58993,damaged,4629,PENDING
12963,43328,Late Delivery,99999,Rejected
12964,43245,Late Delivery,2838,Pending
12965,16272,Late Delivery,0,processed
12966,92864,,99999,processed
12967,1261,Missing Item,-200,Processed
12968,45406,WRONG,99999,processed
12969,68912,damaged,0,Pending
12970,11807,damaged,229,Rejected
12971,70943,damaged,-200,PENDING
12972,21919,,598,PENDING
12973,15096,,0,processed
12974,60510,Missing Item,826,Processed
12975,96329,WRONG,437,Pending
12976,47383,Missing Item,-200,PENDING
12977,73918,Damaged,99999,Rejected
12978,33791,Late Delivery,2473,Pending
12979,41799,,-200,Processed
12980,62996,Damaged,3966,PENDING
12981,44914,damaged,4260,PENDING
12982,57897,Missing Item,-200,processed
12983,12599,Damaged,3462,Processed
12984,92492,Wrong Item,362,Rejected
12985,47051,,1132,PENDING
12986,39367,damaged,4853,processed
12987,86770,Damaged,118,Rejected
12988,14565,Damaged,99999,Pending
12989,42692,,0,Rejected
12990,58175,Damaged,99999,PENDING
12991,40496,damaged,0,Pending
12992,33641,,0,processed
12993,75906,Damaged,4478,Rejected
12994,12961,,1639,Processed
12995,50334,,99999,Processed
12996,22246,Wrong Item,0,Processed
12997,72741,Wrong Item,-200,Rejected
12998,82480,Damaged,2072,PENDING
12999,78001,Damaged,4861,PENDING
13000,41129,Damaged,1746,PENDING
13001,16983,WRONG,845,PENDING
13002,49529,damaged,-200,processed
13003,98153,Wrong Item,-200,Processed
13004,55537,Missing Item,1821,processed
13005,44162,Wrong Item,0,processed
13006,62935,WRONG,138,processed
13007,7935,Damaged,-200,Pending
13008,43991,WRONG,99999,processed
13009,43327,WRONG,0,processed
13010,48232,Missing Item,4606,Rejected
13011,67665,WRONG,3140,Rejected
13012,15654,damaged,-200,Pending
13013,20203,damaged,-200,Processed
13014,85613,damaged,99999,processed
13015,9017,Late Delivery,2530,processed
13016,38691,WRONG,3249,PENDING
13017,56472,Wrong Item,1617,Processed
13018,15685,Damaged,2160,Processed
13019,97240,Late Delivery,99999,Pending
13020,36755,Late Delivery,4907,Pending
13021,23452,,3093,Processed
13022,24459,Damaged,0,Rejected
13023,30506,Damaged,3403,PENDING
13024,45265,Missing Item,3037,Rejected
13025,67297,Wrong Item,1713,Processed
13026,13592,Damaged,3340,PENDING
13027,62178,damaged,-200,Rejected
13028,36552,Wrong Item,99999,PENDING
13029,76889,Damaged,-200,PENDING
13030,77151,Wrong Item,99999,Rejected
13031,70458,,4357,processed
13032,58608,,0,Rejected
13033,61581,WRONG,104,processed
13034,62707,,-200,processed
13035,4167,Wrong Item,4226,processed
13036,81667,Damaged,4433,Processed
13037,31786,Damaged,614,Pending
13038,37639,WRONG,0,processed
13039,11146,Missing Item,3797,PENDING
13040,66318,Damaged,527,processed
13041,48148,Damaged,-200,PENDING
13042,19237,Late Delivery,0,Rejected
13043,53988,WRONG,0,Processed
13044,48278,Wrong Item,2970,PENDING
13045,99448,WRONG,1899,Processed
13046,99379,WRONG,2229,Pending
13047,76642,Missing Item,4664,PENDING
13048,46515,,504,Processed
13049,3367,Damaged,99999,Rejected
13050,85656,Wrong Item,3723,processed
13051,65850,damaged,2396,Rejected
13052,58172,Wrong Item,2279,Pending
13053,88905,Wrong Item,4073,Processed
13054,88890,WRONG,939,Rejected
13055,18111,Missing Item,0,processed
13056,45963,damaged,0,Rejected
13057,94038,Wrong Item,3647,Processed
13058,81256,WRONG,4788,Rejected
13059,63596,damaged,3587,Pending
13060,2584,WRONG,99999,PENDING
13061,17021,Missing Item,-200,Pending
13062,10797,Damaged,99999,Processed
13063,83569,Missing Item,0,Pending
13064,84730,WRONG,0,PENDING
13065,91387,,3146,processed
13066,93621,WRONG,-200,Rejected
13067,55696,Missing Item,99999,Rejected
13068,71115,damaged,99999,Pending
13069,62411,Missing Item,-200,processed
13070,81429,damaged,3696,Rejected
13071,61730,Damaged,347,Pending
13072,18034,WRONG,-200,processed
13073,19745,damaged,99999,PENDING
13074,20015,damaged,0,processed
13075,67723,Missing Item,200,PENDING
13076,29310,Damaged,-200,Processed
13077,48442,Damaged,558,Pending
13078,7280,Damaged,0,Processed
13079,27983,Damaged,0,processed
13080,29124,WRONG,99999,Processed
13081,92117,damaged,-200,processed
13082,15103,damaged,3301,Processed
13083,7784,,-200,Processed
13084,98693,Wrong Item,0,Processed
13085,87065,damaged,-200,Rejected
13086,24480,,148,Rejected
13087,59501,WRONG,3395,PENDING
13088,41906,Late Delivery,99999,processed
13089,66091,Late Delivery,2457,processed
13090,54469,Late Delivery,0,Processed
13091,66153,Damaged,4788,Rejected
13092,64776,damaged,3108,Processed
13093,53625,Missing Item,3412,Pending
13094,55565,WRONG,271,processed
13095,51289,Missing Item,99999,Pending
13096,75511,damaged,2313,processed
13097,67857,Damaged,-200,processed
13098,3255,Late Delivery,1050,Rejected
13099,47978,Wrong Item,4623,processed
13100,89796,damaged,0,processed
13101,31794,WRONG,3778,processed
13102,4540,Missing Item,99999,PENDING
13103,85295,WRONG,99999,Rejected
13104,97906,WRONG,2229,Processed
13105,52714,Damaged,436,processed
13106,35663,,99999,Processed
13107,60170,WRONG,721,processed
13108,24187,Wrong Item,2604,Processed
13109,54357,Wrong Item,1204,processed
13110,51827,WRONG,2265,processed
13111,10433,Late Delivery,4524,Processed
13112,85266,Missing Item,3408,Rejected
13113,61354,WRONG,757,processed
13114,82214,damaged,-200,Processed
13115,4968,Wrong Item,99999,processed
13116,6111,Missing Item,1326,Rejected
13117,87145,Late Delivery,3118,Pending
13118,29573,Missing Item,0,Rejected
13119,68608,Missing Item,99999,Rejected
13120,22609,Late Delivery,-200,Processed
13121,99102,WRONG,4969,Pending
13122,92644,,4055,processed
13123,95697,Missing Item,99999,PENDING
13124,66106,Damaged,-200,Pending
13125,80826,Late Delivery,3590,Pending
13126,6107,,99999,processed
13127,26265,Late Delivery,99999,Rejected
13128,18042,,3364,processed
13129,99487,Late Delivery,104,PENDING
13130,75047,Damaged,4712,processed
13131,75794,Late Delivery,4317,Pending
13132,76796,Damaged,2226,Rejected
13133,94467,Late Delivery,3714,Processed
13134,66335,Wrong Item,-200,Rejected
13135,63946,Late Delivery,-200,Rejected
13136,72988,WRONG,99999,processed
13137,83964,,99999,PENDING
13138,11259,Wrong Item,2135,Pending
13139,94178,damaged,0,processed
13140,44318,WRONG,4161,processed
13141,21589,Missing Item,4059,PENDING
13142,84980,Damaged,863,PENDING
13143,99955,Wrong Item,0,Rejected
13144,86975,Late Delivery,4067,processed
13145,2762,damaged,2640,processed
13146,64454,Late Delivery,1311,Processed
13147,33866,Damaged,1552,Processed
13148,73439,,-200,processed
13149,37721,,-200,processed
13150,99366,WRONG,3943,Pending
13151,53235,damaged,646,Processed
13152,88406,damaged,99999,Pending
13153,73947,Wrong Item,99999,Pending
13154,58592,,2291,Pending
13155,17056,Missing Item,0,Pending
13156,85084,WRONG,0,PENDING
13157,65426,,1518,Pending
13158,96046,Missing Item,0,Processed
13159,93274,Wrong Item,-200,processed
13160,97877,Missing Item,0,Processed
13161,22906,Damaged,0,processed
13162,88551,Wrong Item,-200,Rejected
13163,23819,Late Delivery,99999,Processed
13164,13509,damaged,-200,PENDING
13165,49099,WRONG,0,processed
13166,43804,Damaged,0,processed
13167,62958,damaged,1248,Rejected
13168,27282,Wrong Item,99999,PENDING
13169,71131,Late Delivery,99999,Processed
13170,41854,Damaged,-200,Processed
13171,16332,Late Delivery,907,Processed
13172,24497,,2131,Processed
13173,72654,Late Delivery,99999,Processed
13174,65591,,-200,processed
13175,24378,WRONG,3074,processed
13176,46009,,1609,Pending
13177,71246,Late Delivery,-200,Pending
13178,48622,WRONG,-200,Pending
13179,38413,Damaged,99999,PENDING
13180,5175,Missing Item,4050,Processed
13181,17802,Late Delivery,0,PENDING
13182,72623,Missing Item,4711,Pending
13183,40443,Missing Item,2425,Processed
13184,76317,WRONG,0,Pending
13185,52832,,0,Pending
13186,49373,WRONG,4387,PENDING
13187,71906,damaged,3564,Pending
13188,39421,Missing Item,99999,Processed
13189,59313,damaged,99999,Rejected
13190,42261,damaged,3787,Rejected
13191,7426,damaged,0,processed
13192,88062,damaged,-200,Rejected
13193,20218,WRONG,4215,processed
13194,58722,Late Delivery,99999,processed
13195,66679,Damaged,1451,Processed
13196,32578,WRONG,1476,Pending
13197,52282,Damaged,1306,Pending
13198,87976,,723,Pending
13199,60574,Missing Item,318,Pending
13200,79960,WRONG,99999,Rejected
13201,81856,Late Delivery,0,processed
13202,73916,Late Delivery,2064,PENDING
13203,30239,Damaged,4782,PENDING
13204,47290,Damaged,99999,PENDING
13205,19328,Damaged,99999,Rejected
13206,11719,Damaged,99999,Processed
13207,65767,,3812,Processed
13208,88323,WRONG,4926,PENDING
13209,97396,Late Delivery,99999,Rejected
13210,94054,Wrong Item,527,Rejected
13211,51915,Damaged,4645,PENDING
13212,44311,WRONG,3659,Rejected
13213,90276,Wrong Item,3663,Processed
13214,12320,,3475,Pending
13215,5136,damaged,3646,Processed
13216,54200,Missing Item,99999,Pending
13217,10566,WRONG,4896,Processed
13218,25552,Late Delivery,1014,Processed
13219,21129,,1507,Pending
13220,66783,Late Delivery,99999,PENDING
13221,40668,Damaged,0,processed
13222,51191,,2078,PENDING
13223,28901,Missing Item,-200,Pending
13224,90335,Damaged,0,Processed
13225,53205,WRONG,-200,Rejected
13226,56731,Wrong Item,3605,PENDING
13227,12487,damaged,458,Pending
13228,99821,WRONG,4493,Processed
13229,92103,damaged,-200,Pending
13230,33124,Damaged,1318,processed
13231,85850,,342,Rejected
13232,66178,Damaged,1366,PENDING
13233,42955,Missing Item,4789,Pending
13234,69755,Late Delivery,3060,processed
13235,49057,Wrong Item,0,processed
13236,67754,WRONG,919,processed
13237,62284,Missing Item,99999,processed
13238,35748,damaged,3103,Pending
13239,55739,Late Delivery,1248,Rejected
13240,15041,Late Delivery,4699,Pending
13241,55520,WRONG,4623,Pending
13242,89332,Missing Item,0,PENDING
13243,12858,,4095,processed
13244,92879,WRONG,0,Pending
13245,77136,,-200,Processed
13246,76804,Damaged,4447,Processed
13247,93917,damaged,3144,PENDING
13248,20944,Wrong Item,99999,Rejected
13249,79288,Wrong Item,-200,Rejected
13250,34577,Late Delivery,0,Pending
13251,19387,damaged,0,Pending
13252,91482,Damaged,0,processed
13253,91919,Late Delivery,0,Rejected
13254,16894,damaged,-200,Rejected
13255,43275,damaged,-200,processed
13256,63514,Late Delivery,0,PENDING
13257,84458,,-200,PENDING
13258,80986,Missing Item,99999,Processed
13259,91952,Damaged,1323,processed
13260,32580,Wrong Item,-200,Pending
13261,54007,Wrong Item,2331,processed
13262,97362,,-200,PENDING
13263,23259,Missing Item,1606,Rejected
13264,98065,,4718,PENDING
13265,51642,damaged,99999,Rejected
13266,71243,Missing Item,4383,PENDING
13267,96502,Late Delivery,3104,Pending
13268,83043,Late Delivery,2718,PENDING
13269,41016,Damaged,843,PENDING
13270,22847,WRONG,395,Pending
13271,13273,Wrong Item,99999,Processed
13272,23504,damaged,4719,processed
13273,91607,Wrong Item,99999,Rejected
13274,69221,,2850,processed
13275,35544,WRONG,-200,processed
13276,8280,,0,Rejected
13277,96586,Late Delivery,1523,Processed
13278,49655,damaged,99999,processed
13279,72699,,99999,processed
13280,76669,WRONG,99999,PENDING
13281,59881,Missing Item,-200,PENDING
13282,37582,,0,processed
13283,19888,Wrong Item,0,Processed
13284,36969,Damaged,4114,PENDING
13285,8791,Late Delivery,1782,Processed
13286,26878,Wrong Item,99999,Rejected
13287,88885,Late Delivery,99999,processed
13288,54148,Wrong Item,481,Processed
13289,52613,Damaged,0,Pending
13290,61589,Wrong Item,99999,PENDING
13291,15292,Missing Item,99999,PENDING
13292,53869,Wrong Item,3506,processed
13293,86126,,3209,PENDING
13294,74985,,99999,Rejected
13295,53020,Damaged,99999,PENDING
13296,39093,damaged,-200,PENDING
13297,49308,,0,processed
13298,94352,Wrong Item,0,PENDING
13299,90780,Missing Item,-200,Processed
13300,63436,damaged,3239,Rejected
13301,96794,WRONG,3504,Rejected
13302,95929,damaged,99999,processed
13303,39194,Wrong Item,0,PENDING
13304,33682,Damaged,3063,Pending
13305,18870,Damaged,-200,PENDING
13306,93138,Missing Item,99999,PENDING
13307,80999,WRONG,3859,Rejected
13308,27653,Wrong Item,0,processed
13309,24714,Late Delivery,99999,processed
13310,21163,Late Delivery,4275,processed
13311,10675,Damaged,99999,Rejected
13312,95164,damaged,-200,processed
13313,81344,Wrong Item,4245,Rejected
13314,46017,WRONG,99999,PENDING
13315,53977,Late Delivery,331,Processed
13316,48881,Late Delivery,-200,PENDING
13317,30136,,0,processed
13318,89924,damaged,-200,Processed
13319,20676,Wrong Item,-200,Processed
13320,73221,Late Delivery,99999,processed
13321,20329,damaged,2834,Pending
13322,36349,Wrong Item,0,PENDING
13323,456,Damaged,4725,Rejected
13324,18240,Damaged,0,Processed
13325,26694,Damaged,0,PENDING
13326,45489,,99999,Rejected
13327,10659,Wrong Item,99999,PENDING
13328,25907,Late Delivery,-200,Pending
13329,86771,damaged,1129,Rejected
13330,58305,,0,Pending
13331,69248,WRONG,99999,PENDING
13332,52386,Damaged,4222,processed
13333,31177,,4901,Processed
13334,74811,Damaged,4492,processed
13335,9984,Missing Item,99999,Pending
13336,57605,Damaged,0,Processed
13337,89956,Wrong Item,99999,processed
13338,61020,Damaged,99999,processed
13339,91569,,0,PENDING
13340,32781,damaged,1555,processed
13341,23274,Late Delivery,2962,Processed
13342,49058,WRONG,4332,PENDING
13343,81906,Missing Item,2493,Pending
13344,97655,Late Delivery,4545,Processed
13345,94282,Late Delivery,324,Processed
13346,94846,Missing Item,0,Rejected
13347,98786,Missing Item,99999,Pending
13348,53979,,1914,PENDING
13349,34897,Missing Item,301,Processed
13350,98390,Wrong Item,3612,Rejected
13351,20445,damaged,4316,Pending
13352,14127,WRONG,831,PENDING
13353,29727,damaged,-200,processed
13354,46105,Damaged,546,PENDING
13355,4134,,99999,PENDING
13356,53390,Late Delivery,4236,Processed
13357,90279,Late Delivery,872,Rejected
13358,49989,WRONG,4057,Processed
13359,18258,WRONG,4308,Rejected
13360,39224,Late Delivery,-200,Pending
13361,45338,Late Delivery,2403,Rejected
13362,88007,WRONG,0,Pending
13363,72710,WRONG,706,Rejected
13364,3011,Late Delivery,3830,Pending
13365,6135,damaged,3739,processed
13366,11739,Wrong Item,-200,Rejected
13367,92038,damaged,2244,Pending
13368,66618,,0,Pending
13369,22294,WRONG,2262,Processed
13370,13237,Wrong Item,2243,Processed
13371,77844,damaged,0,Processed
13372,838,Late Delivery,0,processed
13373,11970,Late Delivery,2466,Rejected
13374,77861,Missing Item,-200,Processed
13375,88884,WRONG,1767,Processed
13376,88941,Damaged,-200,PENDING
13377,32200,Damaged,-200,Rejected
13378,54209,damaged,0,processed
13379,42721,WRONG,99999,Rejected
13380,78423,damaged,901,Rejected
13381,9209,WRONG,0,Processed
13382,52288,damaged,1436,Rejected
13383,14761,Late Delivery,99999,PENDING
13384,5365,WRONG,128,Processed
13385,77605,Wrong Item,0,Rejected
13386,67106,damaged,1298,PENDING
13387,47807,WRONG,99999,Pending
13388,81709,Missing Item,213,Processed
13389,72962,damaged,-200,PENDING
13390,30126,,4324,Processed
13391,41082,WRONG,4599,PENDING
13392,96238,Damaged,99999,Processed
13393,29802,WRONG,3301,Pending
13394,27437,,1072,Processed
13395,85271,,99999,PENDING
13396,5494,Wrong Item,99999,Rejected
13397,29832,Damaged,577,PENDING
13398,4449,damaged,761,Pending
13399,90682,,0,Processed
13400,94343,damaged,930,processed
13401,77654,Late Delivery,4468,Processed
13402,48426,WRONG,-200,Rejected
13403,42674,WRONG,-200,processed
13404,32589,damaged,3687,Processed
13405,82408,,-200,processed
13406,35584,WRONG,2800,processed
13407,89109,damaged,1923,PENDING
13408,43430,Missing Item,2547,Pending
13409,43919,Wrong Item,3814,Processed
13410,71748,Wrong Item,3115,Processed
13411,73818,WRONG,-200,Processed
13412,33171,Wrong Item,99999,Processed
13413,50280,WRONG,1102,PENDING
13414,98911,WRONG,99999,Processed
13415,17825,Wrong Item,0,Pending
13416,5824,Late Delivery,645,PENDING
13417,67037,WRONG,712,PENDING
13418,28527,WRONG,3420,processed
13419,8668,Missing Item,2653,Pending
13420,27546,damaged,1067,Rejected
13421,1377,damaged,0,Rejected
13422,63313,Late Delivery,4960,Processed
13423,47886,Wrong Item,1827,Pending
13424,90471,WRONG,-200,Processed
13425,19059,WRONG,3229,Processed
13426,19891,,-200,processed
13427,24793,Wrong Item,3051,Pending
13428,84399,WRONG,0,Rejected
13429,96851,WRONG,4313,Processed
13430,61456,Missing Item,1695,Processed
13431,86635,damaged,-200,Pending
13432,51324,Wrong Item,-200,processed
13433,98323,Missing Item,1803,Pending
13434,48984,WRONG,1225,Pending
13435,38379,,3289,PENDING
13436,58206,Late Delivery,1014,processed
13437,23257,Late Delivery,1990,processed
13438,49749,Damaged,4730,PENDING
13439,66110,Damaged,231,processed
13440,56157,Damaged,1114,PENDING
13441,18255,WRONG,0,processed
13442,40677,,0,Rejected
13443,97721,WRONG,4299,Processed
13444,42329,,4007,PENDING
13445,78174,WRONG,857,PENDING
13446,36657,WRONG,99999,processed
13447,30203,,0,Pending
13448,83096,,-200,processed
13449,44354,Late Delivery,3472,Pending
13450,66035,Missing Item,99999,Processed
13451,73856,Damaged,0,PENDING
13452,8962,WRONG,3884,Rejected
13453,52044,WRONG,2721,Processed
13454,55143,,-200,Rejected
13455,58170,Wrong Item,2676,Rejected
13456,96795,Late Delivery,99999,Processed
13457,34409,Late Delivery,3086,Rejected
13458,37404,damaged,99999,Processed
13459,73336,damaged,-200,Processed
13460,9154,WRONG,99999,Rejected
13461,65415,damaged,3238,Rejected
13462,27687,,775,processed
13463,28776,Late Delivery,3966,Pending
13464,93039,damaged,0,PENDING
13465,81811,WRONG,0,processed
13466,17572,damaged,3764,Processed
13467,5315,Damaged,99999,Rejected
13468,65626,WRONG,3746,Processed
13469,66114,,3256,processed
13470,65738,,1696,Processed
13471,37923,Damaged,2786,Processed
13472,13044,WRONG,99999,Pending
13473,66972,WRONG,4496,Rejected
13474,98914,Late Delivery,-200,Pending
13475,45325,WRONG,99999,PENDING
13476,10167,Wrong Item,833,processed
13477,21395,WRONG,-200,processed
13478,32164,WRONG,99999,processed
13479,12664,Missing Item,816,Processed
13480,86335,Late Delivery,0,Rejected
13481,72263,damaged,99999,Processed
13482,79579,Damaged,0,Processed
13483,31428,Wrong Item,0,processed
13484,39892,WRONG,866,PENDING
13485,58941,Missing Item,2483,Processed
13486,71783,Late Delivery,0,Pending
13487,20895,Late Delivery,0,processed
13488,79040,,3916,Processed
13489,64576,,99999,Processed
13490,14608,Missing Item,3627,Processed
13491,96885,Damaged,1745,Pending
13492,49040,,-200,Pending
13493,7307,Late Delivery,99999,processed
13494,2883,Late Delivery,2046,PENDING
13495,81350,Late Delivery,0,Rejected
13496,73181,WRONG,3477,Processed
13497,28495,damaged,3820,Pending
13498,95366,,0,Pending
13499,53999,Wrong Item,3721,Rejected
13500,87200,WRONG,0,Processed
13501,84840,damaged,-200,Processed
13502,16974,,99999,Rejected
13503,81725,Missing Item,2072,Processed
13504,4914,damaged,-200,Rejected
13505,29537,Damaged,494,PENDING
13506,99749,Wrong Item,2911,processed
13507,57591,damaged,0,Pending
13508,84520,,1428,PENDING
13509,87861,Missing Item,4603,PENDING
13510,51210,Damaged,1651,Pending
13511,68048,,99999,PENDING
13512,32219,Late Delivery,0,PENDING
13513,64536,Missing Item,366,Pending
13514,84554,WRONG,3540,processed
13515,57140,Damaged,126,Rejected
13516,30507,WRONG,417,Pending
13517,70560,damaged,4002,processed
13518,98719,Damaged,0,processed
13519,41897,,4119,processed
13520,22223,damaged,398,Pending
13521,34399,WRONG,1163,PENDING
13522,32727,Damaged,-200,PENDING
13523,51865,,378,Rejected
13524,97180,Wrong Item,3006,Pending
13525,75553,Missing Item,-200,Processed
13526,43069,Late Delivery,184,processed
13527,74316,Wrong Item,2481,Processed
13528,6635,WRONG,0,PENDING
13529,84294,,99999,Pending
13530,56286,,0,Pending
13531,56673,WRONG,4715,Pending
13532,44526,Wrong Item,3927,Processed
13533,86370,WRONG,1856,PENDING
13534,56661,Wrong Item,0,PENDING
13535,14868,damaged,2122,PENDING
13536,23968,Late Delivery,2624,Pending
13537,69821,Wrong Item,99999,PENDING
13538,34498,Damaged,3523,Rejected
13539,11237,Wrong Item,-200,PENDING
13540,59726,WRONG,4874,Pending
13541,29335,WRONG,99999,PENDING
13542,87251,Wrong Item,1250,Processed
13543,46141,Wrong Item,2824,processed
13544,74214,WRONG,878,PENDING
13545,27195,Missing Item,1688,processed
13546,57842,damaged,0,processed
13547,19116,Wrong Item,0,Processed
13548,79237,damaged,99999,PENDING
13549,7256,Missing Item,4067,Pending
13550,54776,Late Delivery,3074,Rejected
13551,70672,Late Delivery,1131,PENDING
13552,82650,damaged,3448,Processed
13553,13640,Wrong Item,0,Processed
13554,48737,,99999,Processed
13555,81954,WRONG,99999,Pending
13556,54110,WRONG,0,Processed
13557,8544,Wrong Item,99999,PENDING
13558,77261,damaged,99999,Processed
13559,48118,Late Delivery,2902,Pending
13560,6849,Late Delivery,-200,processed
13561,52218,Late Delivery,2321,PENDING
13562,34732,Wrong Item,157,PENDING
13563,24715,,4264,processed
13564,7044,,614,Rejected
13565,78298,Late Delivery,0,processed
13566,85696,Missing Item,133,processed
13567,84943,Late Delivery,-200,PENDING
13568,18186,Damaged,0,Rejected
13569,76130,Missing Item,2339,Pending
13570,55291,damaged,0,Processed
13571,36086,damaged,3245,PENDING
13572,25115,Missing Item,3391,Processed
13573,37586,Wrong Item,662,Processed
13574,85265,,4485,Pending
13575,23505,Late Delivery,2196,processed
13576,48548,damaged,1468,PENDING
13577,80420,Wrong Item,99999,Pending
13578,34396,damaged,2752,Processed
13579,79734,Wrong Item,0,Processed
13580,54038,Damaged,2232,Pending
13581,57221,,1797,Rejected
13582,32089,damaged,99999,Rejected
13583,49329,WRONG,1000,Processed
13584,85178,Damaged,1026,Rejected
13585,42690,,-200,Rejected
13586,45138,Missing Item,99999,PENDING
13587,91190,Late Delivery,1477,processed
13588,74019,,-200,processed
13589,74462,Wrong Item,-200,PENDING
13590,83253,Late Delivery,99999,processed
13591,34462,damaged,2917,Rejected
13592,13982,,495,Pending
13593,20755,damaged,0,Rejected
13594,64601,damaged,-200,Processed
13595,17639,Missing Item,-200,PENDING
13596,30371,Late Delivery,0,Rejected
13597,33784,Wrong Item,2003,Pending
13598,22364,WRONG,2259,Pending
13599,47074,Missing Item,-200,Processed
13600,89203,,2014,Processed
13601,19631,WRONG,0,PENDING
13602,62657,damaged,1728,processed
13603,61177,Late Delivery,0,Processed
13604,36582,Late Delivery,3604,Processed
13605,94030,Missing Item,0,Pending
13606,3297,,4329,Pending
13607,48072,Wrong Item,761,processed
13608,77034,Wrong Item,2561,Processed
13609,99177,,4679,Pending
13610,70129,damaged,571,Rejected
13611,50162,Missing Item,0,Rejected
13612,13119,Wrong Item,-200,Rejected
13613,82048,WRONG,0,Pending
13614,39329,Late Delivery,3789,PENDING
13615,59034,Damaged,3221,Rejected
13616,12125,,-200,PENDING
13617,10255,Wrong Item,3760,Processed
13618,68032,Late Delivery,0,Pending
13619,48216,,464,Pending
13620,24317,WRONG,0,Rejected
13621,12919,WRONG,766,Processed
13622,95186,WRONG,4103,processed
13623,42149,WRONG,4308,Processed
13624,17682,Late Delivery,-200,PENDING
13625,44916,Missing Item,0,PENDING
13626,25713,Missing Item,902,Pending
13627,70169,WRONG,4680,PENDING
13628,93796,Missing Item,99999,PENDING
13629,92714,Wrong Item,4715,Processed
13630,9579,,-200,Pending
13631,87490,,3592,Rejected
13632,59539,damaged,1957,Processed
13633,56936,WRONG,99999,Pending
13634,89120,Damaged,1287,Processed
13635,23831,,4057,processed
13636,79070,Damaged,2286,processed
13637,92425,WRONG,1882,Processed
13638,4113,Missing Item,-200,processed
13639,394,,0,Processed
13640,26280,Missing Item,99999,PENDING
13641,58692,Damaged,1315,Processed
13642,56596,Missing Item,2072,Pending
13643,59175,Wrong Item,99999,Pending
13644,24074,,99999,PENDING
13645,68522,WRONG,2606,Rejected
13646,58332,Wrong Item,2381,processed
13647,30342,WRONG,606,Rejected
13648,98793,Missing Item,857,processed
13649,11127,,99999,Rejected
13650,47218,,529,Rejected
13651,39087,Missing Item,-200,Pending
13652,15395,Missing Item,99999,PENDING
13653,27769,,-200,PENDING
13654,60711,,0,Processed
13655,57774,WRONG,2337,PENDING
13656,36036,damaged,568,processed
13657,20392,Late Delivery,4337,Pending
13658,58351,WRONG,0,Pending
13659,9570,damaged,3257,Rejected
13660,69444,damaged,0,PENDING
13661,2178,WRONG,0,PENDING
13662,82452,Damaged,1935,processed
13663,86936,Missing Item,1663,Processed
13664,59867,damaged,99999,Processed
13665,46228,damaged,663,processed
13666,85847,Damaged,4717,PENDING
13667,64944,WRONG,99999,Processed
13668,16793,Damaged,-200,Pending
13669,69637,WRONG,99999,Rejected
13670,21911,Late Delivery,1052,Processed
13671,55139,,-200,PENDING
13672,55791,WRONG,99999,Rejected
13673,76242,Missing Item,0,PENDING
13674,78767,,2117,processed
13675,50069,Missing Item,0,processed
13676,27223,Late Delivery,2731,Processed
13677,76297,Missing Item,-200,Rejected
13678,38341,Missing Item,0,Processed
13679,13218,WRONG,-200,Rejected
13680,41070,Damaged,1768,PENDING
13681,94061,Missing Item,99999,PENDING
13682,81230,Late Delivery,1941,Rejected
13683,84611,Missing Item,99999,processed
13684,99525,,99999,Pending
13685,85137,Missing Item,-200,Pending
13686,723,Missing Item,3132,processed
13687,97099,Missing Item,99999,processed
13688,75987,Damaged,995,PENDING
13689,65025,Damaged,99999,Pending
13690,62107,WRONG,0,Pending
13691,79884,WRONG,3107,PENDING
13692,12646,Missing Item,99999,PENDING
13693,4363,damaged,834,Pending
13694,90381,WRONG,-200,PENDING
13695,18378,Damaged,99999,Rejected
13696,69208,WRONG,-200,Rejected
13697,76737,damaged,0,processed
13698,22713,Late Delivery,-200,Pending
13699,41823,Damaged,0,PENDING
13700,20622,WRONG,-200,PENDING
13701,75128,Damaged,3625,Rejected
13702,28464,Missing Item,4936,Processed
13703,46223,damaged,-200,PENDING
13704,34354,Wrong Item,2807,Processed
13705,50439,Late Delivery,0,PENDING
13706,5935,damaged,3173,PENDING
13707,64523,damaged,2763,Pending
13708,52487,Damaged,157,Processed
13709,7351,Wrong Item,1612,Rejected
13710,91876,Damaged,3291,processed
13711,27012,Damaged,4506,Processed
13712,10705,Missing Item,2432,Processed
13713,55497,Late Delivery,0,PENDING
13714,74002,WRONG,0,Rejected
13715,76168,damaged,2109,Rejected
13716,51052,Missing Item,2317,Pending
13717,91887,Damaged,0,Pending
13718,49674,,99999,PENDING
13719,24618,damaged,2880,Processed
13720,98088,WRONG,-200,Rejected
13721,53480,Damaged,-200,PENDING
13722,96764,WRONG,836,Processed
13723,58232,WRONG,0,Processed
13724,12791,WRONG,4537,Rejected
13725,76205,Damaged,2716,Pending
13726,94687,Late Delivery,99999,PENDING
13727,58302,Wrong Item,397,processed
13728,29537,Missing Item,0,Rejected
13729,21664,damaged,4517,Processed
13730,82361,Damaged,2347,Pending
13731,46244,WRONG,4844,Pending
13732,92285,Damaged,0,PENDING
13733,16525,Missing Item,0,PENDING
13734,81038,Damaged,3952,Rejected
13735,5543,Late Delivery,1214,processed
13736,85670,Missing Item,4534,Rejected
13737,13189,Missing Item,0,processed
13738,4926,,987,Pending
13739,67910,WRONG,0,processed
13740,94439,,3716,Processed
13741,81459,Wrong Item,654,processed
13742,72600,damaged,3536,Processed
13743,62348,damaged,1476,Processed
13744,31401,Damaged,578,Processed
13745,62073,damaged,-200,PENDING
13746,54697,Wrong Item,0,Pending
13747,95027,,-200,processed
13748,83659,damaged,-200,Pending
13749,82667,Missing Item,99999,Pending
13750,94513,damaged,247,Rejected
13751,89206,WRONG,-200,Processed
13752,7171,Missing Item,3903,Processed
13753,10894,Late Delivery,3017,Pending
13754,52000,Damaged,2686,Rejected
13755,88228,WRONG,0,Pending
13756,21306,Damaged,3203,processed
13757,65406,Wrong Item,99999,Rejected
13758,67368,WRONG,3922,Processed
13759,34106,Missing Item,1293,Pending
13760,97149,Missing Item,-200,Processed
13761,43056,Missing Item,745,PENDING
13762,15918,Wrong Item,3960,processed
13763,83364,Missing Item,99999,Processed
13764,34607,Damaged,3442,Processed
13765,75154,Wrong Item,4855,Processed
13766,56549,Wrong Item,99999,PENDING
13767,55882,damaged,407,processed
13768,78190,Damaged,-200,Rejected
13769,11838,Damaged,977,PENDING
13770,83126,damaged,4843,Processed
13771,37364,damaged,0,processed
13772,36503,damaged,99999,Processed
13773,67149,Missing Item,3615,Rejected
13774,34412,damaged,3151,Rejected
13775,81110,Missing Item,99999,PENDING
13776,50552,Late Delivery,0,PENDING
13777,23200,Wrong Item,2559,PENDING
13778,31772,,1704,Rejected
13779,16177,Missing Item,623,Pending
13780,66174,Wrong Item,1497,Rejected
13781,95330,Wrong Item,99999,processed
13782,48055,WRONG,-200,Rejected
13783,85560,Missing Item,0,Pending
13784,80984,,3039,processed
13785,59747,WRONG,-200,Pending
13786,99426,Missing Item,2407,Pending
13787,96279,damaged,600,processed
13788,21069,damaged,99999,processed
13789,11094,Missing Item,0,Processed
13790,1744,Missing Item,0,processed
13791,47033,Damaged,0,PENDING
13792,53818,Missing Item,2788,PENDING
13793,15493,Damaged,3076,Pending
13794,78702,,4330,Rejected
13795,14590,,-200,Pending
13796,71758,Missing Item,2701,Rejected
13797,94076,Missing Item,99999,PENDING
13798,97827,Damaged,1185,Pending
13799,5689,damaged,3871,PENDING
13800,73907,Damaged,-200,processed
13801,4563,Late Delivery,3733,Pending
13802,28012,damaged,0,Rejected
13803,9900,,285,PENDING
13804,68366,Wrong Item,2262,Pending
13805,11371,Damaged,100,processed
13806,61742,damaged,-200,Rejected
13807,69496,Damaged,695,Pending
13808,91749,Missing Item,0,Rejected
13809,39523,Late Delivery,1620,PENDING
13810,37053,WRONG,3774,processed
13811,23497,Damaged,99999,PENDING
13812,9032,,4093,Processed
13813,88186,Wrong Item,-200,Pending
13814,69946,damaged,4753,PENDING
13815,83698,,0,Pending
13816,54745,,0,processed
13817,70314,damaged,0,Pending
13818,93952,Damaged,-200,Rejected
13819,69482,Damaged,4518,Processed
13820,69300,,2397,processed
13821,82580,,-200,Rejected
13822,55438,WRONG,2171,Rejected
13823,97782,WRONG,0,Pending
13824,45311,WRONG,-200,processed
13825,66481,WRONG,99999,processed
13826,93078,WRONG,3483,PENDING
13827,31320,,0,Processed
13828,9428,Missing Item,2637,Processed
13829,83338,Late Delivery,2819,Processed
13830,93771,damaged,1019,Pending
13831,82856,Wrong Item,99999,Rejected
13832,31886,WRONG,4793,Rejected
13833,3805,damaged,-200,processed
13834,55633,,-200,processed
13835,54924,Missing Item,1808,Processed
13836,79393,,99999,PENDING
13837,50303,Damaged,99999,Rejected
13838,89842,,99999,Rejected
13839,76725,WRONG,1896,processed
13840,80930,Late Delivery,-200,Rejected
13841,29055,,1875,Processed
13842,99079,WRONG,3450,Pending
13843,74156,,99999,Rejected
13844,34076,,165,Processed
13845,26722,Late Delivery,99999,Rejected
13846,67908,damaged,99999,Processed
13847,37694,Missing Item,0,Rejected
13848,46141,Missing Item,2228,PENDING
13849,7928,,99999,PENDING
13850,29983,,4486,PENDING
13851,91732,Wrong Item,4093,processed
13852,62316,Damaged,-200,PENDING
13853,39799,WRONG,4629,Pending
13854,241,WRONG,755,Pending
13855,60287,Missing Item,2694,Rejected
13856,35755,Missing Item,2532,PENDING
13857,44436,damaged,99999,Pending
13858,43961,Late Delivery,0,Rejected
13859,10517,Missing Item,2090,processed
13860,94117,Damaged,4149,PENDING
13861,42826,Damaged,-200,Rejected
13862,24037,WRONG,3410,Pending
13863,37301,Wrong Item,4678,processed
13864,68742,damaged,0,Rejected
13865,8617,WRONG,2089,PENDING
13866,56133,,99999,Processed
13867,12423,Damaged,3664,PENDING
13868,5889,Missing Item,-200,Pending
13869,53574,Damaged,-200,PENDING
13870,50472,damaged,1071,processed
13871,93157,Damaged,99999,PENDING
13872,18807,Missing Item,-200,Pending
13873,83156,,4546,Pending
13874,44169,Damaged,-200,processed
13875,46759,WRONG,-200,Pending
13876,92275,WRONG,99999,processed
13877,82989,Late Delivery,99999,Processed
13878,10735,,99999,processed
13879,34211,Late Delivery,-200,Processed
13880,25336,damaged,0,PENDING
13881,1916,Damaged,99999,Processed
13882,52528,Late Delivery,-200,Rejected
13883,35139,damaged,1412,Processed
13884,90279,Wrong Item,0,Pending
13885,24464,Damaged,99999,Pending
13886,42262,damaged,2184,Processed
13887,45766,Missing Item,-200,Processed
13888,77545,Late Delivery,156,PENDING
13889,5306,WRONG,-200,processed
13890,49515,,3329,PENDING
13891,22213,Damaged,1788,Pending
13892,68687,Wrong Item,-200,Pending
13893,84088,Wrong Item,2993,PENDING
13894,21271,WRONG,99999,processed
13895,43803,Wrong Item,543,Rejected
13896,25332,WRONG,4368,Pending
13897,27487,,0,Rejected
13898,81140,Wrong Item,4317,Rejected
13899,16904,,3879,Processed
13900,55096,WRONG,3940,Rejected
13901,76841,Late Delivery,0,Pending
13902,79948,Damaged,4497,Pending
13903,40760,,2143,Pending
13904,88936,Damaged,834,Processed
13905,99813,,0,Processed
13906,54440,Damaged,0,Processed
13907,54386,Wrong Item,99999,Rejected
13908,56259,Damaged,4533,Pending
13909,6356,Late Delivery,0,Pending
13910,88186,damaged,99999,Processed
13911,59634,,2721,Pending
13912,9533,Late Delivery,99999,processed
13913,64663,,99999,processed
13914,18843,Missing Item,99999,Rejected
13915,10461,damaged,-200,Processed
13916,10991,WRONG,-200,processed
13917,39596,Late Delivery,99999,Rejected
13918,38974,damaged,-200,PENDING
13919,95061,damaged,0,Rejected
13920,12812,WRONG,0,Pending
13921,97847,Damaged,99999,Rejected
13922,61785,Wrong Item,99999,PENDING
13923,7058,WRONG,124,processed
13924,2798,Missing Item,2265,Processed
13925,18608,Wrong Item,0,Pending
13926,99768,,725,Rejected
13927,31647,,99999,Rejected
13928,4506,WRONG,99999,Rejected
13929,6655,Late Delivery,0,processed
13930,71082,,1287,Rejected
13931,4780,Damaged,0,processed
13932,23952,Wrong Item,-200,Processed
13933,18475,damaged,-200,Pending
13934,61189,Missing Item,99999,Processed
13935,12707,Late Delivery,4446,Pending
13936,68568,,0,Pending
13937,64063,Damaged,516,Rejected
13938,12281,Wrong Item,1133,Pending
13939,89637,Missing Item,-200,PENDING
13940,39083,,-200,Pending
13941,61807,Late Delivery,122,Rejected
13942,27454,Wrong Item,115,PENDING
13943,57631,Wrong Item,1865,Processed
13944,98663,damaged,2315,Rejected
13945,61451,Missing Item,1126,Rejected
13946,9101,Wrong Item,0,Pending
13947,18151,WRONG,4027,Processed
13948,8082,Missing Item,99999,Rejected
13949,3417,damaged,0,processed
13950,91772,Damaged,4306,Pending
13951,3158,Late Delivery,0,Pending
13952,26245,Wrong Item,1515,processed
13953,75955,damaged,4905,processed
13954,7802,Damaged,4803,Processed
13955,60800,Damaged,99999,Processed
13956,68816,Wrong Item,1855,Rejected
13957,55734,Damaged,99999,processed
13958,31917,WRONG,3675,Rejected
13959,23833,Damaged,99999,Rejected
13960,41111,Missing Item,4060,Processed
13961,99961,WRONG,99999,processed
13962,36338,Wrong Item,-200,PENDING
13963,19456,Wrong Item,572,Processed
13964,97445,WRONG,99999,Processed
13965,89882,damaged,4934,PENDING
13966,30500,damaged,3907,PENDING
13967,36873,Missing Item,0,processed
13968,70976,,99999,processed
13969,83544,Damaged,1566,processed
13970,31854,WRONG,0,Pending
13971,54293,,99999,Processed
13972,94093,Late Delivery,-200,Pending
13973,44288,Late Delivery,0,Rejected
13974,14951,WRONG,99999,processed
13975,4827,Missing Item,1594,PENDING
13976,62724,Missing Item,3218,PENDING
13977,20996,WRONG,155,Processed
13978,91004,damaged,0,processed
13979,3933,Wrong Item,3322,Processed
13980,44845,,0,PENDING
13981,80924,Missing Item,1000,processed
13982,38180,Damaged,3108,Processed
13983,31031,damaged,0,Rejected
13984,20354,Wrong Item,99999,Processed
13985,28239,,4727,Rejected
13986,24614,Late Delivery,0,Pending
13987,50039,Missing Item,99999,Processed
13988,96031,Late Delivery,605,Pending
13989,59908,Missing Item,3818,Rejected
13990,56511,Wrong Item,0,Processed
13991,69031,Wrong Item,99999,Rejected
13992,85409,Late Delivery,3705,processed
13993,57584,Missing Item,99999,PENDING
13994,9085,Wrong Item,4677,Rejected
13995,49273,,99999,processed
13996,74046,Late Delivery,0,Pending
13997,68219,Late Delivery,0,Rejected
13998,55493,damaged,3897,Processed
13999,37842,Wrong Item,0,PENDING
14000,91932,,-200,processed
14001,46380,,203,Rejected
14002,14233,Missing Item,4089,PENDING
14003,16462,damaged,3465,Rejected
14004,39946,Late Delivery,1775,processed
14005,30206,WRONG,2894,processed
14006,59500,WRONG,-200,Rejected
14007,22590,Missing Item,99999,Rejected
14008,99898,,3035,processed
14009,49145,damaged,585,Rejected
14010,35345,,-200,PENDING
14011,48683,Wrong Item,4917,Processed
14012,92946,WRONG,1116,Pending
14013,5279,Damaged,-200,Rejected
14014,71102,WRONG,0,Processed
14015,77130,Missing Item,0,PENDING
14016,91380,Missing Item,3191,Pending
14017,33006,Damaged,0,Rejected
14018,86074,Missing Item,-200,Pending
14019,20895,Late Delivery,99999,processed
14020,67806,Missing Item,4195,Pending
14021,22346,WRONG,2926,Processed
14022,91094,damaged,516,processed
14023,39820,,4247,Processed
14024,31814,damaged,3675,PENDING
14025,15518,Missing Item,4789,Pending
14026,50855,Late Delivery,99999,processed
14027,59618,damaged,737,Pending
14028,4752,Damaged,4586,Pending
14029,67954,Missing Item,99999,Pending
14030,94765,Late Delivery,244,Processed
14031,66710,damaged,-200,processed
14032,9713,WRONG,99999,Processed
14033,93572,WRONG,99999,Rejected
14034,39491,,650,processed
14035,13663,damaged,-200,Processed
14036,59756,Missing Item,0,Processed
14037,80559,damaged,0,Rejected
14038,71723,Wrong Item,99999,processed
14039,81640,,2921,Pending
14040,24752,Missing Item,4374,Rejected
14041,70966,damaged,3595,Pending
14042,28978,Wrong Item,3275,Pending
14043,61917,WRONG,-200,PENDING
14044,12805,damaged,0,PENDING
14045,70837,Damaged,-200,Processed
14046,23993,Missing Item,99999,Rejected
14047,22093,,4037,Pending
14048,89851,Missing Item,860,processed
14049,93868,Damaged,4819,Rejected
14050,7457,Damaged,99999,PENDING
14051,26208,,0,Pending
14052,76575,WRONG,264,Pending
14053,63724,Damaged,-200,processed
14054,12835,Late Delivery,99999,processed
14055,76454,Damaged,99999,Pending
14056,5184,,114,PENDING
14057,88041,,1959,processed
14058,16031,Missing Item,-200,PENDING
14059,47872,WRONG,-200,Pending
14060,54977,Damaged,4556,PENDING
14061,50522,Late Delivery,99999,Rejected
14062,88586,WRONG,1177,Processed
14063,54160,Missing Item,99999,Processed
14064,65162,damaged,4446,Pending
14065,23564,Damaged,154,Rejected
14066,11468,Wrong Item,99999,PENDING
14067,63686,damaged,-200,processed
14068,71099,Missing Item,99999,Rejected
14069,15711,Late Delivery,4071,Rejected
14070,81131,Damaged,0,Processed
14071,26158,Wrong Item,4811,processed
14072,96550,Late Delivery,-200,PENDING
14073,77792,Wrong Item,0,Pending
14074,66272,WRONG,4185,processed
14075,80290,Missing Item,1966,PENDING
14076,98481,damaged,99999,Processed
14077,34180,,816,processed
14078,78407,WRONG,99999,Rejected
14079,85086,Late Delivery,574,Processed
14080,11811,Damaged,99999,Processed
14081,54092,damaged,1934,PENDING
14082,47306,Wrong Item,3189,PENDING
14083,50725,Missing Item,-200,PENDING
14084,38542,Missing Item,-200,processed
14085,55387,Damaged,3001,PENDING
14086,22087,,-200,Pending
14087,13814,Missing Item,99999,processed
14088,66422,Damaged,-200,Processed
14089,71240,,99999,Processed
14090,69979,WRONG,0,processed
14091,24016,Late Delivery,0,PENDING
14092,27944,WRONG,99999,Processed
14093,99097,Late Delivery,99999,processed
14094,89031,WRONG,1009,Pending
14095,62735,Late Delivery,2863,processed
14096,3759,,0,processed
14097,9635,Late Delivery,-200,processed
14098,77619,Missing Item,99999,Rejected
14099,62711,Damaged,3187,processed
14100,44261,Wrong Item,2087,PENDING
14101,90329,Late Delivery,-200,processed
14102,70783,damaged,-200,Rejected
14103,15175,Wrong Item,0,processed
14104,46704,WRONG,-200,processed
14105,59270,Late Delivery,3376,Pending
14106,93861,Wrong Item,-200,Processed
14107,98480,WRONG,99999,Processed
14108,11383,Missing Item,0,Pending
14109,46405,,380,Rejected
14110,62951,Missing Item,3957,Pending
14111,24752,Late Delivery,3846,PENDING
14112,22806,Damaged,3507,processed
14113,52612,damaged,4490,Rejected
14114,2161,WRONG,-200,Pending
14115,2272,,99999,Pending
14116,70327,Missing Item,-200,Pending
14117,53929,WRONG,1870,Pending
14118,74007,Damaged,-200,PENDING
14119,12376,Damaged,3624,Pending
14120,72554,Wrong Item,1234,Rejected
14121,64350,WRONG,763,processed
14122,46759,WRONG,99999,processed
14123,8259,,4923,PENDING
14124,88248,Damaged,2005,Rejected
14125,8549,WRONG,-200,PENDING
14126,26063,damaged,99999,Pending
14127,84326,,1730,PENDING
14128,50472,damaged,4869,Pending
14129,87719,Damaged,-200,PENDING
14130,13826,Missing Item,0,processed
14131,3618,WRONG,316,PENDING
14132,75863,damaged,0,Pending
14133,53506,Damaged,0,Pending
14134,35232,Late Delivery,99999,Processed
14135,20794,WRONG,-200,processed
14136,37959,damaged,1205,Rejected
14137,56707,damaged,0,PENDING
14138,84293,Wrong Item,4865,Processed
14139,10004,,99999,PENDING
14140,97640,Missing Item,1844,Rejected
14141,71323,Late Delivery,99999,processed
14142,27724,Wrong Item,175,Processed
14143,53755,damaged,1017,PENDING
14144,54922,Late Delivery,1208,Processed
14145,77341,Wrong Item,1211,PENDING
14146,97368,damaged,0,Pending
14147,56997,Damaged,4571,processed
14148,3890,Wrong Item,-200,Rejected
14149,96850,Late Delivery,3714,Rejected
14150,53115,WRONG,-200,PENDING
14151,74463,Wrong Item,99999,Processed
14152,5654,Wrong Item,-200,Rejected
14153,85806,Late Delivery,2559,PENDING
14154,41511,Wrong Item,3579,Pending
14155,46423,damaged,4432,processed
14156,25172,damaged,272,Rejected
14157,48189,damaged,3781,Rejected
14158,56437,WRONG,0,PENDING
14159,48550,Missing Item,0,Rejected
14160,17713,Missing Item,3242,Pending
14161,22840,,2264,Rejected
14162,71735,WRONG,-200,Processed
14163,55707,,0,Processed
14164,96371,WRONG,4592,Processed
14165,23205,,4319,Pending
14166,40424,WRONG,-200,processed
14167,57401,Wrong Item,-200,Pending
14168,18092,Wrong Item,1270,Rejected
14169,53472,Wrong Item,2045,processed
14170,55699,Missing Item,0,processed
14171,34255,Wrong Item,2160,Pending
14172,99522,WRONG,2371,PENDING
14173,22488,Damaged,-200,PENDING
14174,59937,Damaged,2644,processed
14175,51546,Late Delivery,4306,Pending
14176,23985,Missing Item,-200,Pending
14177,92884,Wrong Item,0,Pending
14178,79289,WRONG,99999,PENDING
14179,30274,Missing Item,543,Rejected
14180,59443,damaged,-200,processed
14181,13765,,-200,processed
14182,42376,damaged,-200,Rejected
14183,63670,Wrong Item,-200,Rejected
14184,46861,WRONG,2440,Rejected
14185,14863,Damaged,99999,Rejected
14186,37450,Wrong Item,4234,PENDING
14187,14438,damaged,934,Processed
14188,62194,Late Delivery,0,Processed
14189,69138,WRONG,4931,PENDING
14190,7307,WRONG,821,processed
14191,53075,Damaged,0,Rejected
14192,58670,WRONG,2088,Rejected
14193,15264,WRONG,1548,processed
14194,53216,Damaged,99999,Processed
14195,44825,Missing Item,99999,PENDING
14196,61346,Late Delivery,859,Rejected
14197,1863,,99999,Rejected
14198,18018,Late Delivery,4041,PENDING
14199,81250,Damaged,2396,Rejected
14200,65618,,2728,Processed
14201,36116,damaged,3050,PENDING
14202,54712,,3303,Processed
14203,97181,Late Delivery,4061,Rejected
14204,30421,WRONG,0,Rejected
14205,54433,,99999,Pending
14206,45677,Wrong Item,0,PENDING
14207,40126,,99999,processed
14208,22851,WRONG,-200,Pending
14209,12328,Damaged,4261,processed
14210,14257,WRONG,-200,Rejected
14211,26830,Late Delivery,2985,Pending
14212,29686,Late Delivery,0,processed
14213,88954,Wrong Item,99999,Rejected
14214,11985,,0,Rejected
14215,52313,damaged,0,Processed
14216,28529,Late Delivery,587,Rejected
14217,19383,Late Delivery,3168,Pending
14218,72791,Missing Item,99999,Rejected
14219,47423,,0,PENDING
14220,30974,Missing Item,99999,Pending
14221,76386,Damaged,3286,Rejected
14222,70015,WRONG,0,Processed
14223,8132,damaged,99999,PENDING
14224,64831,Damaged,0,Processed
14225,78137,,765,Processed
14226,14871,damaged,4633,processed
14227,67875,,0,PENDING
14228,98643,Missing Item,-200,PENDING
14229,64462,Damaged,0,Rejected
14230,35693,,-200,Pending
14231,66905,,554,Rejected
14232,70401,Missing Item,1250,Processed
14233,50214,Missing Item,99999,PENDING
14234,99602,WRONG,-200,Pending
14235,4508,Missing Item,-200,Pending
14236,43537,WRONG,3763,processed
14237,59616,,0,processed
14238,99539,WRONG,276,PENDING
14239,65009,Damaged,3992,Pending
14240,32483,Damaged,99999,PENDING
14241,70811,,1360,processed
14242,12433,,3827,Rejected
14243,72275,Late Delivery,2048,Pending
14244,19960,,4463,Rejected
14245,34646,WRONG,-200,processed
14246,31129,Damaged,-200,processed
14247,32522,Missing Item,2571,Pending
14248,87743,Damaged,2353,PENDING
14249,22903,,455,Processed
14250,98471,Missing Item,2485,Processed
14251,78331,WRONG,4022,Rejected
14252,69170,Wrong Item,4468,Rejected
14253,78887,WRONG,3352,processed
14254,31036,,99999,processed
14255,71133,damaged,-200,Pending
14256,365,Wrong Item,0,PENDING
14257,69435,,3740,Pending
14258,61590,damaged,0,Rejected
14259,23922,Missing Item,1322,Processed
14260,76967,WRONG,3310,processed
14261,24031,Missing Item,0,processed
14262,51730,Missing Item,4059,Rejected
14263,56978,WRONG,-200,PENDING
14264,99047,Missing Item,99999,Rejected
14265,16418,,99999,PENDING
14266,39390,Damaged,0,Pending
14267,7189,WRONG,99999,PENDING
14268,88192,,-200,processed
14269,73363,,3173,Rejected
14270,98061,damaged,-200,Rejected
14271,34740,damaged,619,PENDING
14272,98340,damaged,1703,processed
14273,55316,damaged,-200,processed
14274,77277,Wrong Item,0,Processed
14275,25260,Wrong Item,830,processed
14276,60712,Damaged,0,Rejected
14277,52024,,99999,Processed
14278,68962,Wrong Item,99999,Pending
14279,63584,Late Delivery,1011,Pending
14280,72414,Missing Item,-200,PENDING
14281,11218,damaged,-200,processed
14282,97475,Missing Item,4729,Processed
14283,54114,damaged,4303,PENDING
14284,8494,Missing Item,2300,Rejected
14285,19058,Missing Item,3549,Pending
14286,81735,Wrong Item,3651,Pending
14287,91383,Damaged,2586,PENDING
14288,39403,,1907,Rejected
14289,83595,Wrong Item,155,PENDING
14290,85190,Late Delivery,4562,processed
14291,22430,Damaged,922,PENDING
14292,96359,Late Delivery,-200,processed
14293,78442,Late Delivery,4520,Processed
14294,50926,Wrong Item,1740,processed
14295,91398,damaged,1883,Processed
14296,391,Late Delivery,105,processed
14297,7015,Missing Item,99999,Rejected
14298,73162,Damaged,404,PENDING
14299,95793,Missing Item,-200,Processed
14300,17235,,-200,PENDING
14301,66656,Late Delivery,1030,processed
14302,48977,Late Delivery,-200,Rejected
14303,74889,,3705,Pending
14304,6502,Wrong Item,99999,Pending
14305,85395,Missing Item,4013,PENDING
14306,23261,WRONG,3151,processed
14307,42228,,0,Rejected
14308,30599,Damaged,-200,Processed
14309,84665,WRONG,1078,PENDING
14310,81191,damaged,1879,Processed
14311,57632,damaged,652,processed
14312,40765,Late Delivery,2562,processed
14313,75238,Damaged,99999,Processed
14314,59876,Wrong Item,-200,processed
14315,12958,,4981,PENDING
14316,16188,Damaged,0,processed
14317,25573,Wrong Item,501,Pending
14318,30245,Damaged,3090,Pending
14319,15026,Missing Item,0,Rejected
14320,42747,WRONG,-200,processed
14321,93473,Wrong Item,-200,Processed
14322,47223,Late Delivery,1230,Rejected
14323,82830,,2529,Rejected
14324,69426,Wrong Item,-200,Pending
14325,34731,WRONG,-200,PENDING
14326,58687,Damaged,99999,Pending
14327,36681,Damaged,-200,Pending
14328,13536,Damaged,1024,processed
14329,29516,Late Delivery,0,Processed
14330,94130,Late Delivery,3188,Rejected
14331,66092,Damaged,-200,Rejected
14332,44281,Damaged,0,PENDING
14333,80367,Late Delivery,0,PENDING
14334,49934,,912,Pending
14335,36232,damaged,2083,PENDING
14336,86281,Late Delivery,2932,processed
14337,23383,WRONG,99999,Pending
14338,45790,WRONG,99999,Processed
14339,89930,Damaged,0,Rejected
14340,32617,Late Delivery,-200,Processed
14341,31860,Late Delivery,0,Pending
14342,56667,Missing Item,-200,Processed
14343,12573,WRONG,-200,Processed
14344,53322,damaged,2453,Pending
14345,64537,Wrong Item,0,Pending
14346,38216,Damaged,-200,processed
14347,65993,damaged,99999,Rejected
14348,78678,Late Delivery,99999,Pending
14349,88824,,1971,PENDING
14350,3211,Late Delivery,99999,Pending
14351,71246,Missing Item,679,Rejected
14352,99175,Damaged,2960,PENDING
14353,90120,damaged,-200,PENDING
14354,5947,WRONG,4359,Rejected
14355,48750,Wrong Item,-200,Pending
14356,17569,damaged,0,Processed
14357,43045,,848,Pending
14358,37599,Wrong Item,99999,Processed
14359,42068,Missing Item,0,Processed
14360,9652,Wrong Item,2367,Processed
14361,56967,Damaged,3133,Processed
14362,18226,Late Delivery,4520,Rejected
14363,1325,Late Delivery,0,Rejected
14364,93760,WRONG,-200,Pending
14365,92833,,-200,Rejected
14366,92402,Late Delivery,1688,Pending
14367,32626,Late Delivery,3358,Processed
14368,7717,Damaged,1527,Pending
14369,7515,Missing Item,-200,processed
14370,343,WRONG,4504,Processed
14371,85921,WRONG,4071,Processed
14372,38669,damaged,463,Pending
14373,74238,Damaged,0,PENDING
14374,63359,Missing Item,-200,processed
14375,394,Wrong Item,-200,processed
14376,53763,WRONG,0,PENDING
14377,75597,Damaged,4845,Pending
14378,60810,Damaged,0,Pending
14379,81456,Late Delivery,1845,PENDING
14380,58046,,3479,PENDING
14381,37466,,756,Pending
14382,77792,damaged,4373,Pending
14383,76157,,2111,Rejected
14384,65671,damaged,2236,Processed
14385,64122,damaged,-200,Pending
14386,36624,Damaged,3285,processed
14387,25421,Missing Item,4830,Processed
14388,60647,Damaged,492,Rejected
14389,70403,damaged,4051,PENDING
14390,64555,WRONG,433,Rejected
14391,30644,,0,PENDING
14392,76697,Missing Item,0,processed
14393,29198,Missing Item,1699,Rejected
14394,53088,Wrong Item,4966,Pending
14395,972,Late Delivery,4890,PENDING
14396,58806,,99999,Pending
14397,91375,WRONG,99999,PENDING
14398,65700,,3006,processed
14399,44378,,1082,Processed
14400,53841,WRONG,99999,Processed
14401,40627,damaged,99999,Pending
14402,48529,Wrong Item,99999,Processed
14403,99881,Damaged,1473,Processed
14404,39177,WRONG,99999,Processed
14405,72184,Missing Item,-200,Pending
14406,91717,Damaged,3828,Pending
14407,79092,WRONG,4598,Rejected
14408,20456,Late Delivery,-200,Processed
14409,32223,Wrong Item,0,PENDING
14410,28453,WRONG,1668,Rejected
14411,61214,WRONG,3731,Pending
14412,9114,WRONG,0,Pending
14413,12876,Missing Item,-200,processed
14414,95731,damaged,-200,Processed
14415,51669,WRONG,-200,PENDING
14416,66208,Wrong Item,3587,Processed
14417,83502,Late Delivery,-200,PENDING
14418,73225,Damaged,0,Processed
14419,72974,,-200,Pending
14420,99073,Late Delivery,2240,Processed
14421,54585,Late Delivery,99999,Rejected
14422,90807,Late Delivery,0,Pending
14423,22010,WRONG,1915,PENDING
14424,53079,Damaged,-200,Processed
14425,31029,Missing Item,0,processed
14426,50937,WRONG,4971,Pending
14427,28926,,1618,processed
14428,81079,Missing Item,3676,PENDING
14429,57531,,-200,Processed
14430,56730,,3753,processed
14431,87702,,4647,PENDING
14432,22340,WRONG,99999,Processed
14433,78144,damaged,3822,Pending
14434,66831,Wrong Item,2580,Pending
14435,54083,Late Delivery,514,Rejected
14436,56557,Late Delivery,4708,PENDING
14437,61818,Wrong Item,0,Pending
14438,84412,Missing Item,2141,PENDING
14439,25068,Wrong Item,4157,Pending
14440,62478,Wrong Item,-200,processed
14441,47662,WRONG,752,PENDING
14442,30581,,4882,Processed
14443,89256,,2656,PENDING
14444,90272,Missing Item,3822,processed
14445,74017,WRONG,0,Processed
14446,7176,Wrong Item,937,Processed
14447,19354,Missing Item,846,Processed
14448,63437,Missing Item,1753,processed
14449,45551,Missing Item,-200,Rejected
14450,98763,damaged,2442,Rejected
14451,83674,Missing Item,0,Rejected
14452,37534,Missing Item,4817,Rejected
14453,78159,WRONG,99999,Rejected
14454,46620,Late Delivery,2606,Pending
14455,87817,Damaged,1939,processed
14456,85010,,2185,processed
14457,37705,Damaged,3817,Processed
14458,77160,Late Delivery,4078,Processed
14459,62820,damaged,2008,Rejected
14460,25081,damaged,0,processed
14461,50764,,1632,PENDING
14462,36462,damaged,99999,Processed
14463,85816,Wrong Item,-200,processed
14464,52058,Late Delivery,2138,Rejected
14465,63729,Missing Item,-200,processed
14466,97651,Wrong Item,99999,Processed
14467,12396,Wrong Item,1778,Processed
14468,85411,WRONG,4479,Processed
14469,83280,Wrong Item,2699,PENDING
14470,32464,,0,processed
14471,3169,Damaged,0,processed
14472,20709,Late Delivery,2435,PENDING
14473,16194,WRONG,-200,PENDING
14474,35361,damaged,0,PENDING
14475,94237,WRONG,703,processed
14476,94803,damaged,2430,processed
14477,95795,Wrong Item,2202,Processed
14478,74547,Missing Item,-200,processed
14479,21190,WRONG,2341,processed
14480,98855,Wrong Item,4022,PENDING
14481,53129,Wrong Item,0,Rejected
14482,72896,Missing Item,0,Pending
14483,21933,Damaged,3300,processed
14484,25363,Wrong Item,99999,Pending
14485,56763,WRONG,2741,Processed
14486,97545,,2916,Rejected
14487,52021,,99999,Processed
14488,4265,WRONG,99999,Pending
14489,23657,WRONG,3348,Rejected
14490,75968,Damaged,99999,PENDING
14491,84695,damaged,1678,processed
14492,58474,WRONG,-200,Pending
14493,14825,damaged,-200,processed
14494,28690,Damaged,2372,Pending
14495,15660,Wrong Item,99999,processed
14496,47674,WRONG,630,processed
14497,95252,,2627,Processed
14498,99716,Late Delivery,99999,Processed
14499,5084,Missing Item,0,Pending
14500,34156,damaged,-200,Processed
14501,99372,Late Delivery,0,Processed
14502,77316,Late Delivery,1115,PENDING
14503,63415,Late Delivery,0,processed
14504,78666,WRONG,1129,PENDING
14505,29293,,99999,Pending
14506,21501,,218,processed
14507,20522,Damaged,2872,processed
14508,86369,WRONG,2212,Processed
14509,74452,Late Delivery,99999,Pending
14510,71303,,99999,PENDING
14511,27880,Wrong Item,2173,PENDING
14512,32611,Wrong Item,0,processed
14513,40456,damaged,273,Processed
14514,76107,Missing Item,1557,Pending
14515,2399,Late Delivery,942,Processed
14516,1047,Damaged,2811,PENDING
14517,95023,Wrong Item,1846,processed
14518,70733,damaged,4441,Processed
14519,95990,WRONG,347,Pending
14520,70128,WRONG,3484,processed
14521,89329,Late Delivery,4253,PENDING
14522,89646,Late Delivery,99999,Rejected
14523,91688,damaged,2051,Processed
14524,65792,Missing Item,2042,processed
14525,10268,Missing Item,3233,Pending
14526,97016,damaged,0,Processed
14527,2959,Damaged,1315,processed
14528,74129,Missing Item,99999,PENDING
14529,13750,Missing Item,99999,Pending
14530,41291,,586,Processed
14531,50976,,-200,Rejected
14532,76179,Damaged,99999,Rejected
14533,2444,Damaged,3355,Pending
14534,42116,Late Delivery,0,Pending
14535,50929,Wrong Item,0,Pending
14536,88466,damaged,2150,Rejected
14537,127,damaged,99999,Processed
14538,85994,Damaged,1731,processed
14539,86316,Missing Item,4439,processed
14540,57743,damaged,3923,processed
14541,99138,WRONG,2684,processed
14542,27135,,-200,PENDING
14543,32594,WRONG,0,Pending
14544,23306,Damaged,99999,processed
14545,22127,Missing Item,99999,Processed
14546,76234,Damaged,460,processed
14547,81327,Wrong Item,99999,Pending
14548,19496,damaged,99999,Processed
14549,12969,WRONG,-200,PENDING
14550,22149,Damaged,0,Pending
14551,10919,,0,Processed
14552,88394,,2756,Rejected
14553,95708,Wrong Item,-200,Rejected
14554,94235,WRONG,2432,Pending
14555,63089,Late Delivery,0,Rejected
14556,87413,Damaged,4525,Processed
14557,99825,damaged,791,processed
14558,37777,Late Delivery,2994,processed
14559,19065,Wrong Item,3214,PENDING
14560,5742,Wrong Item,-200,Processed
14561,94485,,-200,processed
14562,78426,damaged,4529,Pending
14563,43241,Wrong Item,3943,Rejected
14564,27100,damaged,99999,Processed
14565,88129,damaged,99999,Pending
14566,71767,Missing Item,3828,processed
14567,46961,WRONG,-200,Rejected
14568,96646,Missing Item,99999,processed
14569,57347,WRONG,99999,Pending
14570,37545,Damaged,4156,Processed
14571,16962,WRONG,4728,PENDING
14572,7919,Damaged,0,Rejected
14573,29072,Late Delivery,99999,PENDING
14574,53391,damaged,3751,Processed
14575,82784,Late Delivery,4253,processed
14576,92873,,3213,PENDING
14577,83147,Damaged,3335,Rejected
14578,51719,Damaged,0,Processed
14579,13384,Wrong Item,2835,Pending
14580,28814,Late Delivery,1828,Rejected
14581,59454,Damaged,1773,processed
14582,50355,damaged,4769,PENDING
14583,45762,damaged,99999,processed
14584,42859,,-200,Pending
14585,38258,Wrong Item,1321,Rejected
14586,90450,Damaged,4220,Rejected
14587,80329,Wrong Item,3165,Processed
14588,42898,,3684,processed
14589,85493,Wrong Item,-200,processed
14590,28033,damaged,2451,Processed
14591,61987,Late Delivery,3621,Pending
14592,94316,Late Delivery,502,processed
14593,65156,Late Delivery,2464,PENDING
14594,7149,WRONG,1918,Pending
14595,93586,WRONG,-200,PENDING
14596,79512,Damaged,99999,PENDING
14597,17181,WRONG,0,Pending
14598,20638,WRONG,4086,Pending
14599,6999,WRONG,99999,PENDING
14600,42890,Wrong Item,861,PENDING
14601,57210,,0,Pending
14602,30075,Damaged,99999,Pending
14603,43481,Late Delivery,99999,Rejected
14604,42532,,2792,PENDING
14605,44958,Missing Item,-200,Processed
14606,96467,Late Delivery,99999,processed
14607,29481,Late Delivery,780,Rejected
14608,71520,Late Delivery,2681,PENDING
14609,326,Missing Item,0,Processed
14610,9025,Wrong Item,3682,PENDING
14611,4988,WRONG,99999,Processed
14612,97336,WRONG,0,processed
14613,85860,Wrong Item,-200,Pending
14614,22640,WRONG,99999,Rejected
14615,43955,Damaged,99999,Processed
14616,70964,Missing Item,99999,processed
14617,47431,WRONG,2840,processed
14618,20497,Damaged,99999,PENDING
14619,65686,,0,Rejected
14620,50463,Wrong Item,99999,processed
14621,72771,damaged,3071,Pending
14622,36136,,99999,PENDING
14623,38781,Damaged,3464,Pending
14624,48238,,99999,Pending
14625,19382,damaged,2772,PENDING
14626,54552,Damaged,4557,Processed
14627,53721,Damaged,0,processed
14628,79189,Damaged,99999,Rejected
14629,49576,,3943,Pending
14630,86802,Missing Item,2613,processed
14631,73299,Damaged,1416,Pending
14632,67162,,99999,processed
14633,34662,,815,Rejected
14634,42435,Damaged,195,Pending
14635,36893,Wrong Item,-200,Processed
14636,37343,Missing Item,3481,Pending
14637,44350,damaged,3636,Rejected
14638,49970,Missing Item,3549,Rejected
14639,90812,Wrong Item,0,Pending
14640,69211,Wrong Item,-200,PENDING
14641,37433,Damaged,-200,processed
14642,10906,WRONG,1985,Pending
14643,85191,damaged,0,Processed
14644,70349,Damaged,1469,Pending
14645,1042,Damaged,2093,processed
14646,31064,damaged,2925,Processed
14647,40665,Wrong Item,258,processed
14648,82140,,-200,processed
14649,53029,Wrong Item,4141,PENDING
14650,10381,Wrong Item,3475,processed
14651,19273,Late Delivery,131,processed
14652,7597,damaged,262,PENDING
14653,40120,damaged,-200,processed
14654,27273,Missing Item,2971,PENDING
14655,8047,damaged,99999,Rejected
14656,55642,Missing Item,4905,Rejected
14657,14866,Damaged,-200,Rejected
14658,2459,WRONG,0,Processed
14659,24215,Wrong Item,99999,PENDING
14660,12071,,2551,Processed
14661,5168,WRONG,1818,PENDING
14662,14515,Missing Item,0,Pending
14663,46984,Missing Item,4759,processed
14664,2213,damaged,-200,processed
14665,52949,Wrong Item,3670,Rejected
14666,72980,,0,Rejected
14667,38005,WRONG,776,processed
14668,97040,Missing Item,1233,processed
14669,7033,damaged,4066,Rejected
14670,62688,Wrong Item,99999,Pending
14671,415,Missing Item,99999,Rejected
14672,54012,Missing Item,364,Rejected
14673,99138,Late Delivery,99999,PENDING
14674,57757,WRONG,1763,Rejected
14675,291,WRONG,4409,Pending
14676,14656,damaged,1140,Processed
14677,33112,,4003,Rejected
14678,59087,Damaged,4870,Rejected
14679,35075,Missing Item,99999,Processed
14680,40329,Damaged,0,Processed
14681,69390,Damaged,4184,Processed
14682,34255,Missing Item,-200,Pending
14683,90692,,99999,Rejected
14684,88296,Damaged,3490,Pending
14685,98681,damaged,99999,processed
14686,84876,Damaged,0,PENDING
14687,99876,Late Delivery,1073,Processed
14688,70403,Missing Item,3905,Pending
14689,65767,,99999,Processed
14690,3175,WRONG,1308,processed
14691,16522,WRONG,-200,PENDING
14692,65544,Damaged,1122,PENDING
14693,94628,damaged,99999,PENDING
14694,15571,Damaged,-200,PENDING
14695,13375,WRONG,99999,Processed
14696,79804,,0,Pending
14697,73589,damaged,1984,PENDING
14698,69487,Damaged,0,Pending
14699,28328,Late Delivery,99999,PENDING
14700,34127,Damaged,4667,processed
14701,74005,,4953,processed
14702,73558,WRONG,99999,Rejected
14703,23270,,99999,Processed
14704,33148,WRONG,99999,Rejected
14705,39168,Late Delivery,1576,Processed
14706,94916,Wrong Item,4586,Rejected
14707,32167,WRONG,-200,Processed
14708,46132,Late Delivery,99999,Rejected
14709,74656,Missing Item,0,Rejected
14710,46652,Missing Item,3088,Processed
14711,34156,Late Delivery,99999,processed
14712,13194,,-200,Processed
14713,12991,Damaged,-200,Pending
14714,84068,,2303,Processed
14715,76578,WRONG,2473,Processed
14716,90063,Wrong Item,650,PENDING
14717,65501,damaged,3162,processed
14718,6551,Missing Item,99999,Processed
14719,34600,WRONG,0,Rejected
14720,70059,Damaged,1884,Processed
14721,23976,Damaged,99999,PENDING
14722,33468,Wrong Item,607,Rejected
14723,97372,Late Delivery,4368,Pending
14724,79704,Late Delivery,-200,Processed
14725,42181,Late Delivery,2537,PENDING
14726,24862,Damaged,0,PENDING
14727,4143,Late Delivery,99999,processed
14728,74684,Late Delivery,99999,PENDING
14729,95231,WRONG,1278,processed
14730,89883,Late Delivery,-200,PENDING
14731,94439,WRONG,2609,Pending
14732,64635,,4453,Rejected
14733,11733,damaged,765,Pending
14734,39826,Wrong Item,0,Pending
14735,39088,Missing Item,1360,Pending
14736,76362,Missing Item,-200,Pending
14737,10521,Late Delivery,0,processed
14738,10249,damaged,-200,processed
14739,64532,Late Delivery,0,Rejected
14740,57404,Missing Item,0,processed
14741,24513,,4632,Processed
14742,86786,WRONG,800,Processed
14743,28501,Wrong Item,0,Rejected
14744,96117,Late Delivery,0,Rejected
14745,64704,damaged,3830,Rejected
14746,99398,damaged,2572,processed
14747,97148,Missing Item,3295,Rejected
14748,21532,,453,Rejected
14749,64534,Missing Item,1508,Rejected
14750,46296,Missing Item,1868,Pending
14751,10765,Missing Item,2792,processed
14752,76221,Wrong Item,0,PENDING
14753,33825,,0,PENDING
14754,80000,Wrong Item,4220,Rejected
14755,20544,damaged,2951,PENDING
14756,48148,WRONG,3382,Pending
14757,78524,,-200,processed
14758,21472,Wrong Item,1676,PENDING
14759,49791,Missing Item,99999,processed
14760,97576,Missing Item,-200,Rejected
14761,90014,Missing Item,-200,processed
14762,40084,damaged,3053,PENDING
14763,91054,WRONG,99999,processed
14764,54249,WRONG,-200,Pending
14765,57684,damaged,3830,PENDING
14766,67560,Wrong Item,-200,Pending
14767,31347,Missing Item,1665,PENDING
14768,98136,damaged,673,PENDING
14769,89021,Missing Item,-200,processed
14770,1380,Damaged,3027,Processed
14771,51110,Late Delivery,-200,Rejected
14772,9544,damaged,3779,Processed
14773,89343,damaged,0,Rejected
14774,91677,Damaged,1389,Rejected
14775,22128,Damaged,3486,processed
14776,39211,Damaged,0,Pending
14777,67879,WRONG,2489,Processed
14778,51718,,0,Pending
14779,73946,WRONG,0,Rejected
14780,84700,Late Delivery,1887,PENDING
14781,23175,Wrong Item,3536,Rejected
14782,81220,Late Delivery,4563,Pending
14783,55482,,99999,PENDING
14784,82896,Wrong Item,0,Pending
14785,18497,Missing Item,501,PENDING
14786,94857,damaged,4175,Processed
14787,63006,Missing Item,1284,Pending
14788,43505,WRONG,0,PENDING
14789,97327,Wrong Item,3746,Rejected
14790,26052,Damaged,4771,processed
14791,47769,Damaged,-200,PENDING
14792,97071,Missing Item,99999,Rejected
14793,99311,damaged,-200,processed
14794,31055,,0,PENDING
14795,55072,Missing Item,-200,Pending
14796,97993,,99999,Rejected
14797,68765,damaged,559,processed
14798,87900,Damaged,99999,Rejected
14799,35685,Missing Item,269,Rejected
14800,81401,Wrong Item,0,processed
14801,41423,Damaged,0,processed
14802,73939,Damaged,0,processed
14803,3813,Damaged,3416,Pending
14804,62322,Wrong Item,0,PENDING
14805,87858,WRONG,0,Processed
14806,96990,,99999,Pending
14807,94812,Missing Item,-200,PENDING
14808,88319,WRONG,4448,PENDING
14809,17377,,1460,PENDING
14810,5253,,99999,Rejected
14811,9771,Damaged,99999,Processed
14812,89464,,1248,processed
14813,99204,,-200,Pending
14814,10912,Damaged,-200,Processed
14815,78377,Damaged,1339,processed
14816,27500,Damaged,-200,Processed
14817,14062,Damaged,-200,processed
14818,48229,Damaged,3772,Pending
14819,17394,WRONG,4484,processed
14820,48727,Wrong Item,99999,PENDING
14821,91575,Late Delivery,-200,processed
14822,94884,,3620,PENDING
14823,52863,,99999,Processed
14824,10551,Missing Item,-200,PENDING
14825,66344,Late Delivery,1954,Processed
14826,64190,WRONG,2416,Pending
14827,57402,WRONG,3294,Rejected
14828,53594,Late Delivery,0,processed
14829,46542,Damaged,-200,PENDING
14830,53131,Wrong Item,99999,PENDING
14831,56241,WRONG,-200,processed
14832,78011,WRONG,-200,Processed
14833,62205,,0,Rejected
14834,57584,Missing Item,0,PENDING
14835,94157,Late Delivery,250,Pending
14836,19330,Missing Item,1885,processed
14837,27287,Missing Item,-200,processed
14838,2629,Late Delivery,-200,processed
14839,66856,WRONG,535,Pending
14840,66710,,-200,PENDING
14841,83211,Damaged,99999,processed
14842,41280,damaged,3818,Pending
14843,24135,Missing Item,0,Pending
14844,63697,Damaged,1198,Rejected
14845,59269,damaged,99999,processed
14846,70083,Missing Item,3597,PENDING
14847,32408,,797,PENDING
14848,22198,WRONG,0,Pending
14849,29264,,2921,PENDING
14850,45008,,3226,Rejected
14851,7166,Missing Item,2574,PENDING
14852,52197,,-200,PENDING
14853,60799,damaged,2672,Rejected
14854,71353,Late Delivery,0,processed
14855,89205,Damaged,-200,PENDING
14856,2567,damaged,248,Pending
14857,1385,Damaged,0,PENDING
14858,57799,damaged,-200,Rejected
14859,29587,,2942,Rejected
14860,33796,,99999,PENDING
14861,96730,WRONG,206,processed
14862,31774,Missing Item,627,Rejected
14863,42369,WRONG,4370,Processed
14864,76354,Missing Item,2186,Processed
14865,80412,WRONG,-200,Processed
14866,40896,Wrong Item,0,PENDING
14867,73773,Wrong Item,2329,Processed
14868,98671,WRONG,3189,processed
14869,58291,,4988,PENDING
14870,97632,Wrong Item,0,PENDING
14871,22946,Missing Item,99999,Pending
14872,76485,Wrong Item,636,Rejected
14873,63150,WRONG,1439,PENDING
14874,54461,,2658,Pending
14875,21381,,99999,Processed
14876,51357,Missing Item,4927,PENDING
14877,43689,Damaged,-200,processed
14878,65452,damaged,-200,processed
14879,47164,damaged,0,Rejected
14880,32730,Wrong Item,99999,Rejected
14881,45431,Missing Item,99999,Pending
14882,74469,WRONG,0,Pending
14883,43015,damaged,3311,PENDING
14884,17996,Wrong Item,0,Pending
14885,93547,,99999,processed
14886,63676,damaged,99999,Pending
14887,66049,,3768,processed
14888,9647,Missing Item,3599,processed
14889,51053,Missing Item,1160,Pending
14890,60641,Missing Item,583,processed
14891,19436,Wrong Item,0,Rejected
14892,63610,Late Delivery,1090,processed
14893,68514,WRONG,227,processed
14894,87878,,99999,Rejected
14895,67736,Late Delivery,0,PENDING
14896,70004,,3826,Pending
14897,46385,WRONG,3304,Pending
14898,46887,Wrong Item,99999,Processed
14899,1985,Damaged,99999,Rejected
14900,51225,Late Delivery,3252,Rejected
14901,31990,WRONG,99999,Processed
14902,70047,damaged,2200,PENDING
14903,82421,Damaged,99999,Pending
14904,50217,Late Delivery,0,Processed
14905,42376,Late Delivery,1208,processed
14906,85658,Missing Item,3501,processed
14907,11525,damaged,0,Processed
14908,49269,Damaged,99999,Pending
14909,26322,WRONG,0,Pending
14910,64017,,2875,Processed
14911,37549,Damaged,512,processed
14912,65335,Wrong Item,1125,Pending
14913,24951,WRONG,0,Pending
14914,12610,Late Delivery,-200,Processed
14915,89377,,0,Processed
14916,76328,,99999,Pending
14917,85400,Wrong Item,99999,Processed
14918,5477,Late Delivery,3982,Processed
14919,40937,Damaged,4050,Processed
14920,68974,Damaged,0,Rejected
14921,42487,Damaged,3439,Pending
14922,41629,Wrong Item,758,Pending
14923,37580,Wrong Item,4410,processed
14924,53637,,-200,processed
14925,87880,Late Delivery,1280,Rejected
14926,11555,Wrong Item,99999,Pending
14927,59193,WRONG,681,Rejected
14928,13136,Late Delivery,4234,Rejected
14929,88855,Wrong Item,1809,PENDING
14930,20710,Late Delivery,99999,Rejected
14931,52892,Late Delivery,4358,processed
14932,98354,Missing Item,0,Pending
14933,31484,WRONG,-200,processed
14934,28075,Damaged,3689,Processed
14935,79872,Late Delivery,0,Processed
14936,53245,Missing Item,209,Rejected
14937,36180,,0,Rejected
14938,41419,Wrong Item,1857,processed
14939,13683,damaged,99999,processed
14940,50956,,1972,PENDING
14941,66890,damaged,3035,processed
14942,73829,Missing Item,-200,Processed
14943,1991,,-200,Pending
14944,51452,damaged,905,Pending
14945,33731,Damaged,2464,PENDING
14946,93904,Missing Item,566,Processed
14947,69479,WRONG,-200,processed
14948,20385,,99999,Rejected
14949,78085,Missing Item,1070,Rejected
14950,8487,Damaged,3184,Pending
14951,17285,,3993,Processed
14952,38990,Wrong Item,1380,Pending
14953,53398,Missing Item,346,Pending
14954,11399,Wrong Item,99999,PENDING
14955,57890,Damaged,-200,Rejected
14956,78809,,0,processed
14957,24095,damaged,534,Pending
14958,62079,WRONG,3030,PENDING
14959,65829,WRONG,99999,processed
14960,21877,WRONG,1883,PENDING
14961,6096,Late Delivery,2398,processed
14962,32314,Damaged,944,Pending
14963,7383,Missing Item,3958,PENDING
14964,48906,Wrong Item,2675,Pending
14965,23408,WRONG,99999,PENDING
14966,46307,Wrong Item,4037,processed
14967,33582,,99999,Processed
14968,49024,damaged,-200,Rejected
14969,3989,Damaged,1782,processed
14970,95931,Missing Item,3298,PENDING
14971,28322,Damaged,0,Pending
14972,17134,Missing Item,4955,PENDING
14973,21274,Wrong Item,2263,Processed
14974,5754,Late Delivery,-200,Processed
14975,72536,WRONG,4990,Processed
14976,70278,Late Delivery,-200,Rejected
14977,68185,Missing Item,158,Processed
14978,68471,Missing Item,1331,Pending
14979,60951,,0,Processed
14980,60410,damaged,99999,Pending
14981,11427,Damaged,4676,Pending
14982,98714,Wrong Item,610,Rejected
14983,43758,WRONG,2378,processed
14984,72152,damaged,-200,Rejected
14985,8059,Damaged,-200,Processed
14986,71099,Damaged,-200,Processed
14987,13423,damaged,588,processed
14988,45624,Late Delivery,-200,Pending
14989,26310,Missing Item,99999,Pending
14990,45795,damaged,-200,PENDING
14991,1048,Late Delivery,-200,processed
14992,62172,Late Delivery,99999,Pending
14993,93073,,99999,Processed
14994,22935,,0,Rejected
14995,87050,,-200,PENDING
14996,76316,Late Delivery,1155,Pending
14997,23582,,99999,Processed
14998,61901,Damaged,0,Rejected
14999,40734,Wrong Item,2673,PENDING
15000,3073,Damaged,99999,processed
15001,44425,Missing Item,2093,PENDING
15002,71095,WRONG,4745,Rejected
15003,12662,damaged,99999,processed
15004,53591,damaged,1373,Rejected
15005,41870,damaged,-200,Rejected
15006,13790,damaged,2874,Processed
15007,64994,WRONG,99999,Pending
15008,69759,Damaged,0,Pending
15009,17358,,2803,processed
15010,37178,WRONG,-200,Rejected
15011,95283,damaged,-200,Pending
15012,97564,Wrong Item,-200,processed
15013,71607,Damaged,2371,PENDING
15014,12113,Wrong Item,2739,Pending
15015,28092,Missing Item,4959,Rejected
15016,71774,Missing Item,-200,processed
15017,26598,Late Delivery,3351,Rejected
15018,25402,Missing Item,1902,Processed
15019,70747,Late Delivery,-200,PENDING
15020,7415,,-200,processed
15021,59232,,0,processed
15022,2974,WRONG,2070,processed
15023,16407,Wrong Item,3569,processed
15024,70900,WRONG,2662,processed
15025,34931,Wrong Item,99999,PENDING
15026,41140,damaged,2894,Rejected
15027,10339,WRONG,3079,Pending
15028,42770,Damaged,733,Processed
15029,26956,,4265,Processed
15030,38508,Wrong Item,0,Processed
15031,43624,damaged,3156,Rejected
15032,70603,Late Delivery,4040,PENDING
15033,66442,Wrong Item,4199,processed
15034,34362,,232,PENDING
15035,69296,,99999,PENDING
15036,97598,WRONG,2688,Processed
15037,32278,Wrong Item,403,Processed
15038,68860,Missing Item,4016,PENDING
15039,81308,Missing Item,0,Rejected
15040,98196,WRONG,99999,Rejected
15041,20260,,99999,Rejected
15042,99621,,99999,processed
15043,22431,Wrong Item,99999,PENDING
15044,84103,damaged,-200,Processed
15045,46956,Wrong Item,-200,PENDING
15046,14221,WRONG,0,Pending
15047,54296,Wrong Item,0,Processed
15048,85225,Wrong Item,0,Pending
15049,62438,Wrong Item,0,Processed
15050,15377,damaged,4034,PENDING
15051,98148,Missing Item,2851,Rejected
15052,16138,Missing Item,866,Processed
15053,86553,Missing Item,737,Rejected
15054,27666,Damaged,201,Rejected
15055,85224,Damaged,698,Rejected
15056,60558,WRONG,99999,processed
15057,38993,Wrong Item,0,PENDING
15058,14874,Wrong Item,-200,Pending
15059,68596,WRONG,2371,processed
15060,99642,,-200,PENDING
15061,44921,damaged,-200,Rejected
15062,63767,Wrong Item,1295,processed
15063,66933,Missing Item,3157,Processed
15064,2508,WRONG,99999,Rejected
15065,92857,Wrong Item,3350,Pending
15066,25294,Late Delivery,-200,Pending
15067,94136,damaged,2566,Processed
15068,50032,,2491,PENDING
15069,29211,Late Delivery,2462,PENDING
15070,17008,Wrong Item,3397,Rejected
15071,46078,damaged,0,PENDING
15072,18811,Late Delivery,-200,Pending
15073,15058,Wrong Item,99999,PENDING
15074,12190,Damaged,4046,processed
15075,14853,Late Delivery,997,Processed
15076,79511,WRONG,4681,Rejected
15077,23274,Late Delivery,465,processed
15078,58223,WRONG,99999,Rejected
15079,5437,Late Delivery,4614,Processed
15080,46573,damaged,2273,Pending
15081,46864,damaged,2625,processed
15082,43421,Wrong Item,4677,Processed
15083,10274,Damaged,2767,PENDING
15084,81077,Missing Item,-200,Processed
15085,62380,,-200,processed
15086,35562,Wrong Item,99999,Pending
15087,17785,Damaged,99999,Processed
15088,88737,damaged,99999,Processed
15089,38463,WRONG,4289,Processed
15090,78575,Wrong Item,3659,Rejected
15091,43452,damaged,-200,PENDING
15092,66928,damaged,99999,Rejected
15093,98292,Damaged,1004,processed
15094,9433,WRONG,676,Pending
15095,27558,WRONG,1087,PENDING
15096,45104,Wrong Item,353,Pending
15097,37967,WRONG,2350,Processed
15098,84787,Damaged,0,Processed
15099,63225,Wrong Item,1325,Rejected
15100,16542,,99999,Processed
15101,70439,Missing Item,697,processed
15102,16981,damaged,152,processed
15103,74769,Damaged,4637,processed
15104,46562,Wrong Item,2578,Rejected
15105,83053,WRONG,614,PENDING
15106,17435,Late Delivery,1720,Processed
15107,96938,Late Delivery,99999,processed
15108,7339,Missing Item,99999,Processed
15109,65389,damaged,1365,Processed
15110,32472,,99999,processed
15111,91905,damaged,4139,processed
15112,15311,Late Delivery,-200,processed
15113,17412,,4879,processed
15114,45675,WRONG,3160,Pending
15115,16378,Missing Item,1140,Pending
15116,49109,damaged,-200,Rejected
15117,10988,Late Delivery,2913,PENDING
15118,34951,Wrong Item,99999,Rejected
15119,97753,damaged,0,processed
15120,60365,damaged,99999,processed
15121,22680,damaged,-200,Pending
15122,74500,damaged,4014,processed
15123,56136,Damaged,-200,processed
15124,96848,,-200,Pending
15125,80811,Wrong Item,355,Pending
15126,63063,damaged,823,processed
15127,11620,Wrong Item,-200,PENDING
15128,6374,Wrong Item,99999,Processed
15129,71442,,4264,PENDING
15130,91135,Late Delivery,99999,Pending
15131,5933,Late Delivery,0,processed
15132,26713,,3100,PENDING
15133,47645,WRONG,99999,processed
15134,19997,damaged,-200,PENDING
15135,30626,Wrong Item,246,Pending
15136,5768,WRONG,4605,processed
15137,83132,Late Delivery,3285,Rejected
15138,97987,Missing Item,367,Rejected
15139,86687,WRONG,1809,Pending
15140,3619,damaged,99999,Processed
15141,13121,Late Delivery,-200,Rejected
15142,92207,damaged,-200,PENDING
15143,84501,Damaged,2330,PENDING
15144,45194,,99999,Pending
15145,22683,Wrong Item,2070,processed
15146,97057,Missing Item,99999,Rejected
15147,13922,Damaged,99999,Processed
15148,65576,,2231,Rejected
15149,77422,WRONG,99999,Processed
15150,27573,Late Delivery,2590,PENDING
15151,99014,Late Delivery,99999,PENDING
15152,96271,Missing Item,0,PENDING
15153,13470,,1570,Rejected
15154,96334,Damaged,1344,Processed
15155,23758,Missing Item,877,Processed
15156,81469,WRONG,0,processed
15157,2551,Wrong Item,-200,Pending
15158,11854,Missing Item,-200,processed
15159,48496,WRONG,0,Processed
15160,44253,,0,Rejected
15161,69011,WRONG,0,Rejected
15162,88923,WRONG,-200,PENDING
15163,61472,Damaged,-200,PENDING
15164,63694,Late Delivery,99999,processed
15165,82787,Missing Item,-200,Pending
15166,33170,,4397,Pending
15167,25975,damaged,857,Pending
15168,83329,WRONG,997,PENDING
15169,57460,WRONG,4093,Processed
15170,88836,Wrong Item,99999,Pending
15171,20498,Late Delivery,3086,processed
15172,87092,Late Delivery,3362,Rejected
15173,51473,Missing Item,-200,Pending
15174,64516,damaged,-200,PENDING
15175,87423,Damaged,2936,Processed
15176,34383,Damaged,4650,Pending
15177,80699,Missing Item,-200,Pending
15178,34329,Wrong Item,3909,processed
15179,67914,Damaged,1566,processed
15180,14380,Missing Item,99999,PENDING
15181,56310,Late Delivery,2150,PENDING
15182,84011,Late Delivery,99999,Pending
15183,85715,WRONG,-200,PENDING
15184,19356,,-200,Pending
15185,19055,Missing Item,-200,processed
15186,32342,Wrong Item,1860,Pending
15187,90877,Wrong Item,-200,processed
15188,92460,damaged,99999,Processed
15189,19811,,0,PENDING
15190,42869,Wrong Item,3443,Rejected
15191,145,WRONG,501,Rejected
15192,55107,damaged,-200,Pending
15193,68030,Wrong Item,710,PENDING
15194,69442,Wrong Item,0,Rejected
15195,70372,damaged,0,Rejected
15196,43889,Wrong Item,99999,Pending
15197,74155,Damaged,2231,Pending
15198,6287,,99999,Rejected
15199,5570,Missing Item,-200,PENDING
15200,17028,Late Delivery,99999,Processed
15201,25934,WRONG,4075,Pending
15202,52643,Damaged,2953,PENDING
15203,31133,WRONG,-200,Processed
15204,77119,,2402,Rejected
15205,38811,,3332,Pending
15206,30585,WRONG,-200,PENDING
15207,92124,Missing Item,4449,Processed
15208,41339,Late Delivery,1744,Processed
15209,59724,damaged,955,Processed
15210,92412,Wrong Item,1640,Processed
15211,22416,Missing Item,1874,Rejected
15212,44520,WRONG,1852,Rejected
15213,22200,,1207,processed
15214,21821,,0,Rejected
15215,94573,Late Delivery,1367,Rejected
15216,76303,Missing Item,1757,Rejected
15217,72410,Wrong Item,4729,PENDING
15218,43374,Wrong Item,1414,processed
15219,40300,,2902,processed
15220,90743,Wrong Item,0,processed
15221,41058,WRONG,-200,PENDING
15222,1640,WRONG,4145,PENDING
15223,73247,damaged,99999,PENDING
15224,15888,damaged,258,PENDING
15225,27781,Wrong Item,0,PENDING
15226,6642,Damaged,3645,processed
15227,50655,Wrong Item,99999,Processed
15228,18517,damaged,-200,Rejected
15229,7404,WRONG,0,processed
15230,98823,Damaged,456,PENDING
15231,68223,Damaged,99999,PENDING
15232,51994,WRONG,2718,PENDING
15233,7543,Wrong Item,0,Processed
15234,1754,Missing Item,177,PENDING
15235,67844,WRONG,2271,Processed
15236,68947,Wrong Item,3869,Rejected
15237,57755,,4294,Pending
15238,10163,Missing Item,-200,Processed
15239,15245,Missing Item,0,processed
15240,66802,Wrong Item,-200,PENDING
15241,76857,damaged,4238,Processed
15242,35594,,0,processed
15243,34135,damaged,2177,PENDING
15244,85934,Damaged,529,processed
15245,41209,Late Delivery,412,Pending
15246,19845,damaged,99999,Processed
15247,54850,,0,processed
15248,12876,,-200,Processed
15249,57996,Late Delivery,0,Pending
15250,1038,WRONG,1261,Rejected
15251,14354,WRONG,0,Processed
15252,35649,Wrong Item,178,processed
15253,96924,Late Delivery,3334,processed
15254,91938,damaged,0,Rejected
15255,99595,,4893,processed
15256,76157,WRONG,2857,Processed
15257,63816,WRONG,0,Processed
15258,75608,WRONG,698,PENDING
15259,28149,,2584,Rejected
15260,75268,,2756,Processed
15261,75394,Damaged,-200,Pending
15262,46435,,163,Pending
15263,30102,,0,Pending
15264,61817,Late Delivery,1297,Pending
15265,54261,Late Delivery,0,processed
15266,50175,WRONG,4948,processed
15267,80797,Late Delivery,4298,Rejected
15268,59488,WRONG,-200,Rejected
15269,12692,Damaged,0,processed
15270,73431,Missing Item,99999,Processed
15271,70383,damaged,2911,processed
15272,34276,WRONG,2556,Pending
15273,88352,Missing Item,2995,processed
15274,14622,Wrong Item,99999,Rejected
15275,47811,WRONG,0,processed
15276,73891,Late Delivery,99999,Processed
15277,94792,Late Delivery,2205,Processed
15278,8252,Missing Item,-200,PENDING
15279,34753,Wrong Item,-200,Rejected
15280,77370,,-200,Processed
15281,10097,Wrong Item,153,Pending
15282,41557,Late Delivery,4098,Rejected
15283,47045,Damaged,1953,Rejected
15284,51061,Wrong Item,167,Processed
15285,61588,WRONG,-200,PENDING
15286,19407,Damaged,1192,processed
15287,47550,Wrong Item,99999,Processed
15288,75947,damaged,0,PENDING
15289,19498,Wrong Item,99999,Pending
15290,39571,Missing Item,1708,processed
15291,38180,Missing Item,0,Pending
15292,55569,Wrong Item,0,PENDING
15293,8438,damaged,99999,Rejected
15294,17531,,3675,PENDING
15295,12601,Missing Item,0,Processed
15296,92449,,605,Pending
15297,89931,Damaged,99999,Rejected
15298,22135,WRONG,99999,Processed
15299,557,,99999,Rejected
15300,66962,WRONG,2279,PENDING
15301,54851,Missing Item,-200,Processed
15302,69944,WRONG,256,PENDING
15303,14446,WRONG,99999,Pending
15304,17343,damaged,0,PENDING
15305,5320,damaged,659,Processed
15306,34913,WRONG,2685,PENDING
15307,94056,,0,PENDING
15308,55028,Late Delivery,2885,Pending
15309,57467,Missing Item,0,processed
15310,15472,Late Delivery,-200,Processed
15311,27486,Late Delivery,2539,Rejected
15312,18874,Wrong Item,99999,Rejected
15313,70236,Damaged,1647,Rejected
15314,46825,Wrong Item,-200,Processed
15315,49429,damaged,-200,processed
15316,80585,WRONG,3309,PENDING
15317,75933,WRONG,2728,PENDING
15318,19428,Wrong Item,4647,processed
15319,32441,Missing Item,2952,Rejected
15320,14985,Wrong Item,99999,Pending
15321,71477,Missing Item,99999,Pending
15322,49227,Late Delivery,2492,PENDING
15323,96778,Late Delivery,2046,Rejected
15324,93947,Damaged,4295,PENDING
15325,94640,Late Delivery,99999,processed
15326,80061,Late Delivery,-200,PENDING
15327,43840,,0,Processed
15328,89448,,1929,Processed
15329,22193,Late Delivery,528,Pending
15330,84882,,4511,Pending
15331,31915,Late Delivery,99999,Rejected
15332,66766,Late Delivery,99999,Pending
15333,65860,,1384,Processed
15334,55454,Wrong Item,0,Rejected
15335,61777,WRONG,165,Processed
15336,84735,Damaged,2893,Rejected
15337,80645,Late Delivery,3344,PENDING
15338,24487,Late Delivery,2428,Pending
15339,8350,Wrong Item,1512,Processed
15340,25140,Missing Item,0,Processed
15341,17525,,0,Rejected
15342,53047,Damaged,99999,PENDING
15343,2047,damaged,99999,Processed
15344,92221,damaged,0,Pending
15345,96084,Late Delivery,-200,Rejected
15346,85515,Late Delivery,0,processed
15347,63120,Missing Item,-200,processed
15348,16911,damaged,99999,processed
15349,78723,WRONG,-200,Processed
15350,59828,Late Delivery,-200,Processed
15351,41027,Wrong Item,1399,Rejected
15352,98133,Late Delivery,4186,Processed
15353,84216,Damaged,184,Processed
15354,7855,damaged,3321,Rejected
15355,44497,,0,Rejected
15356,4111,Missing Item,2352,Rejected
15357,58719,Late Delivery,-200,processed
15358,11467,Wrong Item,-200,PENDING
15359,23799,Wrong Item,0,processed
15360,97963,Wrong Item,2727,PENDING
15361,89069,,4423,Pending
15362,13177,Missing Item,3767,Pending
15363,69961,Wrong Item,3998,Rejected
15364,89129,WRONG,99999,PENDING
15365,57566,Damaged,689,processed
15366,7193,Damaged,-200,processed
15367,78624,,0,Rejected
15368,23507,Late Delivery,4872,Pending
15369,22087,damaged,-200,processed
15370,19986,Late Delivery,3565,Processed
15371,9902,Late Delivery,-200,Rejected
15372,99699,,1806,PENDING
15373,79947,Wrong Item,99999,Rejected
15374,44061,damaged,1768,processed
15375,46452,WRONG,4158,Rejected
15376,85232,Late Delivery,1854,Rejected
15377,53145,,2140,Processed
15378,27007,,-200,processed
15379,82310,Missing Item,540,Processed
15380,20148,Wrong Item,0,Pending
15381,87818,Wrong Item,99999,Processed
15382,6040,Wrong Item,1748,processed
15383,41539,Late Delivery,4944,Pending
15384,44298,,1065,processed
15385,7147,,-200,Pending
15386,94813,Missing Item,99999,Processed
15387,45326,Damaged,2703,processed
15388,16661,WRONG,99999,Rejected
15389,85548,damaged,1884,Rejected
15390,52592,WRONG,0,processed
15391,70826,WRONG,99999,Pending
15392,33728,Late Delivery,-200,Rejected
15393,33422,WRONG,99999,Processed
15394,43736,,4043,Processed
15395,98652,,0,PENDING
15396,31704,Wrong Item,1720,Processed
15397,1600,WRONG,1947,Pending
15398,99769,Damaged,889,Rejected
15399,79004,,4025,Pending
15400,13496,Wrong Item,99999,Processed
15401,83685,Late Delivery,3564,PENDING
15402,48528,WRONG,-200,Rejected
15403,12303,Missing Item,1055,processed
15404,43721,damaged,1874,PENDING
15405,33531,WRONG,4388,PENDING
15406,71480,Wrong Item,1389,Rejected
15407,1439,damaged,0,Pending
15408,47447,,99999,PENDING
15409,68169,,-200,PENDING
15410,4406,Late Delivery,3830,Processed
15411,41380,Late Delivery,99999,Rejected
15412,61171,Wrong Item,0,Pending
15413,38853,WRONG,1289,Pending
15414,71888,damaged,2134,Rejected
15415,26593,Damaged,-200,Processed
15416,95315,,2022,PENDING
15417,58359,Damaged,99999,Processed
15418,32978,Wrong Item,0,Pending
15419,63030,damaged,0,PENDING
15420,94901,,4842,Processed
15421,68210,Late Delivery,99999,Pending
15422,48809,Damaged,-200,Rejected
15423,17460,Wrong Item,181,Pending
15424,31899,Damaged,0,Rejected
15425,10111,WRONG,3833,Processed
15426,70549,Damaged,-200,PENDING
15427,77092,Missing Item,99999,PENDING
15428,94032,Late Delivery,99999,Rejected
15429,22831,Wrong Item,1111,Processed
15430,70089,WRONG,0,Rejected
15431,54188,Missing Item,0,processed
15432,84637,Late Delivery,0,Processed
15433,30827,Wrong Item,4104,Pending
15434,54155,Wrong Item,898,Processed
15435,2021,damaged,0,processed
15436,9272,Damaged,99999,processed
15437,44533,Damaged,-200,Pending
15438,54757,damaged,2195,processed
15439,35984,Damaged,1296,Processed
15440,83733,,99999,PENDING
15441,80707,,4827,Rejected
15442,70069,,1300,processed
15443,96598,Late Delivery,3128,Pending
15444,63260,Missing Item,1712,Rejected
15445,66732,damaged,4127,processed
15446,29662,damaged,1506,processed
15447,5323,Damaged,1373,Processed
15448,56487,WRONG,2137,Rejected
15449,91513,,2576,Rejected
15450,75775,Late Delivery,-200,Rejected
15451,15133,,4316,PENDING
15452,60165,Late Delivery,432,processed
15453,88184,Wrong Item,244,processed
15454,83772,Late Delivery,99999,Processed
15455,6721,Missing Item,99999,PENDING
15456,16720,Wrong Item,0,Rejected
15457,80019,Damaged,426,PENDING
15458,84236,damaged,-200,processed
15459,70656,Late Delivery,-200,processed
15460,78674,Late Delivery,2212,Processed
15461,94133,Missing Item,4493,Processed
15462,99191,Late Delivery,1780,Rejected
15463,46293,Missing Item,1652,Pending
15464,81830,Late Delivery,-200,Rejected
15465,59259,Wrong Item,4608,Pending
15466,25377,damaged,147,Processed
15467,17469,Late Delivery,1114,processed
15468,34023,WRONG,3222,processed
15469,57304,Late Delivery,99999,PENDING
15470,25519,WRONG,2646,Pending
15471,1877,Wrong Item,-200,Rejected
15472,68562,Late Delivery,99999,PENDING
15473,66721,WRONG,0,Processed
15474,44882,,-200,Pending
15475,41837,Missing Item,4055,Pending
15476,69495,WRONG,0,Processed
15477,38456,WRONG,3450,Pending
15478,79366,Wrong Item,1013,Processed
15479,74222,damaged,4479,processed
15480,99689,Late Delivery,3056,Rejected
15481,18986,damaged,3294,Processed
15482,81856,,907,Processed
15483,66161,WRONG,0,Pending
15484,11956,damaged,-200,Pending
15485,54429,damaged,4188,Rejected
15486,28719,,2911,Processed
15487,95974,Wrong Item,0,processed
15488,44044,,99999,Pending
15489,59036,,0,Pending
15490,90737,Wrong Item,-200,processed
15491,42958,Wrong Item,4859,PENDING
15492,8358,Missing Item,3362,processed
15493,89428,damaged,99999,Pending
15494,50988,Wrong Item,99999,PENDING
15495,27222,Wrong Item,-200,Processed
15496,82461,Wrong Item,0,processed
15497,40261,Missing Item,1648,Processed
15498,37712,damaged,99999,Pending
15499,14020,Damaged,-200,PENDING
15500,47333,WRONG,2706,Processed
15501,42456,WRONG,0,Pending
15502,34650,,99999,Pending
15503,70471,,4372,processed
15504,88022,,2507,Pending
15505,64366,,99999,PENDING
15506,9870,,561,processed
15507,1200,Late Delivery,-200,Rejected
15508,64586,damaged,-200,processed
15509,46104,Missing Item,1149,Rejected
15510,23764,WRONG,0,Rejected
15511,71987,,712,PENDING
15512,93635,Damaged,-200,Pending
15513,32398,Wrong Item,635,processed
15514,65354,Damaged,3141,processed
15515,76820,WRONG,4573,processed
15516,83552,WRONG,1010,Rejected
15517,92064,damaged,3324,Rejected
15518,5255,damaged,-200,processed
15519,89155,damaged,99999,Processed
15520,15569,Late Delivery,2175,Pending
15521,88032,Late Delivery,2791,Pending
15522,62378,,2800,Rejected
15523,67883,Damaged,4345,Pending
15524,98027,Wrong Item,3910,PENDING
15525,99850,,-200,PENDING
15526,14608,WRONG,2397,Rejected
15527,52474,Missing Item,-200,Processed
15528,40231,Damaged,2255,PENDING
15529,22896,Wrong Item,-200,Processed
15530,43516,Missing Item,4987,Rejected
15531,75879,,3431,processed
15532,8522,Wrong Item,-200,Processed
15533,66715,Damaged,1229,processed
15534,30620,Missing Item,2607,processed
15535,58465,Damaged,99999,Processed
15536,26868,Wrong Item,0,Rejected
15537,61158,Wrong Item,3229,PENDING
15538,3699,WRONG,0,Rejected
15539,44345,Late Delivery,0,Rejected
15540,51287,damaged,0,Processed
15541,85777,damaged,2275,PENDING
15542,56232,Missing Item,1065,Rejected
15543,6257,Damaged,99999,Processed
15544,62767,,0,Processed
15545,20127,Wrong Item,3686,processed
15546,6490,,0,Processed
15547,32062,Missing Item,1098,Rejected
15548,90718,Missing Item,-200,Pending
15549,66620,Damaged,-200,Rejected
15550,28365,Wrong Item,3141,Processed
15551,92033,Damaged,0,processed
15552,23735,Wrong Item,2607,Processed
15553,1521,WRONG,4268,processed
15554,88229,Wrong Item,1631,Pending
15555,67481,Missing Item,3567,Processed
15556,3238,Wrong Item,3253,Rejected
15557,72075,WRONG,906,Rejected
15558,9846,,3066,Pending
15559,36944,damaged,1124,Pending
15560,16877,damaged,-200,PENDING
15561,39044,Damaged,99999,Rejected
15562,79391,,99999,processed
15563,99630,damaged,4534,Pending
15564,14570,Missing Item,1350,Pending
15565,53991,damaged,1337,Pending
15566,80943,damaged,99999,Pending
15567,12145,Late Delivery,762,Rejected
15568,45012,damaged,2979,Rejected
15569,42086,damaged,3678,PENDING
15570,50545,WRONG,321,processed
15571,60466,Late Delivery,0,PENDING
15572,65765,Wrong Item,99999,processed
15573,58549,Late Delivery,0,Rejected
15574,31307,Missing Item,0,Pending
15575,84693,,99999,Processed
15576,4209,Late Delivery,3778,Rejected
15577,80664,Damaged,-200,Processed
15578,98295,Late Delivery,-200,Processed
15579,94137,Missing Item,0,Pending
15580,96506,WRONG,99999,Pending
15581,36031,Missing Item,-200,processed
15582,59830,,2758,Processed
15583,7513,Late Delivery,603,Processed
15584,76875,Late Delivery,-200,Rejected
15585,12491,Missing Item,0,Rejected
15586,30559,,4591,processed
15587,89987,Damaged,1768,processed
15588,29146,WRONG,2577,Processed
15589,91305,Late Delivery,4810,Pending
15590,62976,,1895,Processed
15591,85269,Missing Item,841,Pending
15592,73637,WRONG,99999,PENDING
15593,8669,Missing Item,0,Rejected
15594,12688,WRONG,1950,Pending
15595,85496,Damaged,-200,Processed
15596,26923,Wrong Item,4653,Processed
15597,16403,Wrong Item,-200,processed
15598,56949,damaged,1191,Processed
15599,41193,,-200,processed
15600,12832,WRONG,2965,PENDING
15601,80482,Wrong Item,4566,Processed
15602,65093,Missing Item,99999,Rejected
15603,65154,Damaged,3563,Pending
15604,50745,Late Delivery,1956,PENDING
15605,51974,Missing Item,99999,PENDING
15606,50058,,0,PENDING
15607,55663,damaged,0,processed
15608,62673,Missing Item,3728,Processed
15609,35228,damaged,2843,Pending
15610,78334,,2662,PENDING
15611,33737,WRONG,0,processed
15612,87426,Late Delivery,0,Pending
15613,54571,Damaged,4217,PENDING
15614,1917,Wrong Item,4126,Rejected
15615,29717,,1868,Rejected
15616,15745,Wrong Item,1620,PENDING
15617,70883,Late Delivery,4686,Rejected
15618,68967,WRONG,99999,Pending
15619,40234,Wrong Item,-200,Processed
15620,1584,,0,PENDING
15621,61236,,0,Rejected
15622,79694,Missing Item,2929,Rejected
15623,53444,WRONG,-200,PENDING
15624,71670,Damaged,0,Pending
15625,41608,Wrong Item,3597,Pending
15626,79734,WRONG,-200,Rejected
15627,25825,Damaged,2308,PENDING
15628,73293,Late Delivery,4084,Processed
15629,53007,WRONG,528,Pending
15630,95973,Missing Item,1164,Rejected
15631,62487,Late Delivery,3078,Pending
15632,6413,WRONG,2045,Processed
15633,88581,Missing Item,1671,Pending
15634,7368,Wrong Item,0,Pending
15635,5282,,-200,Processed
15636,20491,WRONG,0,PENDING
15637,48448,damaged,0,Rejected
15638,17802,damaged,4501,Processed
15639,74474,damaged,675,Pending
15640,69862,Wrong Item,99999,Rejected
15641,57264,damaged,99999,Pending
15642,81559,damaged,1129,Pending
15643,14112,Wrong Item,189,processed
15644,11152,Damaged,0,PENDING
15645,56859,Late Delivery,2506,Rejected
15646,62449,Missing Item,-200,processed
15647,57249,Wrong Item,99999,processed
15648,13103,Late Delivery,1864,PENDING
15649,80126,damaged,0,PENDING
15650,38741,Damaged,2037,Rejected
15651,8198,Damaged,1880,Pending
15652,52604,damaged,-200,PENDING
15653,47723,Damaged,-200,Processed
15654,62598,damaged,2068,PENDING
15655,78673,Wrong Item,-200,Processed
15656,20330,Wrong Item,0,Processed
15657,75155,,4522,PENDING
15658,13367,Damaged,1814,Pending
15659,95458,Missing Item,99999,Pending
15660,93753,Wrong Item,1975,PENDING
15661,33495,Damaged,307,Rejected
15662,94453,,303,Pending
15663,42887,,2769,Pending
15664,99976,,2585,Processed
15665,26720,,2608,processed
15666,40703,Missing Item,0,PENDING
15667,12589,Missing Item,-200,Rejected
15668,5319,,3165,Pending
15669,5225,Late Delivery,557,PENDING
15670,34261,Wrong Item,1942,PENDING
15671,95841,WRONG,0,PENDING
15672,95097,WRONG,238,PENDING
15673,20015,Damaged,1860,Pending
15674,20828,Late Delivery,0,PENDING
15675,38247,damaged,0,Processed
15676,11642,WRONG,2909,Pending
15677,88842,Wrong Item,-200,PENDING
15678,48861,damaged,755,Rejected
15679,78413,WRONG,1236,Pending
15680,17369,Late Delivery,99999,processed
15681,67347,,1292,Pending
15682,59135,WRONG,4451,processed
15683,30356,,0,Rejected
15684,78751,Wrong Item,0,PENDING
15685,65644,,0,Rejected
15686,75451,Damaged,2356,Processed
15687,7622,Late Delivery,399,Processed
15688,55177,WRONG,870,PENDING
15689,80542,,-200,Rejected
15690,75553,,1341,PENDING
15691,60488,Missing Item,1007,Rejected
15692,99495,Wrong Item,-200,Processed
15693,10032,damaged,99999,Rejected
15694,9881,damaged,1943,processed
15695,21734,Wrong Item,2723,Rejected
15696,95651,Late Delivery,2568,processed
15697,35148,WRONG,-200,Processed
15698,8337,Wrong Item,0,Processed
15699,36794,Damaged,0,PENDING
15700,13783,Late Delivery,2532,processed
15701,94380,WRONG,-200,Rejected
15702,35101,damaged,0,Pending
15703,14636,damaged,2462,Pending
15704,38255,Late Delivery,99999,Rejected
15705,12369,Late Delivery,174,Processed
15706,89421,Damaged,2946,Pending
15707,16878,Wrong Item,-200,Rejected
15708,29390,Late Delivery,-200,processed
15709,18133,Wrong Item,99999,Rejected
15710,53030,Damaged,4408,processed
15711,34910,Damaged,2754,Rejected
15712,52008,WRONG,2515,Processed
15713,15642,Damaged,-200,PENDING
15714,35882,Wrong Item,0,processed
15715,26874,,4470,Pending
15716,99871,WRONG,2987,Rejected
15717,23910,Wrong Item,99999,processed
15718,2416,damaged,99999,processed
15719,45948,Missing Item,4097,Pending
15720,28712,WRONG,1147,Processed
15721,97091,damaged,99999,Pending
15722,80929,Damaged,0,Pending
15723,20196,WRONG,0,PENDING
15724,81632,damaged,-200,Pending
15725,99028,damaged,1831,Pending
15726,51689,,-200,processed
15727,49112,Wrong Item,3375,Processed
15728,42134,Missing Item,1293,Rejected
15729,72023,Damaged,354,Pending
15730,92647,Late Delivery,664,PENDING
15731,18835,,99999,Processed
15732,75911,Wrong Item,0,PENDING
15733,57472,,4269,processed
15734,14960,damaged,0,PENDING
15735,26890,Damaged,2391,PENDING
15736,12009,Wrong Item,445,PENDING
15737,40301,Wrong Item,4689,Pending
15738,69400,,0,PENDING
15739,38980,Damaged,0,Processed
15740,99876,Late Delivery,2236,Pending
15741,19229,damaged,0,processed
15742,92306,Missing Item,337,PENDING
15743,95423,Late Delivery,99999,PENDING
15744,41371,Damaged,0,Rejected
15745,96388,Late Delivery,99999,Pending
15746,72733,damaged,-200,Processed
15747,67861,Damaged,274,processed
15748,20294,,99999,PENDING
15749,34725,Missing Item,3450,Processed
15750,19940,WRONG,-200,Processed
15751,92402,WRONG,0,Pending
15752,20073,Damaged,0,PENDING
15753,46374,Wrong Item,3074,Processed
15754,23485,damaged,4010,Rejected
15755,58328,damaged,3254,Processed
15756,59367,Missing Item,99999,Pending
15757,47521,Late Delivery,0,PENDING
15758,64252,,180,PENDING
15759,21140,damaged,4140,Processed
15760,37763,damaged,277,Rejected
15761,1274,Damaged,99999,PENDING
15762,47202,Missing Item,-200,Rejected
15763,86161,Damaged,2073,Rejected
15764,19370,Wrong Item,3604,PENDING
15765,6899,WRONG,1174,Pending
15766,81421,Wrong Item,0,Rejected
15767,22858,Wrong Item,494,processed
15768,92406,WRONG,1742,processed
15769,92274,WRONG,99999,Processed
15770,16044,WRONG,0,Pending
15771,11348,WRONG,1439,processed
15772,87281,WRONG,1844,Rejected
15773,45786,Late Delivery,1362,Pending
15774,62706,Damaged,4453,Rejected
15775,6450,,4182,Rejected
15776,60211,WRONG,99999,processed
15777,5377,,-200,processed
15778,21366,damaged,2769,processed
15779,49503,,99999,PENDING
15780,13310,Wrong Item,3916,Pending
15781,91676,Late Delivery,4266,Processed
15782,79590,damaged,3803,Pending
15783,47666,Damaged,99999,processed
15784,13827,,99999,processed
15785,25069,Damaged,99999,Rejected
15786,87324,Missing Item,99999,Processed
15787,91009,,2204,Processed
15788,55176,Damaged,0,Rejected
15789,24044,Damaged,3537,Pending
15790,23018,WRONG,191,PENDING
15791,90902,WRONG,982,PENDING
15792,27696,Missing Item,0,Processed
15793,43886,Missing Item,-200,processed
15794,78786,damaged,2131,PENDING
15795,43162,Late Delivery,99999,Rejected
15796,10940,Damaged,-200,Processed
15797,29182,,99999,Processed
15798,23978,Missing Item,99999,processed
15799,15607,,4372,processed
15800,97898,WRONG,4928,processed
15801,23861,Wrong Item,99999,Rejected
15802,50480,Missing Item,-200,Rejected
15803,21216,damaged,1087,Pending
15804,99101,damaged,4324,Processed
15805,11705,damaged,99999,PENDING
15806,15335,Late Delivery,99999,processed
15807,37982,Missing Item,3389,PENDING
15808,84364,WRONG,376,Processed
15809,95666,Missing Item,1632,Processed
15810,46632,damaged,3584,PENDING
15811,43715,,99999,Pending
15812,84428,WRONG,99999,Processed
15813,15510,Damaged,-200,Pending
15814,41481,Late Delivery,2640,Rejected
15815,54531,Late Delivery,99999,Pending
15816,69462,Damaged,99999,Processed
15817,74048,Late Delivery,-200,PENDING
15818,19180,WRONG,-200,PENDING
15819,86468,WRONG,2736,Rejected
15820,10385,Missing Item,0,Pending
15821,27029,Damaged,0,PENDING
15822,34722,Damaged,1170,processed
15823,29039,Wrong Item,651,Rejected
15824,14297,Damaged,99999,Processed
15825,59086,Wrong Item,-200,Rejected
15826,65096,Late Delivery,-200,processed
15827,91578,damaged,1759,PENDING
15828,68515,damaged,-200,processed
15829,51762,Wrong Item,99999,Processed
15830,31795,Late Delivery,765,Rejected
15831,89582,Damaged,0,Rejected
15832,51960,Missing Item,0,Rejected
15833,34802,Late Delivery,4110,Rejected
15834,1695,Damaged,3227,processed
15835,29706,Damaged,4660,Rejected
15836,41328,Wrong Item,99999,processed
15837,73578,damaged,-200,Pending
15838,5790,Late Delivery,1000,Processed
15839,57844,Damaged,99999,PENDING
15840,53663,Damaged,1649,Processed
15841,61159,damaged,4901,PENDING
15842,33040,,0,PENDING
15843,75246,Late Delivery,4358,Pending
15844,38423,Wrong Item,1657,processed
15845,32544,,200,PENDING
15846,80088,Late Delivery,-200,Rejected
15847,90866,Missing Item,3949,processed
15848,64100,Late Delivery,0,Rejected
15849,69996,Late Delivery,-200,Pending
15850,72451,Late Delivery,99999,Pending
15851,20661,Late Delivery,1531,Processed
15852,56294,,0,Pending
15853,55,,136,processed
15854,26831,damaged,1760,Pending
15855,50967,,0,Rejected
15856,66385,,4797,Pending
15857,98059,WRONG,3856,Pending
15858,45976,Missing Item,306,Rejected
15859,14907,Wrong Item,3182,Processed
15860,82652,Damaged,99999,Rejected
15861,38512,Damaged,-200,Pending
15862,55887,Late Delivery,0,processed
15863,18508,Missing Item,2446,Rejected
15864,73767,damaged,99999,PENDING
15865,33384,Damaged,0,Pending
15866,73815,Late Delivery,0,Processed
15867,94043,Missing Item,0,Pending
15868,41384,Wrong Item,-200,Pending
15869,36962,Wrong Item,99999,PENDING
15870,34776,WRONG,4451,Rejected
15871,19018,damaged,2429,Rejected
15872,6177,Damaged,-200,processed
15873,16834,,0,Pending
15874,83881,Late Delivery,3628,Processed
15875,48195,damaged,4318,processed
15876,50205,WRONG,3742,PENDING
15877,43807,Damaged,-200,Processed
15878,5266,Missing Item,237,Pending
15879,63445,damaged,99999,Rejected
15880,35733,Wrong Item,326,Processed
15881,27746,Missing Item,1871,Pending
15882,47127,Missing Item,541,processed
15883,72122,Damaged,0,processed
15884,85608,damaged,1806,Pending
15885,17648,damaged,-200,Rejected
15886,31253,damaged,631,Pending
15887,97876,Damaged,99999,processed
15888,35111,Missing Item,0,PENDING
15889,26343,Missing Item,624,Processed
15890,7193,,3667,Processed
15891,60249,damaged,2560,processed
15892,30123,Missing Item,99999,Processed
15893,31835,Missing Item,858,PENDING
15894,69891,Missing Item,99999,Processed
15895,82588,,1082,Rejected
15896,4246,Late Delivery,0,processed
15897,79099,WRONG,1658,Processed
15898,74787,Late Delivery,99999,Pending
15899,26636,Wrong Item,4901,Pending
15900,12317,,99999,PENDING
15901,31010,Missing Item,99999,PENDING
15902,6823,Damaged,-200,PENDING
15903,43931,WRONG,-200,PENDING
15904,67951,Missing Item,1078,PENDING
15905,14065,Wrong Item,0,Processed
15906,53852,Late Delivery,3045,PENDING
15907,9902,Wrong Item,2443,Pending
15908,800,WRONG,909,processed
15909,66371,Late Delivery,243,Rejected
15910,69275,Wrong Item,-200,PENDING
15911,77221,WRONG,3947,Rejected
15912,82540,damaged,3465,PENDING
15913,60145,Late Delivery,4933,Pending
15914,59233,damaged,0,PENDING
15915,5571,damaged,1360,processed
15916,8981,WRONG,1104,PENDING
15917,56618,WRONG,-200,Pending
15918,51372,,0,Pending
15919,77930,Damaged,4409,Pending
15920,69197,Wrong Item,1103,Pending
15921,34533,,2685,Rejected
15922,26330,damaged,0,PENDING
15923,94734,Missing Item,99999,Processed
15924,39884,Wrong Item,1612,Rejected
15925,16924,Late Delivery,0,Processed
15926,19032,Missing Item,1705,Pending
15927,77751,WRONG,0,Rejected
15928,49750,Wrong Item,-200,Processed
15929,79628,damaged,1834,Rejected
15930,70571,Wrong Item,3671,Pending
15931,12038,Late Delivery,396,Processed
15932,77241,Damaged,727,processed
15933,64636,Missing Item,1435,Pending
15934,83529,Late Delivery,1106,processed
15935,34538,WRONG,99999,PENDING
15936,21748,Wrong Item,2739,PENDING
15937,70543,Late Delivery,2370,processed
15938,38971,Damaged,3176,PENDING
15939,63130,,537,Pending
15940,83650,damaged,2533,Rejected
15941,35236,damaged,4173,Rejected
15942,19736,Missing Item,99999,PENDING
15943,42057,Wrong Item,2916,Pending
15944,6297,WRONG,158,Pending
15945,60142,WRONG,0,Processed
15946,60353,,1755,Pending
15947,52695,Wrong Item,0,Processed
15948,9093,Missing Item,-200,Processed
15949,65668,WRONG,1826,Processed
15950,88654,WRONG,-200,processed
15951,61318,Missing Item,-200,processed
15952,77391,WRONG,1547,PENDING
15953,59159,Damaged,99999,Pending
15954,33738,,3995,processed
15955,16649,Missing Item,4102,PENDING
15956,79061,Missing Item,4542,Processed
15957,53783,Damaged,4972,processed
15958,4426,damaged,2169,Pending
15959,12881,Wrong Item,3765,Processed
15960,92056,Late Delivery,0,Rejected
15961,37283,Wrong Item,1546,Processed
15962,78976,damaged,363,Pending
15963,50886,Wrong Item,2607,Processed
15964,53844,Late Delivery,4900,PENDING
15965,94363,damaged,3262,PENDING
15966,29949,damaged,3444,processed
15967,54598,Missing Item,4966,Processed
15968,41805,,99999,Processed
15969,52866,WRONG,-200,Processed
15970,67697,damaged,0,PENDING
15971,16918,Missing Item,0,PENDING
15972,51098,WRONG,2248,processed
15973,95649,Late Delivery,486,Rejected
15974,51998,,311,processed
15975,42009,Late Delivery,4083,processed
15976,23984,WRONG,4030,Rejected
15977,61750,,174,PENDING
15978,90696,Missing Item,3351,PENDING
15979,91850,WRONG,99999,PENDING
15980,87051,Damaged,-200,processed
15981,20383,Missing Item,3190,Processed
15982,34266,WRONG,4125,processed
15983,47437,WRONG,99999,PENDING
15984,49901,damaged,0,Processed
15985,87767,Late Delivery,488,PENDING
15986,97020,,246,processed
15987,69807,Wrong Item,4230,Rejected
15988,97417,,1156,Pending
15989,29395,Damaged,789,PENDING
15990,49524,Late Delivery,2103,Pending
15991,98309,WRONG,99999,Processed
15992,50988,,111,Pending
15993,27240,WRONG,-200,Pending
15994,54376,damaged,99999,Pending
15995,35766,damaged,508,Rejected
15996,12378,Late Delivery,0,Rejected
15997,82257,Wrong Item,4646,Pending
15998,34564,Missing Item,0,Rejected
15999,58847,Damaged,-200,Rejected
16000,5446,damaged,2190,PENDING
16001,8328,Wrong Item,99999,Processed
16002,12115,Damaged,3846,Pending
16003,35761,Wrong Item,-200,Rejected
16004,41286,WRONG,-200,Rejected
16005,86311,,99999,PENDING
16006,4207,,2033,PENDING
16007,18319,Late Delivery,-200,PENDING
16008,19543,damaged,2858,Pending
16009,74908,Missing Item,3458,Rejected
16010,53000,Late Delivery,2289,processed
16011,97585,Wrong Item,982,Processed
16012,68033,Wrong Item,0,processed
16013,47340,WRONG,99999,Rejected
16014,66588,Wrong Item,4606,PENDING
16015,93399,Damaged,99999,processed
16016,38193,WRONG,1327,PENDING
16017,65927,,0,PENDING
16018,67684,Damaged,99999,Processed
16019,94977,Wrong Item,2015,PENDING
16020,76721,Late Delivery,937,Processed
16021,64609,Late Delivery,0,Rejected
16022,99288,Wrong Item,99999,Processed
16023,96711,damaged,-200,PENDING
16024,41118,WRONG,1495,Processed
16025,46404,Wrong Item,2778,Pending
16026,75013,Damaged,99999,Pending
16027,65848,WRONG,1308,Processed
16028,59230,damaged,-200,Processed
16029,93512,Missing Item,3786,processed
16030,76746,Late Delivery,226,Pending
16031,50425,Late Delivery,1771,Rejected
16032,44610,WRONG,938,processed
16033,32931,Missing Item,802,processed
16034,65185,WRONG,-200,Processed
16035,77736,Late Delivery,-200,Pending
16036,11921,Late Delivery,4153,Rejected
16037,4903,Missing Item,99999,PENDING
16038,85573,Missing Item,99999,Pending
16039,44908,Late Delivery,99999,Pending
16040,27112,,3138,PENDING
16041,26552,,3834,Rejected
16042,97187,Damaged,2570,processed
16043,37,WRONG,99999,PENDING
16044,73142,Late Delivery,4156,processed
16045,54169,WRONG,946,Rejected
16046,55768,Wrong Item,2025,Rejected
16047,62150,Missing Item,963,Pending
16048,32269,damaged,99999,PENDING
16049,76300,Late Delivery,-200,PENDING
16050,55645,,2165,PENDING
16051,29757,,0,Rejected
16052,31511,,99999,Processed
16053,19193,Wrong Item,1470,processed
16054,65407,Late Delivery,0,Processed
16055,86586,,747,processed
16056,22106,damaged,-200,Pending
16057,63024,damaged,0,Pending
16058,64563,WRONG,3865,Pending
16059,32455,Late Delivery,-200,Pending
16060,91437,Wrong Item,0,processed
16061,84243,damaged,4995,Rejected
16062,87334,WRONG,1737,PENDING
16063,61250,damaged,3407,Pending
16064,23977,,-200,PENDING
16065,37367,damaged,-200,PENDING
16066,57548,Late Delivery,4930,PENDING
16067,21392,WRONG,0,Pending
16068,50934,,4422,Pending
16069,75966,Wrong Item,99999,Processed
16070,54711,Wrong Item,479,Rejected
16071,93770,Damaged,3045,processed
16072,13529,,-200,Rejected
16073,28539,Missing Item,99999,PENDING
16074,40921,,4287,Processed
16075,44067,Late Delivery,3894,Rejected
16076,5382,Missing Item,519,PENDING
16077,14630,,0,Pending
16078,67135,Damaged,2865,Rejected
16079,89159,Missing Item,-200,processed
16080,82466,Damaged,99999,PENDING
16081,21292,Damaged,0,Pending
16082,12778,damaged,3751,processed
16083,35476,Damaged,3966,Rejected
16084,48131,Missing Item,-200,processed
16085,9682,Late Delivery,99999,processed
16086,20863,Late Delivery,4545,Processed
16087,98050,damaged,-200,Processed
16088,75225,,2096,processed
16089,43132,,-200,processed
16090,25569,Wrong Item,99999,Pending
16091,70477,damaged,4759,Processed
16092,43193,Wrong Item,0,processed
16093,35583,Late Delivery,4702,Processed
16094,30037,Missing Item,99999,Pending
16095,19346,Damaged,-200,Pending
16096,27692,,2440,Processed
16097,87393,WRONG,1361,Processed
16098,36293,damaged,2117,processed
16099,71560,damaged,1721,PENDING
16100,53244,WRONG,3526,PENDING
16101,71933,WRONG,1143,processed
16102,234,Missing Item,4785,PENDING
16103,23332,WRONG,-200,Rejected
16104,32396,Wrong Item,2443,Rejected
16105,94999,Wrong Item,2071,processed
16106,7675,damaged,0,processed
16107,71990,damaged,4173,Pending
16108,61296,Wrong Item,1706,processed
16109,49516,,4840,Pending
16110,3243,Late Delivery,99999,processed
16111,88135,Late Delivery,0,processed
16112,88348,Missing Item,4383,PENDING
16113,7953,Late Delivery,0,PENDING
16114,61336,WRONG,1894,Pending
16115,22315,damaged,1293,Processed
16116,73016,Wrong Item,99999,Rejected
16117,49437,WRONG,99999,Rejected
16118,69060,WRONG,99999,processed
16119,77883,WRONG,99999,Rejected
16120,57407,WRONG,2192,Pending
16121,18551,Wrong Item,-200,Pending
16122,36950,Missing Item,-200,Pending
16123,2260,,-200,Rejected
16124,33575,WRONG,-200,processed
16125,21609,Wrong Item,2588,Rejected
16126,76784,Wrong Item,-200,processed
16127,6823,,99999,processed
16128,26018,Late Delivery,-200,Processed
16129,2063,Damaged,99999,processed
16130,16702,,2996,Rejected
16131,52473,,4567,Rejected
16132,22077,Damaged,3064,processed
16133,91837,,0,Pending
16134,47718,Damaged,3169,Processed
16135,57982,Damaged,-200,PENDING
16136,64655,,-200,Rejected
16137,99200,Damaged,4994,Rejected
16138,41437,Damaged,99999,Processed
16139,74062,,0,Processed
16140,60086,Missing Item,2671,Pending
16141,25351,,4577,Rejected
16142,24425,Damaged,0,Rejected
16143,28275,Damaged,4353,Rejected
16144,12132,Missing Item,3067,Processed
16145,1968,Wrong Item,0,Processed
16146,6834,WRONG,0,PENDING
16147,89890,WRONG,99999,processed
16148,33696,Missing Item,0,processed
16149,65267,Wrong Item,3349,Rejected
16150,74107,,0,Rejected
16151,37855,Late Delivery,734,Rejected
16152,85445,Missing Item,-200,Processed
16153,5711,Missing Item,2797,Processed
16154,42302,,1989,PENDING
16155,70583,Wrong Item,3405,processed
16156,63258,Late Delivery,4075,PENDING
16157,36082,Missing Item,3313,Processed
16158,85141,Wrong Item,0,Processed
16159,4419,Wrong Item,-200,Pending
16160,19762,Wrong Item,1248,Processed
16161,31380,,397,processed
16162,43651,Wrong Item,99999,PENDING
16163,71233,Wrong Item,4823,Pending
16164,58009,Missing Item,99999,PENDING
16165,9621,Damaged,2289,Pending
16166,94829,Late Delivery,2903,processed
16167,13938,damaged,1794,processed
16168,52657,damaged,0,processed
16169,60568,damaged,2321,Processed
16170,3498,damaged,679,Pending
16171,26432,Missing Item,2783,PENDING
16172,23698,Damaged,2288,PENDING
16173,3221,WRONG,454,Processed
16174,82739,Wrong Item,1689,Rejected
16175,60216,WRONG,696,processed
16176,71391,damaged,4019,Rejected
16177,98761,Late Delivery,737,PENDING
16178,31073,Late Delivery,-200,PENDING
16179,13808,WRONG,-200,Rejected
16180,87523,Damaged,0,Processed
16181,80303,Missing Item,3235,Processed
16182,62848,Missing Item,0,Processed
16183,56270,damaged,4790,Rejected
16184,72416,,0,PENDING
16185,9639,WRONG,1423,PENDING
16186,68855,Missing Item,1235,Pending
16187,46051,Damaged,0,Rejected
16188,48533,Late Delivery,4405,Processed
16189,92328,Wrong Item,0,Processed
16190,12173,Late Delivery,498,Rejected
16191,94357,WRONG,3011,PENDING
16192,32671,,216,Rejected
16193,5626,,2236,Processed
16194,60124,,1937,PENDING
16195,66619,WRONG,3256,PENDING
16196,32560,damaged,99999,processed
16197,88571,,2375,Pending
16198,78889,Damaged,860,Pending
16199,15448,damaged,99999,Pending
16200,81672,WRONG,551,Rejected
16201,96868,Damaged,99999,processed
16202,51925,Late Delivery,-200,PENDING
16203,67477,Missing Item,0,Processed
16204,68524,Damaged,99999,Processed
16205,18829,,-200,Pending
16206,74086,Late Delivery,1189,processed
16207,37019,Damaged,1983,Rejected
16208,52582,,3910,Pending
16209,81491,Missing Item,3012,processed
16210,63653,,3796,Rejected
16211,85582,Wrong Item,-200,processed
16212,61185,damaged,307,Rejected
16213,95270,Missing Item,99999,PENDING
16214,93897,Missing Item,2404,Pending
16215,77288,damaged,0,Pending
16216,34939,Late Delivery,3301,Pending
16217,24259,,-200,Pending
16218,56576,WRONG,1693,Rejected
16219,49772,WRONG,99999,processed
16220,1635,Missing Item,0,Rejected
16221,18459,damaged,99999,PENDING
16222,22932,Damaged,1622,Pending
16223,21462,Missing Item,99999,Processed
16224,5404,Missing Item,-200,Pending
16225,3770,Damaged,-200,PENDING
16226,45954,damaged,1025,Rejected
16227,72232,,-200,Pending
16228,23555,,99999,Pending
16229,74096,Wrong Item,2122,Processed
16230,46270,,1992,Rejected
16231,42630,damaged,-200,processed
16232,50336,damaged,99999,processed
16233,30195,WRONG,99999,Processed
16234,81716,Wrong Item,4967,PENDING
16235,19963,damaged,798,Pending
16236,94976,Missing Item,2990,PENDING
16237,38455,Damaged,3314,processed
16238,52140,Late Delivery,0,Processed
16239,31002,Late Delivery,910,Processed
16240,82185,Damaged,99999,Pending
16241,50737,Missing Item,675,Processed
16242,6890,Damaged,0,Rejected
16243,839,Wrong Item,-200,Pending
16244,34716,Missing Item,0,processed
16245,73053,Missing Item,4529,Processed
16246,74609,,-200,Pending
16247,7621,WRONG,-200,PENDING
16248,92842,Missing Item,-200,processed
16249,73360,,3064,Rejected
16250,24878,damaged,-200,processed
16251,59227,Missing Item,1120,Pending
16252,16164,WRONG,99999,PENDING
16253,41515,Wrong Item,4910,Processed
16254,1758,WRONG,4438,Rejected
16255,8182,damaged,881,Processed
16256,43984,,-200,Pending
16257,93133,,0,processed
16258,97638,Damaged,-200,Pending
16259,68629,Damaged,99999,Processed
16260,71941,Damaged,99999,Processed
16261,39030,Missing Item,1128,Processed
16262,45987,damaged,3536,Pending
16263,11722,damaged,4398,processed
16264,82061,damaged,2782,Rejected
16265,73710,damaged,2944,Pending
16266,48888,WRONG,1977,processed
16267,37458,Wrong Item,99999,PENDING
16268,88798,Wrong Item,99999,Rejected
16269,79196,Wrong Item,3619,processed
16270,97321,Wrong Item,-200,PENDING
16271,12449,Late Delivery,3579,Rejected
16272,71551,,99999,Processed
16273,211,Wrong Item,4938,processed
16274,47841,Missing Item,3180,Pending
16275,51374,Late Delivery,1365,Pending
16276,75620,Wrong Item,99999,Pending
16277,88197,damaged,3616,Processed
16278,70952,,3692,PENDING
16279,70778,,-200,Rejected
16280,67798,damaged,-200,Rejected
16281,14779,damaged,4190,Pending
16282,50504,Damaged,99999,Pending
16283,9379,Damaged,-200,processed
16284,92689,Damaged,-200,Rejected
16285,13397,damaged,1976,Processed
16286,70918,Missing Item,315,Rejected
16287,20591,damaged,99999,Pending
16288,94503,damaged,1371,processed
16289,1914,damaged,0,Pending
16290,23908,Wrong Item,498,PENDING
16291,21152,Late Delivery,224,processed
16292,56310,Late Delivery,3934,Processed
16293,89122,damaged,445,processed
16294,53023,,1250,processed
16295,65491,,-200,Pending
16296,55728,damaged,-200,Pending
16297,85387,Damaged,99999,processed
16298,35163,Late Delivery,0,processed
16299,99256,Wrong Item,1394,processed
16300,46423,Wrong Item,4033,processed
16301,47292,Damaged,2594,Pending
16302,21961,Missing Item,-200,Processed
16303,20621,damaged,0,PENDING
16304,26567,,1366,PENDING
16305,82399,,2403,Processed
16306,64968,Damaged,0,Processed
16307,53952,WRONG,3014,Processed
16308,45764,Wrong Item,0,Processed
16309,99331,Wrong Item,-200,Processed
16310,7463,Missing Item,745,Processed
16311,43862,WRONG,4476,Rejected
16312,87187,Missing Item,3003,PENDING
16313,77292,,0,Rejected
16314,84376,Late Delivery,99999,processed
16315,79824,damaged,3868,Rejected
16316,63313,WRONG,0,PENDING
16317,19800,Missing Item,1005,Processed
16318,62527,Wrong Item,135,PENDING
16319,61310,Damaged,2053,processed
16320,91274,Wrong Item,0,Processed
16321,97834,Damaged,1874,Rejected
16322,3599,damaged,-200,processed
16323,18043,Damaged,99999,Pending
16324,36786,Late Delivery,2645,processed
16325,92728,Wrong Item,99999,PENDING
16326,8553,Damaged,2995,Processed
16327,21193,Damaged,0,PENDING
16328,86918,Damaged,-200,PENDING
16329,96822,WRONG,2769,processed
16330,90830,Late Delivery,330,Rejected
16331,13331,Wrong Item,99999,Pending
16332,43962,Damaged,-200,Pending
16333,38346,damaged,0,Pending
16334,76661,Missing Item,3480,Processed
16335,78641,Damaged,99999,Pending
16336,80097,WRONG,99999,PENDING
16337,15284,damaged,0,Rejected
16338,14555,,-200,Processed
16339,99613,,0,Processed
16340,1253,Damaged,2008,PENDING
16341,27550,Late Delivery,-200,PENDING
16342,76708,WRONG,-200,processed
16343,74233,Damaged,99999,processed
16344,37838,Wrong Item,3064,processed
16345,34597,WRONG,3616,Processed
16346,16661,Damaged,759,PENDING
16347,5470,Missing Item,2084,processed
16348,78477,,4643,Processed
16349,59147,Damaged,-200,Pending
16350,80578,Damaged,3654,processed
16351,38280,Wrong Item,0,processed
16352,42728,Damaged,99999,processed
16353,51818,WRONG,2175,processed
16354,2763,Wrong Item,-200,Pending
16355,60334,Late Delivery,-200,Processed
16356,74463,Wrong Item,-200,Processed
16357,71349,WRONG,2082,Processed
16358,41272,,99999,PENDING
16359,90968,Late Delivery,719,Processed
16360,23164,Damaged,0,Pending
16361,31305,WRONG,0,PENDING
16362,50366,,4697,Processed
16363,41841,WRONG,1292,Rejected
16364,82373,Damaged,3115,Processed
16365,75542,Wrong Item,547,Processed
16366,29406,damaged,2459,Processed
16367,28039,Wrong Item,4686,Processed
16368,31368,WRONG,0,Rejected
16369,55645,damaged,200,Pending
16370,4688,damaged,99999,processed
16371,11035,Wrong Item,-200,Processed
16372,26724,Missing Item,0,Pending
16373,26129,,-200,Rejected
16374,68684,WRONG,2112,processed
16375,48506,,99999,Pending
16376,1122,Late Delivery,-200,Pending
16377,97848,damaged,1406,Rejected
16378,97939,Damaged,0,Processed
16379,93128,damaged,1657,Processed
16380,28758,WRONG,-200,Processed
16381,45770,Missing Item,2304,Pending
16382,24162,Missing Item,414,Rejected
16383,38160,,4807,Pending
16384,18658,Missing Item,0,processed
16385,1418,Late Delivery,2800,Processed
16386,86766,Damaged,0,PENDING
16387,22831,Damaged,3236,PENDING
16388,53809,Late Delivery,99999,Rejected
16389,64182,Damaged,0,Rejected
16390,56446,,4212,Pending
16391,86613,Missing Item,793,processed
16392,91923,,2578,Rejected
16393,54508,,808,Rejected
16394,94117,Missing Item,-200,Pending
16395,57500,Damaged,4217,processed
16396,51745,Missing Item,99999,Processed
16397,51760,WRONG,1113,Processed
16398,59137,WRONG,99999,Rejected
16399,41370,WRONG,-200,PENDING
16400,82349,,99999,Rejected
16401,48312,Late Delivery,3061,processed
16402,89168,Late Delivery,-200,Processed
16403,44052,damaged,3033,PENDING
16404,58442,Late Delivery,99999,processed
16405,75773,WRONG,0,Processed
16406,65476,Late Delivery,0,Pending
16407,57296,Missing Item,99999,processed
16408,31711,Missing Item,2755,Processed
16409,14766,Wrong Item,-200,processed
16410,89419,WRONG,2622,processed
16411,53223,,848,PENDING
16412,21656,Wrong Item,99999,processed
16413,44763,,1208,processed
16414,80466,Damaged,3040,PENDING
16415,80181,WRONG,0,processed
16416,60667,Missing Item,-200,Pending
16417,84565,damaged,1483,Processed
16418,23844,WRONG,-200,Pending
16419,42464,,99999,Processed
16420,74294,damaged,3625,Rejected
16421,31381,WRONG,4944,Processed
16422,87859,Missing Item,609,Pending
16423,68505,Wrong Item,99999,PENDING
16424,34241,WRONG,2037,Processed
16425,45456,Damaged,2905,Processed
16426,75659,Late Delivery,0,Processed
16427,75329,WRONG,3962,Processed
16428,74777,damaged,446,Rejected
16429,38541,Damaged,879,Pending
16430,13968,,99999,Rejected
16431,78768,WRONG,-200,PENDING
16432,50383,Wrong Item,1901,Pending
16433,74229,,0,PENDING
16434,56901,Damaged,99999,PENDING
16435,87187,Missing Item,1608,Pending
16436,21673,,3975,Pending
16437,79132,Missing Item,-200,processed
16438,99688,WRONG,-200,Pending
16439,34772,Missing Item,912,PENDING
16440,44851,damaged,4401,Rejected
16441,36282,WRONG,2030,Rejected
16442,99615,Damaged,4511,processed
16443,77572,Wrong Item,99999,Pending
16444,26273,WRONG,3356,Rejected
16445,5276,WRONG,3694,Pending
16446,66770,,2393,Pending
16447,83400,WRONG,2101,Processed
16448,4232,damaged,1292,Rejected
16449,49396,Wrong Item,2441,processed
16450,92422,Late Delivery,0,Rejected
16451,80965,Damaged,1876,processed
16452,89847,damaged,-200,processed
16453,82840,Late Delivery,767,Rejected
16454,61870,,-200,Pending
16455,75789,WRONG,2834,processed
16456,51138,,469,PENDING
16457,40158,,-200,Processed
16458,44226,WRONG,3197,PENDING
16459,72167,,2555,PENDING
16460,20472,WRONG,2977,Rejected
16461,46181,WRONG,-200,processed
16462,20348,WRONG,2877,Pending
16463,3970,Wrong Item,0,Rejected
16464,4863,Late Delivery,99999,processed
16465,41785,,99999,Rejected
16466,61698,Wrong Item,0,Rejected
16467,37491,WRONG,958,processed
16468,88980,Missing Item,308,PENDING
16469,30383,WRONG,122,Processed
16470,96421,WRONG,99999,Processed
16471,14851,WRONG,99999,PENDING
16472,34469,Wrong Item,0,Rejected
16473,13319,Damaged,-200,Processed
16474,87270,damaged,0,processed
16475,36934,Late Delivery,1483,processed
16476,13748,,-200,Rejected
16477,10505,,4171,Pending
16478,85703,damaged,2793,Pending
16479,5894,Damaged,319,Pending
16480,46257,damaged,0,Pending
16481,19358,Missing Item,4660,Pending
16482,61931,,99999,Rejected
16483,86803,damaged,3158,processed
16484,12815,damaged,4623,processed
16485,97945,Damaged,2475,processed
16486,59448,Damaged,-200,processed
16487,52666,Missing Item,1576,Rejected
16488,8187,Missing Item,1732,processed
16489,67287,Damaged,0,Pending
16490,3537,Missing Item,3932,Rejected
16491,72964,WRONG,3341,processed
16492,11362,Late Delivery,4982,Pending
16493,22516,WRONG,0,Pending
16494,92455,Missing Item,1914,processed
16495,14942,WRONG,2789,processed
16496,99609,,3456,processed
16497,95485,Wrong Item,0,Processed
16498,40472,WRONG,-200,PENDING
16499,65280,Missing Item,99999,processed
16500,70514,Missing Item,4089,Rejected
16501,55051,Damaged,-200,Pending
16502,20511,damaged,586,processed
16503,33984,Missing Item,99999,Rejected
16504,62127,,0,Pending
16505,53799,WRONG,-200,Processed
16506,52545,damaged,1881,Pending
16507,84793,Wrong Item,-200,PENDING
16508,7155,WRONG,2955,processed
16509,21606,damaged,1937,Pending
16510,48017,WRONG,2184,Processed
16511,59002,,99999,Processed
16512,22697,WRONG,0,Rejected
16513,55263,damaged,4578,processed
16514,67102,WRONG,0,PENDING
16515,38280,damaged,4037,Rejected
16516,23418,WRONG,1154,PENDING
16517,71280,Late Delivery,-200,Rejected
16518,46838,damaged,99999,Pending
16519,19100,Missing Item,1275,PENDING
16520,72970,Damaged,214,Pending
16521,1676,,-200,Rejected
16522,86163,WRONG,-200,Pending
16523,35392,damaged,-200,Rejected
16524,79927,damaged,-200,PENDING
16525,39181,,4545,processed
16526,14876,damaged,-200,Processed
16527,46241,damaged,483,PENDING
16528,38462,Wrong Item,99999,Rejected
16529,8573,,-200,PENDING
16530,49659,damaged,0,PENDING
16531,67302,Wrong Item,-200,Processed
16532,23466,WRONG,4291,PENDING
16533,83345,Wrong Item,1147,processed
16534,39318,Damaged,99999,processed
16535,79260,damaged,2962,Pending
16536,48083,damaged,2577,Pending
16537,22400,damaged,1396,PENDING
16538,45995,,296,Processed
16539,37606,Late Delivery,0,Pending
16540,82460,Missing Item,-200,Rejected
16541,78765,WRONG,981,Rejected
16542,89782,Missing Item,0,PENDING
16543,65568,Late Delivery,1812,processed
16544,58795,WRONG,1940,PENDING
16545,71269,Late Delivery,2552,PENDING
16546,55408,Damaged,3373,Rejected
16547,56386,Late Delivery,99999,processed
16548,71556,damaged,2979,Rejected
16549,28566,WRONG,256,Rejected
16550,43423,Wrong Item,3323,Processed
16551,79723,WRONG,-200,Rejected
16552,59904,Wrong Item,-200,Pending
16553,92618,Damaged,0,PENDING
16554,29624,Wrong Item,4138,processed
16555,36608,damaged,99999,PENDING
16556,78194,Damaged,-200,Rejected
16557,79647,Damaged,99999,PENDING
16558,79066,,4859,Processed
16559,63258,Late Delivery,99999,Rejected
16560,36988,Damaged,-200,processed
16561,72793,Missing Item,1889,Rejected
16562,37066,,0,PENDING
16563,314,WRONG,-200,Processed
16564,94977,,398,processed
16565,19756,Missing Item,-200,Processed
16566,51433,Late Delivery,656,Rejected
16567,57548,WRONG,-200,Pending
16568,8666,Wrong Item,0,Rejected
16569,4906,WRONG,-200,PENDING
16570,65720,Wrong Item,3137,processed
16571,49138,Late Delivery,99999,PENDING
16572,50877,Missing Item,99999,Rejected
16573,10589,Missing Item,389,Processed
16574,38347,WRONG,0,Rejected
16575,90109,Damaged,0,Pending
16576,8758,WRONG,-200,Rejected
16577,16740,Wrong Item,2122,Processed
16578,47037,Damaged,3923,Pending
16579,12185,Missing Item,0,PENDING
16580,9502,WRONG,-200,processed
16581,29913,Wrong Item,866,Processed
16582,81695,Missing Item,1988,Pending
16583,18756,Late Delivery,0,processed
16584,71350,Wrong Item,343,Rejected
16585,99200,Wrong Item,99999,processed
16586,97442,Damaged,99999,Pending
16587,55011,damaged,-200,processed
16588,73246,damaged,3258,Rejected
16589,45306,Late Delivery,3144,processed
16590,15495,Damaged,0,Pending
16591,36354,Late Delivery,2078,Rejected
16592,8861,Damaged,0,PENDING
16593,23427,Late Delivery,2473,Pending
16594,10870,Wrong Item,0,Rejected
16595,95618,Late Delivery,3827,PENDING
16596,92313,Late Delivery,1414,processed
16597,52294,Damaged,4175,Pending
16598,77092,Damaged,99999,Rejected
16599,22053,Missing Item,99999,Rejected
16600,71971,WRONG,0,processed
16601,37046,Late Delivery,4391,Pending
16602,75107,Damaged,-200,Pending
16603,42389,Wrong Item,-200,Rejected
16604,20349,WRONG,270,Pending
16605,77826,Missing Item,2197,PENDING
16606,43894,WRONG,2817,Processed
16607,21235,damaged,3618,Pending
16608,22389,Late Delivery,99999,Pending
16609,16163,Late Delivery,0,Pending
16610,79213,Late Delivery,-200,processed
16611,43129,Wrong Item,4888,Pending
16612,53761,damaged,4275,processed
16613,97186,Damaged,460,processed
16614,69109,Late Delivery,0,Processed
16615,22259,WRONG,-200,processed
16616,40621,Late Delivery,0,PENDING
16617,25264,Late Delivery,0,Rejected
16618,41757,WRONG,0,Processed
16619,24882,Late Delivery,2494,processed
16620,7997,damaged,4833,Pending
16621,92157,Missing Item,-200,Rejected
16622,509,Damaged,99999,processed
16623,64675,Late Delivery,99999,Rejected
16624,77772,Late Delivery,950,Processed
16625,13424,WRONG,4478,Pending
16626,40381,damaged,2636,Pending
16627,78538,,1173,Processed
16628,41823,damaged,4228,Processed
16629,67384,Missing Item,3714,Pending
16630,86928,Late Delivery,0,Rejected
16631,86686,Late Delivery,3240,processed
16632,80693,WRONG,3080,PENDING
16633,53626,WRONG,4246,processed
16634,31155,Missing Item,1265,Processed
16635,29572,Wrong Item,-200,PENDING
16636,84739,Late Delivery,0,Pending
16637,32943,damaged,99999,Processed
16638,53625,damaged,-200,processed
16639,87787,WRONG,484,Pending
16640,35338,Wrong Item,1964,PENDING
16641,28252,Damaged,-200,PENDING
16642,32924,WRONG,0,Processed
16643,4163,Missing Item,0,Processed
16644,49134,Missing Item,99999,Processed
16645,1231,Damaged,-200,Processed
16646,47009,Damaged,4380,Pending
16647,23415,Damaged,1652,processed
16648,37786,WRONG,-200,processed
16649,75333,Late Delivery,4525,Rejected
16650,74281,Damaged,-200,PENDING
16651,79164,Late Delivery,2028,processed
16652,74874,Wrong Item,-200,Processed
16653,40346,Late Delivery,-200,Processed
16654,61886,,0,Rejected
16655,56358,damaged,0,Processed
16656,24835,WRONG,0,Processed
16657,85162,Wrong Item,2728,Rejected
16658,3382,damaged,790,Rejected
16659,22754,Late Delivery,99999,processed
16660,68939,Wrong Item,2613,Processed
16661,57890,Late Delivery,0,processed
16662,97302,Missing Item,0,processed
16663,56611,,99999,Pending
16664,86829,Missing Item,0,PENDING
16665,84778,,-200,Processed
16666,54507,Late Delivery,99999,Pending
16667,67955,Late Delivery,-200,processed
16668,36985,damaged,1111,PENDING
16669,97247,,0,Rejected
16670,26502,Wrong Item,2012,Rejected
16671,17819,Damaged,2582,Rejected
16672,19279,damaged,4966,Pending
16673,73966,damaged,99999,Processed
16674,62116,Late Delivery,99999,processed
16675,33766,,3213,processed
16676,65406,Missing Item,260,Pending
16677,66805,damaged,849,Rejected
16678,18427,Damaged,3761,Processed
16679,3891,Late Delivery,1232,Rejected
16680,86207,WRONG,4274,processed
16681,20484,Missing Item,-200,Processed
16682,31490,Missing Item,0,processed
16683,69099,damaged,3474,PENDING
16684,96959,damaged,0,Processed
16685,30979,damaged,1452,PENDING
16686,67507,damaged,2145,Rejected
16687,864,Late Delivery,4698,Pending
16688,66440,Late Delivery,99999,Pending
16689,18917,Missing Item,-200,Pending
16690,21537,,99999,Pending
16691,37236,Missing Item,0,Pending
16692,86963,Wrong Item,562,Rejected
16693,27460,damaged,3027,PENDING
16694,59484,damaged,-200,Rejected
16695,18978,Missing Item,1561,processed
16696,86961,damaged,4228,Rejected
16697,75468,Late Delivery,0,Pending
16698,39829,Missing Item,99999,PENDING
16699,90770,Missing Item,-200,Processed
16700,75870,WRONG,-200,processed
16701,8763,damaged,-200,PENDING
16702,57487,Damaged,0,Pending
16703,59700,Late Delivery,-200,Rejected
16704,61700,Wrong Item,-200,Rejected
16705,72485,Damaged,99999,processed
16706,44022,damaged,99999,Processed
16707,6581,Wrong Item,0,PENDING
16708,15461,,99999,Rejected
16709,26564,Missing Item,1729,Rejected
16710,83951,,-200,PENDING
16711,74174,Damaged,99999,processed
16712,27678,Late Delivery,-200,Pending
16713,6843,Missing Item,150,Processed
16714,37396,Damaged,3433,processed
16715,69744,Missing Item,-200,Rejected
16716,51427,WRONG,834,processed
16717,55159,damaged,0,PENDING
16718,51182,damaged,362,Rejected
16719,60036,Late Delivery,3497,PENDING
16720,3233,WRONG,4355,processed
16721,32371,,99999,Rejected
16722,18817,Wrong Item,99999,Rejected
16723,25148,Damaged,0,Processed
16724,32055,Damaged,99999,Processed
16725,10300,Damaged,99999,Processed
16726,35335,,438,processed
16727,19581,Late Delivery,-200,Rejected
16728,22782,Damaged,99999,Processed
16729,99736,Late Delivery,3215,Pending
16730,37966,Late Delivery,0,processed
16731,67340,Wrong Item,3687,processed
16732,60556,Wrong Item,1480,Processed
16733,30231,damaged,1088,processed
16734,37442,,0,Processed
16735,71559,WRONG,-200,processed
16736,10123,Missing Item,0,PENDING
16737,19924,Wrong Item,0,Rejected
16738,75201,Wrong Item,265,Pending
16739,56827,WRONG,2096,Pending
16740,24729,,-200,PENDING
16741,17871,WRONG,1517,processed
16742,74133,Wrong Item,352,processed
16743,75531,damaged,0,PENDING
16744,26410,Late Delivery,-200,Rejected
16745,63629,Late Delivery,1582,PENDING
16746,5506,Late Delivery,2301,Pending
16747,52154,Late Delivery,-200,Rejected
16748,14308,Missing Item,1403,Rejected
16749,27006,damaged,0,Pending
16750,51420,,4730,processed
16751,22069,WRONG,3434,Processed
16752,43325,Late Delivery,-200,PENDING
16753,3744,damaged,0,Pending
16754,99034,Late Delivery,-200,processed
16755,87082,,4814,processed
16756,48128,Damaged,3616,Rejected
16757,30435,Damaged,716,Processed
16758,67287,Missing Item,0,Processed
16759,55967,Damaged,-200,Rejected
16760,51212,damaged,568,Rejected
16761,13554,Late Delivery,0,PENDING
16762,94733,Missing Item,4149,processed
16763,92593,Damaged,4038,processed
16764,26982,,4517,Pending
16765,64028,WRONG,0,PENDING
16766,16217,,2812,Pending
16767,39295,,-200,processed
16768,24903,damaged,-200,Pending
16769,73009,Late Delivery,1656,Processed
16770,3772,Damaged,3387,Pending
16771,27793,Late Delivery,3754,Processed
16772,8009,Damaged,0,Rejected
16773,30299,Missing Item,-200,Rejected
16774,82185,Damaged,-200,Pending
16775,33557,WRONG,302,PENDING
16776,54444,Damaged,0,Rejected
16777,33106,WRONG,99999,Rejected
16778,83401,damaged,4271,Processed
16779,88513,Wrong Item,-200,processed
16780,42868,Missing Item,-200,Rejected
16781,46268,damaged,0,PENDING
16782,55823,Late Delivery,99999,Rejected
16783,22777,,471,Rejected
16784,8089,Late Delivery,0,Processed
16785,38536,WRONG,4247,Rejected
16786,87348,WRONG,0,Processed
16787,1270,WRONG,2227,PENDING
16788,38107,WRONG,99999,Rejected
16789,1782,damaged,568,PENDING
16790,77740,Wrong Item,2906,PENDING
16791,50116,damaged,99999,Rejected
16792,18927,Damaged,-200,Processed
16793,13359,Damaged,-200,Pending
16794,86595,Damaged,0,processed
16795,41663,Missing Item,0,Processed
16796,83772,WRONG,1148,PENDING
16797,70615,damaged,1313,Pending
16798,80239,Late Delivery,2810,Rejected
16799,66890,Missing Item,-200,processed
16800,62972,WRONG,-200,processed
16801,63215,Late Delivery,-200,PENDING
16802,27564,damaged,0,Processed
16803,2848,damaged,-200,PENDING
16804,23976,Damaged,1548,Processed
16805,17609,Damaged,-200,Processed
16806,41156,Damaged,131,PENDING
16807,2758,Damaged,99999,processed
16808,84700,,396,PENDING
16809,21234,,0,Processed
16810,41001,WRONG,4651,PENDING
16811,20540,WRONG,1042,Rejected
16812,88488,damaged,2530,processed
16813,28049,Late Delivery,0,processed
16814,10973,WRONG,2450,Pending
16815,84075,Missing Item,0,Pending
16816,84568,damaged,-200,Processed
16817,13921,WRONG,0,PENDING
16818,48141,Damaged,334,PENDING
16819,49064,Missing Item,2894,processed
16820,45867,WRONG,-200,Rejected
16821,66755,Damaged,0,processed
16822,67543,,99999,PENDING
16823,36304,Late Delivery,4674,PENDING
16824,665,Missing Item,4765,processed
16825,81036,Damaged,1768,Rejected
16826,68583,Missing Item,1912,processed
16827,87025,,99999,processed
16828,66724,Damaged,99999,PENDING
16829,87681,Damaged,0,PENDING
16830,48068,Damaged,874,Pending
16831,11377,damaged,-200,Processed
16832,28635,Wrong Item,0,Rejected
16833,3634,WRONG,0,processed
16834,59967,Missing Item,0,Pending
16835,11758,WRONG,797,Processed
16836,46810,Wrong Item,1501,Processed
16837,98391,damaged,875,PENDING
16838,38296,Wrong Item,1165,Rejected
16839,49659,WRONG,-200,Rejected
16840,78071,WRONG,1485,Pending
16841,5495,Late Delivery,0,processed
16842,81815,Wrong Item,1388,Pending
16843,23661,Missing Item,3594,Rejected
16844,67745,Wrong Item,1588,Processed
16845,28471,Damaged,2489,Rejected
16846,86940,Missing Item,2089,Rejected
16847,96414,Late Delivery,791,processed
16848,82585,,99999,Pending
16849,59138,Damaged,99999,processed
16850,35589,Missing Item,99999,Processed
16851,19360,,211,Pending
16852,10006,,-200,processed
16853,15151,Late Delivery,868,Processed
16854,6614,Missing Item,1753,PENDING
16855,79867,Damaged,-200,Processed
16856,79927,Missing Item,1911,Rejected
16857,2226,Late Delivery,3642,Rejected
16858,40011,Late Delivery,-200,PENDING
16859,87421,Wrong Item,99999,processed
16860,53092,Damaged,829,Rejected
16861,62264,Late Delivery,3231,Processed
16862,50842,Damaged,4294,Pending
16863,25687,Late Delivery,-200,PENDING
16864,61511,Late Delivery,0,Pending
16865,93485,Wrong Item,0,PENDING
16866,33530,WRONG,3109,Rejected
16867,82487,Damaged,618,processed
16868,5813,,99999,Processed
16869,55291,WRONG,-200,processed
16870,23109,damaged,1281,Pending
16871,49141,,3523,Processed
16872,97281,Wrong Item,99999,Pending
16873,20715,WRONG,0,Rejected
16874,62467,Wrong Item,1482,Pending
16875,82420,Late Delivery,-200,PENDING
16876,46915,Damaged,-200,Processed
16877,70404,Late Delivery,1058,PENDING
16878,18772,Wrong Item,0,PENDING
16879,40046,Damaged,4914,processed
16880,44864,Damaged,459,Pending
16881,51373,Missing Item,-200,Pending
16882,19554,Late Delivery,-200,processed
16883,35391,Damaged,0,Pending
16884,8457,,0,Processed
16885,72642,Missing Item,-200,Rejected
16886,79047,WRONG,0,Rejected
16887,4762,Damaged,0,Processed
16888,26540,,-200,processed
16889,76438,Damaged,1444,processed
16890,61429,Wrong Item,0,Rejected
16891,85389,,99999,Rejected
16892,63302,,-200,PENDING
16893,12182,Missing Item,-200,processed
16894,4135,Missing Item,-200,Rejected
16895,81913,WRONG,99999,PENDING
16896,38680,Missing Item,99999,PENDING
16897,94251,Wrong Item,2121,Processed
16898,85435,Damaged,4871,PENDING
16899,6069,Damaged,0,Processed
16900,39372,,2571,PENDING
16901,51201,Late Delivery,-200,Pending
16902,64152,Wrong Item,99999,Rejected
16903,38414,Wrong Item,-200,Rejected
16904,22100,,99999,Pending
16905,97935,Missing Item,-200,Processed
16906,74994,Wrong Item,1321,Pending
16907,62100,Late Delivery,99999,processed
16908,46113,Wrong Item,-200,Processed
16909,99559,Damaged,2724,Rejected
16910,92100,,3762,Pending
16911,43289,Damaged,356,PENDING
16912,83632,Late Delivery,-200,Pending
16913,79086,,3737,Pending
16914,62510,WRONG,0,PENDING
16915,47208,Missing Item,1803,PENDING
16916,44071,Missing Item,2447,PENDING
16917,24073,,-200,processed
16918,3888,Wrong Item,-200,PENDING
16919,20032,Missing Item,4078,Pending
16920,58018,Late Delivery,926,PENDING
16921,22153,Wrong Item,0,Pending
16922,72448,WRONG,3172,Pending
16923,10690,Wrong Item,99999,Rejected
16924,9500,WRONG,504,Rejected
16925,16753,WRONG,1526,Processed
16926,50880,Wrong Item,99999,Processed
16927,50014,Late Delivery,99999,Rejected
16928,83280,WRONG,3020,processed
16929,89023,Missing Item,99999,processed
16930,45403,Wrong Item,99999,processed
16931,21276,Late Delivery,0,processed
16932,27374,damaged,99999,Processed
16933,53333,,0,processed
16934,6421,Wrong Item,-200,Processed
16935,762,Missing Item,1721,Pending
16936,27167,Damaged,99999,processed
16937,21615,Damaged,1768,PENDING
16938,49240,,0,processed
16939,3980,Missing Item,3561,Pending
16940,19826,Missing Item,99999,PENDING
16941,29165,damaged,99999,Pending
16942,79754,Damaged,99999,PENDING
16943,82759,damaged,671,processed
16944,6691,Late Delivery,0,processed
16945,31404,Wrong Item,99999,processed
16946,26600,Missing Item,0,PENDING
16947,50035,damaged,3062,Rejected
16948,99989,Missing Item,99999,PENDING
16949,88226,Late Delivery,1764,Processed
16950,80135,Damaged,2243,Processed
16951,18860,WRONG,99999,Rejected
16952,96857,Damaged,-200,Pending
16953,88976,,99999,processed
16954,49575,damaged,-200,PENDING
16955,78065,Damaged,0,Processed
16956,78047,,0,Rejected
16957,6820,Late Delivery,651,PENDING
16958,42974,WRONG,99999,Processed
16959,94150,Damaged,99999,PENDING
16960,67709,Late Delivery,443,processed
16961,77112,Missing Item,3234,Processed
16962,74092,Missing Item,653,PENDING
16963,45272,Late Delivery,-200,Processed
16964,20527,Wrong Item,0,processed
16965,32375,Wrong Item,-200,PENDING
16966,94037,Damaged,-200,Rejected
16967,79327,Damaged,253,Rejected
16968,71935,Wrong Item,99999,Pending
16969,25033,Damaged,99999,Processed
16970,8790,Wrong Item,4058,PENDING
16971,98472,damaged,99999,processed
16972,55424,Damaged,-200,Processed
16973,49150,Damaged,0,Processed
16974,41639,Wrong Item,0,Rejected
16975,69441,WRONG,0,Rejected
16976,87894,WRONG,4469,Rejected
16977,22472,Late Delivery,0,PENDING
16978,36811,Wrong Item,1357,PENDING
16979,15959,WRONG,4516,Rejected
16980,81712,Missing Item,0,Pending
16981,96448,,1658,Pending
16982,13375,Wrong Item,-200,Processed
16983,54193,Wrong Item,0,processed
16984,30205,damaged,1373,Pending
16985,32693,Damaged,426,Rejected
16986,52554,Late Delivery,0,processed
16987,5608,damaged,0,processed
16988,45894,Late Delivery,1737,Rejected
16989,49833,Missing Item,99999,processed
16990,37586,Damaged,3395,Rejected
16991,19209,WRONG,362,PENDING
16992,22839,Wrong Item,99999,processed
16993,84024,,99999,processed
16994,52935,Damaged,3550,processed
16995,66373,,311,Processed
16996,9846,Wrong Item,612,Rejected
16997,92605,Wrong Item,1027,Processed
16998,12275,damaged,99999,processed
16999,60869,,868,Processed
17000,55702,Damaged,2900,Pending
17001,26516,,483,Pending
17002,89978,Wrong Item,3183,Pending
17003,10552,WRONG,4691,Rejected
17004,48299,,0,Rejected
17005,72187,damaged,0,PENDING
17006,8389,Wrong Item,99999,Processed
17007,12373,,-200,processed
17008,26141,Wrong Item,3693,Rejected
17009,75541,Missing Item,-200,Pending
17010,74822,damaged,-200,processed
17011,44321,Missing Item,822,Rejected
17012,3736,Wrong Item,-200,Pending
17013,35725,Late Delivery,0,PENDING
17014,48501,Wrong Item,-200,Pending
17015,71818,Missing Item,0,PENDING
17016,44909,Wrong Item,2518,Rejected
17017,67639,Late Delivery,0,Processed
17018,57113,,0,Rejected
17019,77986,WRONG,680,processed
17020,95865,WRONG,3305,PENDING
17021,60924,damaged,-200,Rejected
17022,36652,Late Delivery,1408,Rejected
17023,91842,WRONG,0,Pending
17024,65433,Damaged,500,PENDING
17025,41757,WRONG,1314,processed
17026,24389,,4696,Pending
17027,19220,damaged,-200,Pending
17028,69949,Damaged,3788,PENDING
17029,47466,Missing Item,99999,Pending
17030,21188,Damaged,-200,Processed
17031,48372,damaged,99999,Rejected
17032,10580,Wrong Item,-200,Pending
17033,46902,Damaged,99999,Processed
17034,84296,Late Delivery,259,Pending
17035,67195,Late Delivery,529,processed
17036,19322,Missing Item,2321,Pending
17037,96132,Missing Item,2748,PENDING
17038,56192,Missing Item,2449,Processed
17039,96283,Wrong Item,99999,Processed
17040,70860,WRONG,0,processed
17041,96914,,2031,PENDING
17042,67317,damaged,99999,Processed
17043,57662,damaged,0,processed
17044,86406,WRONG,1122,Rejected
17045,86333,,99999,PENDING
17046,30759,,99999,Processed
17047,17313,,0,processed
17048,82555,damaged,1571,Pending
17049,79099,Damaged,0,processed
17050,15803,Late Delivery,3989,processed
17051,52234,Damaged,731,Pending
17052,64082,Wrong Item,2369,Processed
17053,60696,Damaged,0,Rejected
17054,8706,Late Delivery,0,processed
17055,17075,WRONG,0,Processed
17056,34268,,99999,Processed
17057,98750,Damaged,0,processed
17058,82921,Late Delivery,2962,Processed
17059,31332,Damaged,3372,processed
17060,12855,Missing Item,954,processed
17061,25425,Missing Item,99999,Pending
17062,63303,Damaged,3011,Rejected
17063,90227,Wrong Item,-200,Rejected
17064,75773,Late Delivery,2923,processed
17065,59396,damaged,1635,Rejected
17066,73828,Missing Item,977,Pending
17067,68657,WRONG,4218,processed
17068,81278,damaged,1550,PENDING
17069,29923,Wrong Item,3468,PENDING
17070,76980,damaged,3700,Pending
17071,84031,Wrong Item,2517,Rejected
17072,27329,Missing Item,1947,Pending
17073,3723,Late Delivery,3192,Pending
17074,24422,Wrong Item,99999,processed
17075,70876,,4849,PENDING
17076,22111,,1660,processed
17077,87488,Missing Item,0,PENDING
17078,3250,Damaged,512,Pending
17079,79960,,305,Pending
17080,7815,damaged,855,PENDING
17081,14600,Missing Item,0,Pending
17082,383,WRONG,4879,PENDING
17083,59170,damaged,1147,processed
17084,64405,Wrong Item,1244,processed
17085,1627,,3881,processed
17086,70485,Missing Item,754,Pending
17087,80073,Missing Item,758,Rejected
17088,61647,damaged,3380,PENDING
17089,7728,Missing Item,0,Rejected
17090,74380,WRONG,0,Processed
17091,25173,Damaged,-200,Rejected
17092,78038,,4046,Pending
17093,71368,Damaged,0,processed
17094,10501,Late Delivery,5000,Rejected
17095,19933,Wrong Item,0,Rejected
17096,25618,Late Delivery,3702,Processed
17097,43040,Damaged,3240,PENDING
17098,45607,Missing Item,2685,Processed
17099,6522,Damaged,0,Pending
17100,91594,Missing Item,1502,PENDING
17101,94903,Wrong Item,2172,PENDING
17102,14838,Late Delivery,1600,Processed
17103,60973,Damaged,-200,Processed
17104,75466,Late Delivery,4362,Pending
17105,96947,Missing Item,2618,PENDING
17106,52473,damaged,0,Pending
17107,2461,Late Delivery,3828,Processed
17108,54247,damaged,1820,Pending
17109,99470,Wrong Item,-200,Rejected
17110,53730,,1707,Rejected
17111,73809,Wrong Item,99999,PENDING
17112,97354,WRONG,394,processed
17113,43260,WRONG,0,PENDING
17114,47247,,-200,processed
17115,12722,,2865,PENDING
17116,94964,Missing Item,0,Pending
17117,56251,,3912,PENDING
17118,84125,,4006,Rejected
17119,69923,Late Delivery,532,Processed
17120,96624,Wrong Item,1821,Processed
17121,46586,WRONG,3359,processed
17122,42807,Wrong Item,939,Processed
17123,86273,WRONG,0,Processed
17124,96819,Late Delivery,3961,Rejected
17125,29583,WRONG,982,Rejected
17126,16740,,99999,Pending
17127,62451,WRONG,608,Processed
17128,90977,damaged,4247,PENDING
17129,55299,Missing Item,4278,Processed
17130,30495,damaged,-200,Rejected
17131,88732,,4767,Pending
17132,62216,WRONG,99999,Processed
17133,48236,WRONG,2109,processed
17134,92850,,1042,PENDING
17135,57966,WRONG,1249,Processed
17136,50928,Damaged,-200,PENDING
17137,13945,damaged,0,Rejected
17138,56176,Missing Item,-200,PENDING
17139,40347,Damaged,2325,Rejected
17140,71722,Late Delivery,758,Pending
17141,43221,Late Delivery,-200,processed
17142,97350,Late Delivery,0,PENDING
17143,56663,Late Delivery,240,Rejected
17144,26901,Late Delivery,4605,Pending
17145,48355,Damaged,1652,Rejected
17146,79770,,0,PENDING
17147,21508,damaged,0,PENDING
17148,26640,Missing Item,568,Rejected
17149,49011,damaged,2925,PENDING
17150,72,Damaged,393,PENDING
17151,3044,Damaged,99999,Processed
17152,39725,damaged,0,Rejected
17153,84346,WRONG,732,Rejected
17154,38623,damaged,-200,Rejected
17155,9167,,2149,processed
17156,32646,Missing Item,-200,Rejected
17157,50134,Late Delivery,1307,processed
17158,50028,Damaged,3223,Processed
17159,64182,WRONG,-200,Pending
17160,13447,,99999,PENDING
17161,63788,,0,processed
17162,35142,WRONG,496,PENDING
17163,8694,Late Delivery,-200,PENDING
17164,23206,damaged,1611,Pending
17165,81919,Missing Item,997,Pending
17166,25291,WRONG,-200,Rejected
17167,21684,Late Delivery,4156,processed
17168,97301,Late Delivery,1773,Processed
17169,61752,Wrong Item,0,PENDING
17170,71843,damaged,99999,Rejected
17171,48386,damaged,4099,processed
17172,78109,Wrong Item,0,Processed
17173,47923,Late Delivery,99999,processed
17174,13772,Wrong Item,2015,Processed
17175,18371,,4704,Rejected
17176,65894,Late Delivery,106,Pending
17177,6072,Late Delivery,2127,Processed
17178,14529,WRONG,1942,Processed
17179,17437,Missing Item,99999,processed
17180,12922,WRONG,-200,processed
17181,96519,damaged,99999,PENDING
17182,25334,Damaged,4560,PENDING
17183,16131,Late Delivery,1523,processed
17184,60651,Wrong Item,0,PENDING
17185,74779,Missing Item,4265,Processed
17186,41037,WRONG,3966,Rejected
17187,27882,Damaged,3138,processed
17188,21627,Missing Item,99999,processed
17189,16675,WRONG,4962,Pending
17190,93518,Late Delivery,-200,PENDING
17191,54243,Late Delivery,4943,Pending
17192,7152,Damaged,1719,processed
17193,23977,Late Delivery,-200,Rejected
17194,43096,Missing Item,3323,processed
17195,81094,WRONG,1804,Pending
17196,62367,Wrong Item,-200,Processed
17197,42040,Wrong Item,-200,Processed
17198,19290,damaged,356,Rejected
17199,32363,WRONG,99999,Pending
17200,40101,Wrong Item,4965,PENDING
17201,12497,damaged,99999,processed
17202,40668,,3944,processed
17203,19239,WRONG,3297,Processed
17204,2241,Wrong Item,99999,Pending
17205,65625,Late Delivery,-200,Pending
17206,85491,Wrong Item,0,Rejected
17207,97536,,99999,PENDING
17208,81031,Wrong Item,0,Processed
17209,19015,Missing Item,99999,PENDING
17210,89040,damaged,2580,Pending
17211,9851,Damaged,4059,Rejected
17212,88133,Wrong Item,-200,PENDING
17213,2012,Damaged,4831,PENDING
17214,18879,Damaged,0,PENDING
17215,63916,Late Delivery,99999,Pending
17216,51615,damaged,-200,Rejected
17217,53585,damaged,0,Pending
17218,46270,,99999,Processed
17219,74462,,99999,Rejected
17220,95177,Wrong Item,1399,Pending
17221,96072,,1859,Rejected
17222,23027,Wrong Item,3965,PENDING
17223,10565,Wrong Item,99999,Processed
17224,64120,,-200,PENDING
17225,35697,Damaged,99999,processed
17226,24186,,0,processed
17227,13577,Damaged,2076,processed
17228,66634,Wrong Item,99999,Rejected
17229,81823,Damaged,-200,processed
17230,47185,Wrong Item,99999,Processed
17231,82780,damaged,0,Processed
17232,63089,,4380,Processed
17233,99762,Missing Item,1129,Rejected
17234,12919,Damaged,4630,Rejected
17235,81986,,806,Pending
17236,92475,Missing Item,4355,Processed
17237,17854,WRONG,4382,processed
17238,46797,WRONG,0,Processed
17239,83947,,99999,Pending
17240,38010,WRONG,191,Pending
17241,22906,Damaged,592,processed
17242,92244,Damaged,-200,processed
17243,51486,Missing Item,0,PENDING
17244,96696,Missing Item,4591,Pending
17245,47167,Wrong Item,-200,processed
17246,18621,Late Delivery,-200,PENDING
17247,26982,WRONG,-200,Pending
17248,98189,,4846,processed
17249,90564,damaged,0,PENDING
17250,5463,WRONG,1274,Processed
17251,44502,damaged,1962,processed
17252,8005,damaged,745,Processed
17253,8922,Damaged,99999,PENDING
17254,74525,Wrong Item,99999,PENDING
17255,45100,Wrong Item,0,Rejected
17256,40961,,0,Rejected
17257,87588,Wrong Item,0,Rejected
17258,55693,Missing Item,99999,Processed
17259,79191,WRONG,99999,Pending
17260,83904,WRONG,4433,processed
17261,24450,Wrong Item,3150,Rejected
17262,28004,Late Delivery,1347,PENDING
17263,96598,Wrong Item,3031,PENDING
17264,26183,Damaged,1541,Processed
17265,32613,damaged,-200,PENDING
17266,20001,WRONG,-200,processed
17267,69409,WRONG,-200,PENDING
17268,11784,WRONG,141,PENDING
17269,33433,Late Delivery,0,processed
17270,66793,damaged,99999,Pending
17271,30994,Damaged,-200,processed
17272,1119,Late Delivery,0,Pending
17273,69726,Missing Item,99999,Rejected
17274,71401,Wrong Item,-200,Processed
17275,53632,Late Delivery,1598,PENDING
17276,40781,Damaged,2898,processed
17277,18026,damaged,99999,Pending
17278,37302,WRONG,0,Rejected
17279,4073,WRONG,-200,Rejected
17280,90128,WRONG,0,Rejected
17281,49790,damaged,2720,processed
17282,50116,Damaged,-200,PENDING
17283,47018,WRONG,-200,PENDING
17284,49373,damaged,2112,PENDING
17285,76236,damaged,99999,Processed
17286,85205,Missing Item,-200,Processed
17287,41268,damaged,99999,processed
17288,19396,Missing Item,0,processed
17289,94364,,372,processed
17290,63688,Wrong Item,1784,Pending
17291,51355,Damaged,3217,Rejected
17292,44259,,99999,PENDING
17293,63023,Wrong Item,99999,Processed
17294,92666,WRONG,0,Rejected
17295,60695,,-200,Processed
17296,81442,Missing Item,0,Rejected
17297,30541,Wrong Item,1159,Rejected
17298,7759,Wrong Item,99999,PENDING
17299,5875,Late Delivery,1359,PENDING
17300,18245,damaged,99999,Rejected
17301,38197,WRONG,1396,processed
17302,71060,Wrong Item,999,processed
17303,57885,Wrong Item,-200,Processed
17304,78610,Late Delivery,1675,processed
17305,36397,WRONG,901,Rejected
17306,19138,Missing Item,0,Pending
17307,68037,damaged,-200,Rejected
17308,20268,Missing Item,1553,Rejected
17309,99476,WRONG,1033,processed
17310,5468,WRONG,1845,processed
17311,23198,Wrong Item,905,Pending
17312,18194,Wrong Item,-200,PENDING
17313,24642,Late Delivery,0,Pending
17314,4338,damaged,99999,PENDING
17315,67094,WRONG,4754,Rejected
17316,91342,WRONG,-200,Pending
17317,38536,WRONG,-200,processed
17318,72125,Late Delivery,2262,Pending
17319,66098,,4129,PENDING
17320,4964,Wrong Item,4103,Pending
17321,82281,Wrong Item,99999,processed
17322,86138,Late Delivery,2599,Rejected
17323,63857,Late Delivery,99999,Pending
17324,6074,Wrong Item,600,processed
17325,29313,WRONG,2903,Processed
17326,953,,-200,Pending
17327,10773,,-200,Rejected
17328,77590,damaged,99999,Rejected
17329,30945,WRONG,4635,processed
17330,63845,WRONG,853,Pending
17331,38997,WRONG,99999,Rejected
17332,88992,,0,Rejected
17333,2941,Damaged,521,Rejected
17334,80068,damaged,99999,Pending
17335,80333,WRONG,99999,processed
17336,26776,Missing Item,0,Processed
17337,943,Late Delivery,1725,PENDING
17338,47825,Wrong Item,131,PENDING
17339,96776,Missing Item,0,PENDING
17340,98951,WRONG,3207,Rejected
17341,31427,Late Delivery,0,Pending
17342,16921,Damaged,99999,Rejected
17343,38576,Damaged,0,processed
17344,83942,WRONG,99999,PENDING
17345,6879,Damaged,-200,Pending
17346,2479,damaged,2262,Pending
17347,61385,WRONG,3799,PENDING
17348,53113,Missing Item,99999,Pending
17349,44103,damaged,99999,Rejected
17350,98198,Missing Item,3808,Rejected
17351,484,,99999,Pending
17352,84104,Missing Item,0,processed
17353,65221,WRONG,99999,Processed
17354,6236,Wrong Item,1728,Pending
17355,2973,damaged,2549,Processed
17356,83202,Late Delivery,-200,PENDING
17357,16080,damaged,931,PENDING
17358,85898,WRONG,-200,processed
17359,65158,Wrong Item,2125,processed
17360,60361,WRONG,1764,Rejected
17361,63880,,660,processed
17362,15539,Wrong Item,-200,PENDING
17363,41527,Wrong Item,3463,Pending
17364,4814,Missing Item,99999,processed
17365,9043,damaged,1748,Rejected
17366,44809,Wrong Item,100,processed
17367,85511,damaged,99999,Processed
17368,76899,,2366,Rejected
17369,4063,WRONG,0,PENDING
17370,84679,,3163,Pending
17371,75310,,99999,processed
17372,91576,Wrong Item,99999,processed
17373,69847,,2647,Processed
17374,83415,WRONG,-200,PENDING
17375,97702,Late Delivery,2088,Rejected
17376,9544,Late Delivery,0,Pending
17377,61917,,3946,Rejected
17378,32040,,674,Rejected
17379,58378,,-200,Processed
17380,60073,,99999,Pending
17381,43981,damaged,0,Rejected
17382,47055,Late Delivery,2371,Rejected
17383,4534,damaged,0,PENDING
17384,88807,Missing Item,427,Pending
17385,10672,Wrong Item,2448,Processed
17386,82314,,1856,Rejected
17387,81052,Damaged,-200,processed
17388,86479,Damaged,99999,Processed
17389,53916,damaged,2211,PENDING
17390,3608,Wrong Item,0,processed
17391,67079,WRONG,99999,Processed
17392,38498,damaged,3049,Processed
17393,74635,Wrong Item,-200,Rejected
17394,64834,WRONG,1693,processed
17395,68914,damaged,692,Pending
17396,77063,Wrong Item,2329,Pending
17397,90880,Wrong Item,-200,processed
17398,25656,Missing Item,0,Pending
17399,2250,Late Delivery,99999,processed
17400,77433,Damaged,1868,Rejected
17401,99797,Wrong Item,1735,processed
17402,64497,damaged,3468,Rejected
17403,13157,damaged,1959,Processed
17404,32548,WRONG,99999,PENDING
17405,64160,Late Delivery,1399,Rejected
17406,76222,Late Delivery,0,Rejected
17407,81497,WRONG,2992,PENDING
17408,42384,Late Delivery,0,processed
17409,71874,WRONG,2032,Rejected
17410,97105,,0,Processed
17411,69816,WRONG,-200,Pending
17412,34099,Missing Item,2427,Rejected
17413,17548,Damaged,0,PENDING
17414,68413,Late Delivery,995,Pending
17415,23796,Damaged,99999,Processed
17416,67316,Damaged,3288,PENDING
17417,94570,WRONG,4430,Rejected
17418,53284,damaged,-200,Processed
17419,20753,WRONG,-200,PENDING
17420,77559,Damaged,2502,processed
17421,33133,Damaged,0,processed
17422,13177,WRONG,99999,Processed
17423,89655,Damaged,0,Pending
17424,24545,Damaged,307,processed
17425,12580,Wrong Item,577,PENDING
17426,91811,,4068,Processed
17427,6359,damaged,-200,PENDING
17428,92883,,-200,processed
17429,35014,WRONG,100,Pending
17430,61556,damaged,0,Rejected
17431,75288,damaged,808,Rejected
17432,98296,WRONG,0,Pending
17433,55602,Late Delivery,99999,Rejected
17434,71534,WRONG,0,processed
17435,17250,,2401,PENDING
17436,27843,WRONG,3989,Pending
17437,60961,damaged,0,Processed
17438,7054,WRONG,-200,Pending
17439,9622,,1034,processed
17440,8734,Late Delivery,-200,Processed
17441,2830,Wrong Item,3396,Rejected
17442,31090,Late Delivery,0,Rejected
17443,44644,Late Delivery,2859,Pending
17444,17858,Missing Item,1807,Processed
17445,67447,Wrong Item,0,Rejected
17446,36182,,750,Pending
17447,6364,Damaged,2070,processed
17448,17769,Missing Item,0,processed
17449,45114,Late Delivery,-200,PENDING
17450,53285,Late Delivery,0,Rejected
17451,68119,Missing Item,3016,processed
17452,16614,damaged,0,processed
17453,83643,Damaged,-200,Rejected
17454,87192,damaged,0,PENDING
17455,62056,damaged,2625,PENDING
17456,2784,,753,Rejected
17457,70834,Damaged,-200,Processed
17458,54025,Missing Item,3379,processed
17459,90365,Missing Item,421,Rejected
17460,45020,Damaged,2444,PENDING
17461,64593,Damaged,-200,processed
17462,45622,Wrong Item,3039,processed
17463,77376,Damaged,0,PENDING
17464,56259,,4364,PENDING
17465,77493,Missing Item,0,Pending
17466,82306,WRONG,-200,Pending
17467,92125,,2157,Rejected
17468,63418,,3772,Pending
17469,74083,WRONG,0,Processed
17470,15539,Missing Item,-200,PENDING
17471,62922,WRONG,2726,processed
17472,73244,Late Delivery,-200,Pending
17473,27843,Missing Item,0,processed
17474,68317,Late Delivery,-200,Rejected
17475,20380,Late Delivery,1782,Rejected
17476,99825,Damaged,2742,Pending
17477,6272,,-200,processed
17478,17665,Wrong Item,2434,processed
17479,60913,,99999,Rejected
17480,78382,Late Delivery,99999,Pending
17481,89839,WRONG,0,Rejected
17482,83455,damaged,1332,processed
17483,73923,,99999,Rejected
17484,70003,,188,processed
17485,27102,,0,PENDING
17486,74477,Damaged,-200,PENDING
17487,9868,damaged,-200,Rejected
17488,91964,Wrong Item,0,PENDING
17489,24527,Missing Item,99999,Processed
17490,39838,damaged,2440,Pending
17491,47291,Wrong Item,4962,Processed
17492,21039,Missing Item,-200,Processed
17493,61979,,262,Rejected
17494,76939,Wrong Item,-200,Processed
17495,25371,Wrong Item,3245,Pending
17496,48895,damaged,0,Rejected
17497,25994,Missing Item,2146,Rejected
17498,67270,Late Delivery,0,Rejected
17499,78713,Damaged,2934,processed
17500,5152,Late Delivery,-200,Pending
17501,63414,,-200,PENDING
17502,33203,Missing Item,-200,Pending
17503,99680,Wrong Item,0,Processed
17504,15398,damaged,99999,Pending
17505,74955,Late Delivery,3620,PENDING
17506,57674,Late Delivery,2062,Rejected
17507,38030,WRONG,-200,PENDING
17508,12283,WRONG,0,Pending
17509,25612,,0,Pending
17510,10006,Wrong Item,3120,Pending
17511,69578,Damaged,3801,processed
17512,27506,,99999,Rejected
17513,973,Damaged,-200,Pending
17514,49097,Damaged,99999,Processed
17515,67634,Missing Item,959,Processed
17516,99799,,99999,Processed
17517,38194,WRONG,2073,PENDING
17518,69471,Late Delivery,2470,Processed
17519,5667,Late Delivery,0,processed
17520,921,WRONG,99999,PENDING
17521,48482,Missing Item,1683,Processed
17522,66637,WRONG,0,Rejected
17523,40173,Damaged,99999,PENDING
17524,16359,damaged,4732,processed
17525,48642,Wrong Item,-200,processed
17526,98243,Damaged,2304,Rejected
17527,30603,Late Delivery,-200,Rejected
17528,33434,damaged,-200,Processed
17529,66129,,99999,processed
17530,83024,Missing Item,2808,Processed
17531,7630,,-200,Rejected
17532,90103,Missing Item,99999,Pending
17533,15887,damaged,1272,processed
17534,23751,Missing Item,-200,Rejected
17535,31389,Missing Item,99999,processed
17536,20255,,0,Rejected
17537,45780,,0,processed
17538,37217,WRONG,0,processed
17539,53184,Missing Item,99999,Pending
17540,74189,damaged,0,Processed
17541,36466,,962,Processed
17542,36942,,578,processed
17543,17357,Wrong Item,-200,PENDING
17544,79324,,533,PENDING
17545,44124,Damaged,3294,Pending
17546,41561,WRONG,0,Rejected
17547,96684,Damaged,3671,Rejected
17548,19946,Late Delivery,99999,Pending
17549,31667,,1225,Rejected
17550,32376,WRONG,0,Pending
17551,18731,damaged,99999,PENDING
17552,57587,Wrong Item,1053,PENDING
17553,43521,,0,PENDING
17554,98847,Late Delivery,858,Rejected
17555,96267,damaged,1446,PENDING
17556,37016,Damaged,3438,Rejected
17557,14654,Damaged,99999,Processed
17558,16556,Missing Item,99999,Pending
17559,93634,Damaged,-200,Rejected
17560,405,Missing Item,-200,PENDING
17561,89769,WRONG,99999,processed
17562,76830,Wrong Item,4469,processed
17563,31025,Missing Item,3368,Rejected
17564,53181,Late Delivery,0,Rejected
17565,3645,,4024,Rejected
17566,20682,Missing Item,3731,Rejected
17567,57117,,-200,processed
17568,32790,Late Delivery,99999,Pending
17569,59480,Missing Item,0,processed
17570,44326,Missing Item,0,Rejected
17571,1826,Late Delivery,0,PENDING
17572,44801,Wrong Item,-200,PENDING
17573,65139,Late Delivery,911,PENDING
17574,61819,Damaged,4392,processed
17575,18837,damaged,695,PENDING
17576,46171,Wrong Item,2087,PENDING
17577,67427,Late Delivery,-200,processed
17578,1812,,-200,Rejected
17579,77340,damaged,2273,Pending
17580,32292,damaged,99999,processed
17581,4990,WRONG,-200,processed
17582,29264,damaged,0,processed
17583,58009,damaged,3649,processed
17584,44594,damaged,0,Pending
17585,79003,Missing Item,1874,Pending
17586,7890,Missing Item,132,Rejected
17587,99895,Late Delivery,-200,Pending
17588,58717,,2409,PENDING
17589,80259,Late Delivery,-200,Pending
17590,48829,damaged,3319,processed
17591,72297,Late Delivery,1839,PENDING
17592,27164,Wrong Item,-200,Processed
17593,35805,Damaged,1946,Rejected
17594,14711,Damaged,3032,PENDING
17595,71817,,4974,PENDING
17596,61825,damaged,99999,Processed
17597,63105,Damaged,99999,Rejected
17598,99465,Damaged,4815,PENDING
17599,8739,Missing Item,99999,Processed
17600,6907,WRONG,99999,Processed
17601,18518,WRONG,-200,processed
17602,95231,Wrong Item,99999,Rejected
17603,77067,,0,PENDING
17604,49022,Damaged,3747,Pending
17605,24391,Wrong Item,815,Rejected
17606,24767,,2247,PENDING
17607,99093,Missing Item,-200,processed
17608,20024,Damaged,1915,processed
17609,52726,WRONG,99999,Rejected
17610,48215,WRONG,0,Processed
17611,32405,Missing Item,99999,processed
17612,65913,damaged,0,Rejected
17613,5654,damaged,4027,PENDING
17614,97030,Damaged,2820,Pending
17615,33958,Damaged,4157,Processed
17616,42609,Late Delivery,559,Processed
17617,64682,Damaged,-200,processed
17618,37207,,3267,PENDING
17619,35901,,-200,Processed
17620,3947,,99999,PENDING
17621,9787,Wrong Item,4639,Processed
17622,15540,WRONG,99999,Rejected
17623,71878,Late Delivery,0,Processed
17624,31646,Late Delivery,1673,processed
17625,90565,,-200,processed
17626,3434,Damaged,99999,Pending
17627,72379,Late Delivery,0,processed
17628,70747,Late Delivery,1733,Processed
17629,393,Wrong Item,99999,PENDING
17630,44154,Damaged,-200,Pending
17631,45521,Damaged,-200,PENDING
17632,70706,Late Delivery,-200,Rejected
17633,50594,WRONG,0,Rejected
17634,80097,damaged,2816,processed
17635,16875,damaged,2813,Processed
17636,55253,Late Delivery,0,Rejected
17637,61443,,0,PENDING
17638,32011,Late Delivery,0,Processed
17639,43025,Missing Item,2259,Processed
17640,94067,damaged,4120,Processed
17641,82332,,0,processed
17642,88940,Damaged,4379,PENDING
17643,74359,,99999,Processed
17644,76643,WRONG,1161,Pending
17645,9723,damaged,0,PENDING
17646,87436,Wrong Item,0,PENDING
17647,86156,Missing Item,0,Rejected
17648,47954,damaged,-200,Pending
17649,50974,Damaged,-200,Rejected
17650,58310,Damaged,3594,PENDING
17651,90901,damaged,2965,PENDING
17652,80026,Missing Item,0,Pending
17653,57265,Late Delivery,1146,PENDING
17654,26193,Damaged,0,PENDING
17655,87540,Wrong Item,4008,PENDING
17656,27561,Late Delivery,4253,Pending
17657,318,Missing Item,-200,processed
17658,49990,,0,processed
17659,17608,WRONG,969,processed
17660,45937,Damaged,2235,Processed
17661,74148,Wrong Item,0,Processed
17662,36208,WRONG,2123,Processed
17663,44964,Missing Item,3710,Processed
17664,72524,Late Delivery,99999,Processed
17665,24357,Missing Item,2324,Pending
17666,71017,WRONG,3710,PENDING
17667,92850,Late Delivery,4885,Rejected
17668,90680,WRONG,99999,PENDING
17669,12128,WRONG,-200,processed
17670,54596,Missing Item,1477,Rejected
17671,77139,,-200,Pending
17672,68647,Missing Item,4182,Rejected
17673,91138,Damaged,3729,Rejected
17674,95251,Damaged,-200,Rejected
17675,71489,Wrong Item,99999,PENDING
17676,94255,,1899,Pending
17677,47117,,0,Pending
17678,79712,Wrong Item,4064,processed
17679,99368,damaged,-200,Rejected
17680,30156,WRONG,1689,processed
17681,63172,Wrong Item,4424,Pending
17682,56113,Late Delivery,99999,Rejected
17683,29587,Damaged,99999,processed
17684,35336,Late Delivery,0,processed
17685,78410,Wrong Item,639,Processed
17686,29011,damaged,2260,Pending
17687,41334,Missing Item,0,processed
17688,90,Damaged,99999,PENDING
17689,75179,damaged,3965,Pending
17690,93473,WRONG,-200,PENDING
17691,42633,Missing Item,1840,Pending
17692,27302,Late Delivery,0,Pending
17693,48401,Missing Item,0,Pending
17694,84743,Late Delivery,778,PENDING
17695,82776,damaged,99999,processed
17696,55731,Damaged,2267,PENDING
17697,10599,Late Delivery,99999,Pending
17698,50157,damaged,99999,Pending
17699,87561,,99999,Processed
17700,50942,Late Delivery,-200,Processed
17701,67103,,99999,PENDING
17702,46927,Missing Item,99999,processed
17703,53711,,4154,Processed
17704,65826,Late Delivery,99999,processed
17705,41299,WRONG,99999,Pending
17706,64991,,3812,processed
17707,59787,WRONG,-200,Processed
17708,33977,Late Delivery,-200,PENDING
17709,83055,damaged,2910,Pending
17710,42875,,99999,PENDING
17711,49655,WRONG,4967,Processed
17712,51851,Wrong Item,1166,PENDING
17713,96704,,4188,Rejected
17714,29924,WRONG,2049,processed
17715,30277,Wrong Item,-200,PENDING
17716,57994,Missing Item,3372,Processed
17717,43777,WRONG,390,PENDING
17718,2789,,99999,Rejected
17719,42017,WRONG,2540,Rejected
17720,32723,Missing Item,2943,processed
17721,74752,damaged,99999,PENDING
17722,73181,WRONG,3905,Rejected
17723,93541,WRONG,1445,Processed
17724,18586,Missing Item,1412,Rejected
17725,73091,Late Delivery,3331,processed
17726,67086,Late Delivery,99999,PENDING
17727,88788,Damaged,2339,processed
17728,18553,WRONG,99999,Processed
17729,98494,Damaged,0,Processed
17730,3261,Missing Item,4951,processed
17731,77056,Missing Item,4675,PENDING
17732,68443,WRONG,4466,Rejected
17733,43936,damaged,2711,Pending
17734,83855,Wrong Item,1654,Rejected
17735,10979,damaged,2321,Pending
17736,9254,Missing Item,477,PENDING
17737,85657,Damaged,0,Rejected
17738,12097,Damaged,4446,Rejected
17739,38521,Late Delivery,99999,processed
17740,7496,Missing Item,-200,Rejected
17741,97585,Missing Item,575,Pending
17742,35792,Damaged,0,processed
17743,49053,Late Delivery,99999,processed
17744,42969,,-200,processed
17745,59205,Damaged,1444,PENDING
17746,14114,damaged,3265,Rejected
17747,70487,Damaged,0,Rejected
17748,65161,,-200,Processed
17749,28872,Wrong Item,0,processed
17750,44991,Damaged,-200,processed
17751,12311,Wrong Item,0,processed
17752,34133,damaged,99999,PENDING
17753,29533,Wrong Item,99999,PENDING
17754,13560,Wrong Item,0,PENDING
17755,62326,WRONG,639,Rejected
17756,4761,Missing Item,4908,Pending
17757,87951,WRONG,0,processed
17758,93427,damaged,3334,Rejected
17759,10716,Wrong Item,1329,Processed
17760,40354,Damaged,0,Processed
17761,2081,,-200,processed
17762,9990,Wrong Item,-200,processed
17763,77404,WRONG,1991,Processed
17764,66292,Late Delivery,-200,Pending
17765,98262,Damaged,1040,Pending
17766,82407,damaged,99999,Pending
17767,14501,,3740,Processed
17768,79196,WRONG,0,Rejected
17769,59578,Damaged,99999,Rejected
17770,23832,Missing Item,-200,Rejected
17771,6568,Damaged,99999,Pending
17772,83417,WRONG,-200,processed
17773,81706,Damaged,2807,Pending
17774,62759,Missing Item,99999,Processed
17775,51166,Damaged,0,Processed
17776,97989,Damaged,2555,Processed
17777,65057,Late Delivery,3361,Processed
17778,6612,Wrong Item,0,Pending
17779,87991,WRONG,99999,Rejected
17780,40741,Wrong Item,1724,processed
17781,28784,,99999,Rejected
17782,72145,Wrong Item,3926,processed
17783,16300,Missing Item,-200,Rejected
17784,45380,WRONG,99999,processed
17785,83168,Damaged,4861,Pending
17786,57518,WRONG,-200,PENDING
17787,29133,,4637,Pending
17788,54712,Wrong Item,99999,Processed
17789,49811,Missing Item,904,PENDING
17790,86877,Wrong Item,4165,Processed
17791,14297,Late Delivery,459,Processed
17792,28764,Missing Item,587,Rejected
17793,78333,damaged,1399,Rejected
17794,42258,Late Delivery,99999,Pending
17795,21108,,99999,processed
17796,51775,Damaged,-200,Pending
17797,58141,,2646,Processed
17798,87625,Missing Item,0,PENDING
17799,35164,WRONG,0,processed
17800,90484,WRONG,-200,Processed
17801,16080,WRONG,-200,Rejected
17802,44392,damaged,0,Pending
17803,98328,Missing Item,99999,PENDING
17804,21925,Late Delivery,4745,PENDING
17805,67902,Damaged,0,Rejected
17806,5335,Late Delivery,1612,PENDING
17807,65610,,99999,processed
17808,66801,damaged,99999,processed
17809,74585,Missing Item,-200,processed
17810,45853,,4710,Processed
17811,20779,Missing Item,-200,Pending
17812,2458,Damaged,-200,Pending
17813,66766,damaged,4972,processed
17814,87702,WRONG,-200,Rejected
17815,82218,Missing Item,99999,processed
17816,41281,Wrong Item,681,Processed
17817,34865,Wrong Item,4850,Rejected
17818,55401,Damaged,884,Rejected
17819,59178,Damaged,0,Processed
17820,74930,Wrong Item,99999,PENDING
17821,37316,WRONG,-200,processed
17822,26620,Damaged,4770,Pending
17823,83353,Missing Item,3913,Pending
17824,61602,,99999,processed
17825,13107,,0,PENDING
17826,50596,WRONG,4268,PENDING
17827,10468,Missing Item,650,Processed
17828,64651,Wrong Item,0,Rejected
17829,87695,WRONG,1642,Pending
17830,44146,damaged,2149,Processed
17831,40795,Damaged,-200,processed
17832,16526,WRONG,0,Rejected
17833,13566,,0,processed
17834,41078,,-200,Pending
17835,79860,Damaged,3993,Processed
17836,48194,WRONG,-200,Pending
17837,65474,Wrong Item,-200,PENDING
17838,40546,Missing Item,4012,processed
17839,19712,Damaged,-200,Pending
17840,41427,Missing Item,4258,Pending
17841,78961,damaged,99999,PENDING
17842,3015,WRONG,-200,Processed
17843,50377,Missing Item,2347,Pending
17844,4878,Missing Item,-200,Processed
17845,27916,WRONG,99999,Processed
17846,35338,Wrong Item,-200,Rejected
17847,50853,Wrong Item,4216,PENDING
17848,56102,Damaged,4851,PENDING
17849,24744,,-200,Processed
17850,16320,WRONG,1044,Pending
17851,76914,WRONG,99999,Pending
17852,53633,WRONG,0,Pending
17853,2282,Wrong Item,1653,Processed
17854,94562,Late Delivery,1698,PENDING
17855,26355,WRONG,99999,processed
17856,50852,Wrong Item,-200,processed
17857,37159,,0,Pending
17858,57323,,2231,Processed
17859,43516,,3258,Processed
17860,32562,Late Delivery,0,PENDING
17861,78591,Late Delivery,-200,PENDING
17862,42932,Damaged,99999,processed
17863,24408,,-200,Rejected
17864,34893,Late Delivery,99999,Pending
17865,83361,Late Delivery,4026,Rejected
17866,15137,Damaged,2621,PENDING
17867,86878,Wrong Item,99999,processed
17868,2858,Late Delivery,1338,Rejected
17869,97832,Missing Item,367,PENDING
17870,84491,Wrong Item,99999,Rejected
17871,17509,Late Delivery,99999,processed
17872,84784,damaged,-200,Pending
17873,99854,Damaged,99999,Pending
17874,8666,Late Delivery,99999,Processed
17875,50936,Wrong Item,0,Rejected
17876,50868,WRONG,3900,Processed
17877,37248,Late Delivery,-200,PENDING
17878,35377,Late Delivery,-200,Processed
17879,4439,WRONG,3077,Pending
17880,20567,Damaged,4185,processed
17881,73144,Damaged,0,PENDING
17882,82788,,0,PENDING
17883,55365,Damaged,4219,Processed
17884,36912,WRONG,2010,Processed
17885,26350,Late Delivery,99999,Processed
17886,85842,Late Delivery,0,Processed
17887,31011,,0,Rejected
17888,22922,Wrong Item,3732,Processed
17889,5967,Wrong Item,99999,Pending
17890,62716,Late Delivery,99999,Pending
17891,72963,Damaged,2697,Rejected
17892,32077,Late Delivery,746,Pending
17893,5872,damaged,492,processed
17894,38412,Damaged,524,Pending
17895,24675,Late Delivery,99999,Pending
17896,61007,damaged,99999,Processed
17897,92279,Late Delivery,0,Rejected
17898,20158,damaged,2588,PENDING
17899,19772,Late Delivery,1476,Rejected
17900,97024,Late Delivery,0,Rejected
17901,96095,,3071,Pending
17902,91151,,-200,Rejected
17903,47524,Late Delivery,3410,PENDING
17904,86690,Damaged,637,Pending
17905,88569,WRONG,4438,Rejected
17906,50520,WRONG,2765,Pending
17907,40854,Damaged,4671,Processed
17908,960,,3001,Pending
17909,83160,damaged,4451,processed
17910,68461,Wrong Item,-200,Rejected
17911,33947,damaged,3069,Rejected
17912,88407,Damaged,-200,Pending
17913,98098,Wrong Item,797,processed
17914,64045,Missing Item,3094,Processed
17915,27624,WRONG,473,Pending
17916,34574,Missing Item,845,Rejected
17917,84940,Missing Item,0,Processed
17918,36780,damaged,3224,Processed
17919,95021,,0,Pending
17920,78026,damaged,2567,PENDING
17921,708,WRONG,2635,Pending
17922,87784,Missing Item,1330,Rejected
17923,10608,Late Delivery,-200,PENDING
17924,40317,Missing Item,4872,Rejected
17925,32043,WRONG,99999,Rejected
17926,26469,Wrong Item,1332,processed
17927,63849,,0,PENDING
17928,18116,WRONG,4257,processed
17929,95287,WRONG,3049,processed
17930,35644,Damaged,-200,PENDING
17931,97757,damaged,493,PENDING
17932,61710,Wrong Item,0,processed
17933,58253,Missing Item,0,processed
17934,65548,Wrong Item,1080,Pending
17935,29067,Wrong Item,0,Pending
17936,50709,Late Delivery,0,PENDING
17937,64422,,838,PENDING
17938,64818,Missing Item,0,Processed
17939,75949,Missing Item,2888,Processed
17940,80227,Wrong Item,3352,PENDING
17941,11623,,3931,Pending
17942,81743,Missing Item,153,Rejected
17943,18012,Late Delivery,99999,PENDING
17944,32280,Missing Item,3997,Rejected
17945,64068,,134,Processed
17946,96660,WRONG,-200,Processed
17947,2196,,1245,Processed
17948,90229,Damaged,4521,Processed
17949,6496,WRONG,0,processed
17950,77007,Missing Item,-200,Pending
17951,70589,Damaged,2828,PENDING
17952,29269,WRONG,0,Rejected
17953,54949,Missing Item,644,Processed
17954,67977,WRONG,1469,Rejected
17955,51428,damaged,0,PENDING
17956,7521,Missing Item,99999,PENDING
17957,82559,Late Delivery,1890,Rejected
17958,53799,,0,Processed
17959,96646,Wrong Item,0,processed
17960,87305,Missing Item,-200,processed
17961,84119,Damaged,2634,processed
17962,66797,Damaged,980,PENDING
17963,39398,damaged,2123,processed
17964,25306,,234,Processed
17965,87558,Late Delivery,2486,Pending
17966,27337,Damaged,2205,Processed
17967,63727,,-200,Pending
17968,92311,Wrong Item,99999,Processed
17969,56612,Missing Item,-200,Pending
17970,9751,,2236,Pending
17971,87552,damaged,99999,Rejected
17972,12471,damaged,1229,processed
17973,46683,damaged,4808,Rejected
17974,55211,Wrong Item,4192,processed
17975,91464,damaged,1779,Rejected
17976,26529,WRONG,3367,Processed
17977,92745,damaged,3526,Processed
17978,69274,WRONG,396,Rejected
17979,56953,Late Delivery,1736,PENDING
17980,7511,Late Delivery,1527,Rejected
17981,26228,damaged,2073,processed
17982,18500,Damaged,-200,processed
17983,48481,damaged,0,PENDING
17984,63870,WRONG,610,Processed
17985,81575,damaged,4561,processed
17986,82317,Late Delivery,2152,Rejected
17987,75667,WRONG,99999,Rejected
17988,11526,Damaged,0,PENDING
17989,98685,Damaged,0,PENDING
17990,51145,WRONG,4053,Processed
17991,76519,Late Delivery,99999,Processed
17992,98419,Damaged,0,Processed
17993,31417,Late Delivery,2496,processed
17994,37189,WRONG,99999,PENDING
17995,70433,Missing Item,2695,Pending
17996,96886,Late Delivery,99999,Processed
17997,12986,WRONG,3437,Pending
17998,60782,,4017,PENDING
17999,36821,damaged,274,PENDING
18000,65519,,99999,Pending
18001,55739,Damaged,0,Rejected
18002,68850,Wrong Item,0,processed
18003,27413,,99999,Pending
18004,40090,damaged,99999,PENDING
18005,41679,Wrong Item,649,PENDING
18006,56425,Wrong Item,0,Processed
18007,82992,,-200,processed
18008,35528,damaged,3601,Rejected
18009,54013,Late Delivery,975,Rejected
18010,67967,Late Delivery,-200,processed
18011,91698,,0,Rejected
18012,63224,,714,Pending
18013,29042,,99999,Rejected
18014,59661,,836,Rejected
18015,86107,WRONG,4135,PENDING
18016,22338,damaged,3618,Rejected
18017,32215,WRONG,-200,PENDING
18018,95325,Late Delivery,99999,processed
18019,20853,Damaged,605,Pending
18020,10342,,99999,Pending
18021,31395,Damaged,0,Pending
18022,77539,Missing Item,3653,processed
18023,25447,Missing Item,929,Rejected
18024,72018,Damaged,467,Processed
18025,94947,WRONG,3877,Pending
18026,96038,Damaged,-200,Pending
18027,61299,Missing Item,667,Rejected
18028,76176,Wrong Item,-200,Rejected
18029,18192,damaged,2601,Pending
18030,33263,,-200,Processed
18031,38248,,0,processed
18032,17521,Missing Item,3624,Rejected
18033,5270,Late Delivery,0,Rejected
18034,22508,Damaged,99999,processed
18035,67,WRONG,2463,PENDING
18036,38064,Damaged,3263,Pending
18037,63489,Wrong Item,1789,PENDING
18038,2920,Wrong Item,4297,Processed
18039,2406,Late Delivery,272,Processed
18040,44626,Missing Item,99999,PENDING
18041,85615,damaged,-200,Pending
18042,30417,damaged,99999,Pending
18043,79,damaged,99999,Processed
18044,44869,Late Delivery,4643,Processed
18045,21742,Wrong Item,402,PENDING
18046,94085,,99999,PENDING
18047,62634,WRONG,99999,processed
18048,42066,Damaged,0,Processed
18049,5113,Missing Item,0,Pending
18050,12537,damaged,1200,PENDING
18051,21356,Late Delivery,99999,processed
18052,65953,WRONG,2803,Processed
18053,65514,Wrong Item,99999,Rejected
18054,25285,Damaged,4537,PENDING
18055,60700,Missing Item,4400,PENDING
18056,33586,damaged,-200,Pending
18057,18416,Damaged,1546,Processed
18058,29682,Damaged,99999,Pending
18059,2303,,99999,Pending
18060,83513,Damaged,99999,Pending
18061,43339,Wrong Item,206,Processed
18062,92554,Damaged,1585,Rejected
18063,20807,Wrong Item,895,PENDING
18064,3560,Missing Item,4016,processed
18065,50816,,1804,processed
18066,13726,Wrong Item,-200,Pending
18067,14314,Wrong Item,-200,Rejected
18068,86197,,524,processed
18069,96350,Damaged,99999,PENDING
18070,32846,WRONG,0,Processed
18071,57704,damaged,4361,processed
18072,3533,,2229,Processed
18073,16606,WRONG,429,Rejected
18074,96350,Late Delivery,99999,Processed
18075,40479,Late Delivery,2614,Processed
18076,92645,Missing Item,2516,processed
18077,46526,,0,PENDING
18078,74547,Wrong Item,0,Processed
18079,20417,damaged,99999,Processed
18080,78290,Wrong Item,-200,processed
18081,22368,,1972,Pending
18082,89677,Missing Item,1428,Processed
18083,48271,damaged,3948,processed
18084,95238,,-200,Rejected
18085,95977,Late Delivery,1421,Processed
18086,50658,Damaged,1879,Pending
18087,65301,WRONG,99999,Pending
18088,65679,WRONG,2738,PENDING
18089,20274,Late Delivery,1336,Processed
18090,48279,damaged,99999,Pending
18091,94844,Damaged,516,processed
18092,77779,Missing Item,-200,Pending
18093,63528,Damaged,-200,Rejected
18094,34962,damaged,3382,Processed
18095,23087,Damaged,2857,Processed
18096,20560,Late Delivery,218,Rejected
18097,65287,Missing Item,-200,Pending
18098,28172,,3055,processed
18099,14455,Damaged,812,processed
18100,55532,damaged,-200,processed
18101,9325,Damaged,3360,PENDING
18102,13760,damaged,-200,PENDING
18103,55260,Late Delivery,2957,PENDING
18104,77448,,4123,PENDING
18105,17267,Wrong Item,0,PENDING
18106,51567,,99999,Rejected
18107,28188,Damaged,4532,Rejected
18108,39920,damaged,4829,Processed
18109,8889,Missing Item,99999,Pending
18110,40624,WRONG,473,Processed
18111,99879,Damaged,3899,Pending
18112,5051,damaged,1790,processed
18113,70537,Wrong Item,0,PENDING
18114,36596,Missing Item,513,processed
18115,37100,Missing Item,-200,Rejected
18116,67036,Damaged,2792,Rejected
18117,67633,Damaged,-200,PENDING
18118,23641,Missing Item,2645,Rejected
18119,97453,damaged,99999,processed
18120,46235,,-200,Rejected
18121,58777,Late Delivery,0,Rejected
18122,32935,Missing Item,99999,processed
18123,35776,Wrong Item,3826,Rejected
18124,28239,Missing Item,0,processed
18125,97079,Damaged,4179,processed
18126,86797,Late Delivery,1808,Processed
18127,26217,Missing Item,2870,Rejected
18128,66645,,286,PENDING
18129,88517,Missing Item,99999,processed
18130,45985,damaged,2890,Processed
18131,52977,Missing Item,3211,Processed
18132,2758,Missing Item,1650,Pending
18133,49962,Damaged,3055,Processed
18134,65498,Damaged,4184,PENDING
18135,67913,Late Delivery,-200,Pending
18136,28156,,3939,PENDING
18137,47978,Missing Item,3768,Processed
18138,58823,Damaged,-200,Processed
18139,7412,WRONG,4979,Pending
18140,53398,Late Delivery,2665,Processed
18141,5564,damaged,949,processed
18142,94778,WRONG,-200,Pending
18143,5788,Missing Item,2678,PENDING
18144,42237,damaged,0,Processed
18145,22178,Late Delivery,1617,Processed
18146,39191,Wrong Item,3830,processed
18147,6,Late Delivery,0,processed
18148,95385,,99999,processed
18149,3612,Late Delivery,800,Rejected
18150,65949,Missing Item,99999,Rejected
18151,62978,Wrong Item,-200,Pending
18152,18411,Wrong Item,99999,Rejected
18153,38286,,4811,PENDING
18154,94589,Wrong Item,3024,Pending
18155,59413,WRONG,4478,processed
18156,47713,damaged,0,Pending
18157,20193,Damaged,0,Rejected
18158,88693,Missing Item,99999,processed
18159,13164,Missing Item,2349,Rejected
18160,8146,Missing Item,99999,Pending
18161,38993,Wrong Item,-200,Pending
18162,23748,,0,processed
18163,79235,Wrong Item,99999,Rejected
18164,1181,Late Delivery,3082,Pending
18165,3882,Late Delivery,1784,PENDING
18166,79468,Late Delivery,99999,Pending
18167,98560,damaged,1634,Pending
18168,34369,,99999,Pending
18169,1477,damaged,0,Processed
18170,2429,damaged,99999,Processed
18171,92297,Wrong Item,99999,Processed
18172,83854,Damaged,1284,Pending
18173,88693,Missing Item,99999,Processed
18174,98529,Missing Item,1749,PENDING
18175,42456,Late Delivery,3120,PENDING
18176,35895,Damaged,4741,Pending
18177,1571,Damaged,0,Rejected
18178,16003,,4819,Pending
18179,58828,Late Delivery,264,Pending
18180,71696,Late Delivery,-200,Processed
18181,80523,damaged,-200,PENDING
18182,41904,damaged,2899,processed
18183,18998,Wrong Item,590,processed
18184,18624,Late Delivery,0,Rejected
18185,28542,WRONG,1857,Rejected
18186,59644,Damaged,0,processed
18187,26213,Late Delivery,99999,Rejected
18188,44966,WRONG,1867,Pending
18189,97564,,99999,PENDING
18190,60765,Late Delivery,-200,Processed
18191,74282,,-200,Pending
18192,73029,Missing Item,511,Rejected
18193,61859,Damaged,3645,processed
18194,96277,,1887,Rejected
18195,64151,Late Delivery,1515,PENDING
18196,57418,WRONG,99999,Rejected
18197,90181,Wrong Item,4582,PENDING
18198,13067,Wrong Item,99999,processed
18199,9692,damaged,283,Rejected
18200,45629,damaged,99999,PENDING
18201,60848,damaged,3135,Rejected
18202,31719,Damaged,3668,Pending
18203,79844,Missing Item,99999,Processed
18204,90260,damaged,99999,processed
18205,71868,Late Delivery,2768,PENDING
18206,73792,Late Delivery,2031,Pending
18207,99712,Late Delivery,1118,PENDING
18208,95039,Wrong Item,-200,Rejected
18209,54205,Damaged,-200,Pending
18210,18114,WRONG,3408,PENDING
18211,1787,Late Delivery,0,PENDING
18212,47006,Late Delivery,414,Pending
18213,56085,Wrong Item,2213,Pending
18214,28168,Damaged,2469,processed
18215,14054,Late Delivery,4631,PENDING
18216,60496,,0,Rejected
18217,14054,,558,Rejected
18218,58366,,2982,Processed
18219,15557,damaged,4431,Pending
18220,22810,,121,Pending
18221,4103,,-200,Pending
18222,5040,WRONG,0,Processed
18223,26322,Wrong Item,0,Rejected
18224,7484,Missing Item,3988,Processed
18225,42018,Damaged,-200,PENDING
18226,11780,damaged,99999,processed
18227,74591,damaged,0,Pending
18228,86741,,4657,Processed
18229,61964,damaged,99999,Processed
18230,74120,Missing Item,99999,PENDING
18231,40870,Wrong Item,1786,Processed
18232,81646,Late Delivery,1642,Pending
18233,29734,Wrong Item,99999,processed
18234,76744,Wrong Item,3149,processed
18235,43178,,3113,Rejected
18236,81280,Late Delivery,-200,PENDING
18237,32962,,4408,Pending
18238,64573,WRONG,99999,Pending
18239,34974,Damaged,99999,Pending
18240,83369,Wrong Item,2903,PENDING
18241,10954,Missing Item,1594,PENDING
18242,75088,damaged,550,processed
18243,18760,Missing Item,99999,Pending
18244,45947,Missing Item,4458,Pending
18245,56847,Wrong Item,979,Pending
18246,33179,Wrong Item,99999,Rejected
18247,90060,WRONG,3456,Processed
18248,77984,Damaged,-200,Rejected
18249,91504,Wrong Item,1616,PENDING
18250,46789,WRONG,99999,processed
18251,21710,WRONG,2452,Rejected
18252,59526,Damaged,4046,PENDING
18253,87728,WRONG,-200,Processed
18254,37946,Missing Item,99999,Pending
18255,67242,Damaged,0,PENDING
18256,83310,WRONG,1898,Processed
18257,88840,,99999,Pending
18258,47747,WRONG,-200,Pending
18259,58235,Wrong Item,2000,Pending
18260,48172,,99999,Rejected
18261,31468,WRONG,3806,processed
18262,52879,,99999,Pending
18263,56838,Wrong Item,2734,PENDING
18264,70642,WRONG,697,processed
18265,94822,damaged,3365,Rejected
18266,96353,damaged,-200,Rejected
18267,17711,,99999,Pending
18268,35042,WRONG,0,processed
18269,11355,Missing Item,-200,PENDING
18270,15203,Missing Item,99999,Processed
18271,85077,damaged,2568,PENDING
18272,3789,damaged,-200,processed
18273,2568,Wrong Item,0,Processed
18274,47401,,-200,Processed
18275,64747,Wrong Item,99999,Processed
18276,48563,WRONG,3853,Processed
18277,35844,WRONG,4816,PENDING
18278,74121,Damaged,99999,Rejected
18279,13880,WRONG,-200,processed
18280,56051,Late Delivery,524,Pending
18281,99872,Late Delivery,0,Rejected
18282,84406,WRONG,99999,Processed
18283,2998,,1772,Rejected
18284,35992,Missing Item,2246,processed
18285,68840,Damaged,-200,Rejected
18286,8281,damaged,1553,Pending
18287,90201,Missing Item,99999,Processed
18288,37094,,3534,processed
18289,67859,Damaged,1094,Processed
18290,79280,Late Delivery,99999,PENDING
18291,90142,Damaged,99999,Rejected
18292,16841,Wrong Item,3796,Pending
18293,96325,damaged,4224,Processed
18294,32452,Wrong Item,1985,Rejected
18295,65777,Wrong Item,-200,Rejected
18296,87171,,99999,Rejected
18297,21282,WRONG,99999,Pending
18298,99150,Wrong Item,0,Pending
18299,41614,Missing Item,1205,processed
18300,11535,Damaged,4792,Rejected
18301,6284,damaged,99999,PENDING
18302,70636,,1909,Rejected
18303,24741,Late Delivery,1420,Processed
18304,18432,Missing Item,4179,processed
18305,3203,Damaged,2768,Rejected
18306,72358,Late Delivery,4199,Processed
18307,95900,Damaged,99999,PENDING
18308,3643,Damaged,-200,Rejected
18309,15628,,1172,processed
18310,73051,,99999,Pending
18311,76889,Late Delivery,295,processed
18312,19006,Wrong Item,0,PENDING
18313,28004,Damaged,-200,PENDING
18314,96039,Damaged,1703,Processed
18315,94744,Missing Item,99999,Rejected
18316,39287,Late Delivery,-200,processed
18317,10067,damaged,99999,Processed
18318,80524,Late Delivery,594,Processed
18319,90065,Missing Item,-200,Pending
18320,46431,Late Delivery,4702,Rejected
18321,19723,Missing Item,1578,PENDING
18322,46796,Missing Item,843,Processed
18323,79365,Damaged,4687,Processed
18324,14622,,2413,Rejected
18325,12870,damaged,4887,PENDING
18326,94512,Missing Item,1728,PENDING
18327,41725,Missing Item,99999,PENDING
18328,9818,Late Delivery,3752,Pending
18329,27336,Late Delivery,4134,PENDING
18330,52322,,3790,Pending
18331,66276,damaged,-200,PENDING
18332,30343,Late Delivery,4051,processed
18333,21712,WRONG,4072,PENDING
18334,11945,Wrong Item,0,processed
18335,51509,WRONG,0,Rejected
18336,85364,,0,PENDING
18337,80977,WRONG,0,Processed
18338,68025,WRONG,3120,processed
18339,11279,Wrong Item,0,Processed
18340,2361,WRONG,179,Rejected
18341,68501,,99999,Processed
18342,92496,Missing Item,99999,PENDING
18343,90025,Missing Item,99999,processed
18344,21572,damaged,3490,Rejected
18345,72921,Damaged,1088,processed
18346,73051,Late Delivery,328,Processed
18347,27946,Damaged,-200,Rejected
18348,54794,Late Delivery,99999,Pending
18349,82638,Wrong Item,1248,Rejected
18350,34991,WRONG,99999,Pending
18351,38738,Missing Item,-200,Processed
18352,77788,Late Delivery,854,Pending
18353,23573,WRONG,0,Processed
18354,16474,WRONG,776,PENDING
18355,34393,Late Delivery,553,Processed
18356,34778,Damaged,-200,Processed
18357,10533,Late Delivery,3598,PENDING
18358,41820,Wrong Item,0,PENDING
18359,83109,Damaged,3766,Rejected
18360,61193,Late Delivery,99999,Rejected
18361,78522,WRONG,-200,PENDING
18362,55996,Missing Item,4674,Pending
18363,45245,damaged,0,processed
18364,86383,Wrong Item,0,Rejected
18365,8311,,3646,Pending
18366,86173,damaged,99999,Pending
18367,17284,Damaged,2346,Rejected
18368,98815,Wrong Item,99999,Processed
18369,3671,Wrong Item,4948,PENDING
18370,10816,damaged,2127,Rejected
18371,72097,Missing Item,2774,Pending
18372,43733,damaged,0,processed
18373,9298,,472,Pending
18374,38163,damaged,4575,Rejected
18375,17359,Damaged,0,Rejected
18376,17782,Damaged,2126,Processed
18377,4641,Damaged,99999,Rejected
18378,57377,Missing Item,-200,PENDING
18379,96187,,1484,PENDING
18380,50910,,-200,PENDING
18381,73173,Wrong Item,-200,processed
18382,77277,,0,Rejected
18383,1289,damaged,0,Processed
18384,17480,Damaged,99999,processed
18385,69515,WRONG,-200,PENDING
18386,70818,damaged,4143,PENDING
18387,55025,,-200,PENDING
18388,61097,Wrong Item,-200,Rejected
18389,13083,Late Delivery,211,Rejected
18390,8413,WRONG,0,Pending
18391,70027,,0,Rejected
18392,33014,Damaged,0,Processed
18393,29309,Late Delivery,4125,Pending
18394,29512,,-200,Pending
18395,21365,Wrong Item,1189,Pending
18396,874,,0,Pending
18397,8465,Damaged,4764,PENDING
18398,60908,Wrong Item,4708,Rejected
18399,549,Missing Item,2586,Processed
18400,52669,Damaged,99999,PENDING
18401,91503,,2988,Rejected
18402,65307,WRONG,4822,processed
18403,7305,damaged,0,Pending
18404,60232,Missing Item,99999,Pending
18405,2310,,2731,processed
18406,2672,Wrong Item,618,Rejected
18407,80502,damaged,0,processed
18408,91869,Late Delivery,99999,Rejected
18409,24068,Wrong Item,960,Rejected
18410,43186,Missing Item,4033,PENDING
18411,5847,Wrong Item,3153,PENDING
18412,60721,Wrong Item,738,processed
18413,13448,Late Delivery,-200,Pending
18414,26608,Damaged,99999,PENDING
18415,27468,,3206,PENDING
18416,36593,Damaged,0,processed
18417,71988,damaged,2067,PENDING
18418,96593,Missing Item,99999,Rejected
18419,86334,WRONG,-200,processed
18420,19375,Damaged,0,Rejected
18421,38422,Wrong Item,-200,PENDING
18422,23307,,3626,Rejected
18423,14489,,99999,Processed
18424,82472,WRONG,0,Processed
18425,8173,,2668,Rejected
18426,36729,Wrong Item,3675,PENDING
18427,26762,Missing Item,99999,Pending
18428,86064,Wrong Item,0,Processed
18429,34338,Missing Item,4655,Processed
18430,77118,Missing Item,0,PENDING
18431,17101,Missing Item,560,Processed
18432,11103,Damaged,4757,Rejected
18433,43242,WRONG,1033,PENDING
18434,59370,Damaged,669,Processed
18435,80293,Missing Item,858,Processed
18436,11200,WRONG,1398,Pending
18437,66778,Missing Item,-200,Processed
18438,74614,damaged,1475,Processed
18439,90061,Wrong Item,0,Processed
18440,7868,Wrong Item,-200,PENDING
18441,59408,WRONG,99999,Processed
18442,73013,Wrong Item,99999,processed
18443,22903,Wrong Item,1978,Pending
18444,15573,,0,processed
18445,91134,WRONG,2833,PENDING
18446,65380,Wrong Item,0,Rejected
18447,57408,Late Delivery,0,Rejected
18448,27754,Late Delivery,-200,Pending
18449,30617,,99999,Rejected
18450,72147,Late Delivery,-200,PENDING
18451,92790,Damaged,-200,Processed
18452,5772,Damaged,509,processed
18453,47225,,-200,Processed
18454,53741,Wrong Item,1950,Processed
18455,21005,,2749,processed
18456,7702,Wrong Item,2497,Rejected
18457,89311,Wrong Item,1070,Processed
18458,75856,Late Delivery,99999,processed
18459,86851,Wrong Item,202,Pending
18460,15630,damaged,0,Rejected
18461,12254,Late Delivery,-200,Processed
18462,65409,Missing Item,1748,processed
18463,48119,Damaged,4647,Pending
18464,66958,Wrong Item,2065,PENDING
18465,43761,Missing Item,2241,Pending
18466,81697,Wrong Item,-200,Pending
18467,86452,,0,PENDING
18468,24833,damaged,-200,Processed
18469,23240,damaged,1469,Processed
18470,23095,Late Delivery,0,PENDING
18471,61745,Damaged,-200,Pending
18472,70376,WRONG,379,Processed
18473,21929,Late Delivery,500,Pending
18474,38730,Late Delivery,3137,processed
18475,69525,Wrong Item,99999,Rejected
18476,85461,,99999,Pending
18477,65607,Wrong Item,0,Pending
18478,23726,Late Delivery,3222,Rejected
18479,42192,WRONG,-200,Pending
18480,38869,,3540,Rejected
18481,72742,Missing Item,-200,Rejected
18482,31267,,-200,Processed
18483,13189,damaged,2154,Pending
18484,24604,Damaged,3193,Pending
18485,93509,Damaged,1424,Rejected
18486,76844,Damaged,-200,Processed
18487,11602,Late Delivery,933,Processed
18488,54035,Damaged,4612,processed
18489,33092,Damaged,0,Rejected
18490,55567,Missing Item,0,processed
18491,31213,WRONG,0,Rejected
18492,66729,damaged,-200,Rejected
18493,47340,Late Delivery,3455,PENDING
18494,95862,,3865,Pending
18495,20738,Late Delivery,3175,Rejected
18496,85323,WRONG,-200,processed
18497,97759,damaged,99999,Rejected
18498,33252,Missing Item,0,processed
18499,27719,Damaged,4588,Processed
18500,26372,Late Delivery,0,Pending
18501,18487,damaged,0,Processed
18502,21470,,99999,PENDING
18503,45061,Damaged,3294,Pending
18504,76913,Damaged,99999,PENDING
18505,16577,,3562,Processed
18506,86680,Wrong Item,1269,Pending
18507,90265,Late Delivery,99999,Processed
18508,57673,,4994,processed
18509,97405,damaged,0,Pending
18510,74392,,0,Pending
18511,61426,,99999,PENDING
18512,47879,,1790,processed
18513,1395,Missing Item,3230,PENDING
18514,95660,Late Delivery,4365,Processed
18515,67132,Missing Item,99999,Pending
18516,78315,WRONG,-200,processed
18517,1781,Missing Item,1656,processed
18518,62068,Damaged,99999,Rejected
18519,53024,Damaged,855,Processed
18520,68405,Late Delivery,99999,Rejected
18521,4770,damaged,0,Processed
18522,62758,Late Delivery,0,processed
18523,61174,Missing Item,667,Pending
18524,6341,Damaged,0,Pending
18525,80178,,-200,PENDING
18526,13063,damaged,302,PENDING
18527,83929,Late Delivery,-200,PENDING
18528,72000,Missing Item,0,Pending
18529,59371,Late Delivery,2820,PENDING
18530,28792,Wrong Item,99999,Processed
18531,23409,Late Delivery,3816,Rejected
18532,2573,Late Delivery,-200,PENDING
18533,49268,Wrong Item,99999,Processed
18534,63389,WRONG,99999,PENDING
18535,73788,,1178,processed
18536,35560,,-200,processed
18537,52438,Missing Item,686,Rejected
18538,4973,damaged,2490,PENDING
18539,43816,Damaged,4588,PENDING
18540,1459,Damaged,99999,Pending
18541,75240,WRONG,99999,PENDING
18542,90361,Damaged,-200,Pending
18543,90738,Damaged,99999,Pending
18544,18918,Wrong Item,890,PENDING
18545,25468,WRONG,2972,Pending
18546,15223,damaged,-200,Pending
18547,91268,Damaged,2839,Rejected
18548,53799,,1588,processed
18549,25002,,99999,Pending
18550,68566,Missing Item,0,Pending
18551,19064,WRONG,133,Pending
18552,16788,Damaged,1435,Pending
18553,75812,damaged,3275,PENDING
18554,99110,Late Delivery,99999,PENDING
18555,59451,Wrong Item,-200,Pending
18556,76036,,99999,Pending
18557,76523,Late Delivery,3724,Pending
18558,88476,Late Delivery,0,Processed
18559,34859,Damaged,4958,Processed
18560,42376,WRONG,-200,processed
18561,41947,damaged,444,Rejected
18562,52599,Late Delivery,4651,Rejected
18563,15441,WRONG,342,Rejected
18564,40267,damaged,1755,Pending
18565,37985,Missing Item,3355,Processed
18566,27353,Missing Item,4061,Pending
18567,84901,Late Delivery,99999,Pending
18568,20639,damaged,-200,Rejected
18569,52524,Late Delivery,99999,Processed
18570,65098,Wrong Item,0,Pending
18571,31428,damaged,1493,Rejected
18572,53121,Missing Item,4777,Processed
18573,41376,,0,Processed
18574,56212,damaged,-200,Rejected
18575,18141,Late Delivery,3101,Processed
18576,24820,Wrong Item,1232,Processed
18577,80104,WRONG,2951,Processed
18578,35567,Late Delivery,99999,Rejected
18579,44059,Wrong Item,-200,Processed
18580,23800,Damaged,231,processed
18581,12389,Missing Item,-200,Rejected
18582,43462,damaged,2513,processed
18583,82483,,3044,Processed
18584,34965,WRONG,-200,Pending
18585,65792,,99999,Pending
18586,18680,Late Delivery,2424,Pending
18587,39469,Wrong Item,4922,Pending
18588,66767,WRONG,0,Processed
18589,32278,Missing Item,0,PENDING
18590,62421,Missing Item,-200,Rejected
18591,41977,damaged,400,Rejected
18592,18060,Late Delivery,1709,PENDING
18593,33661,WRONG,99999,PENDING
18594,83272,WRONG,1892,PENDING
18595,60223,damaged,-200,Rejected
18596,4335,damaged,2447,PENDING
18597,9963,Late Delivery,1206,Rejected
18598,6742,Wrong Item,0,Processed
18599,59415,Damaged,0,Rejected
18600,10698,Missing Item,0,processed
18601,7337,Late Delivery,99999,Rejected
18602,44055,damaged,0,Processed
18603,26378,WRONG,2377,Rejected
18604,35233,Missing Item,0,Rejected
18605,14887,,99999,PENDING
18606,87882,damaged,-200,Rejected
18607,87783,Damaged,1235,Processed
18608,2136,Wrong Item,0,Rejected
18609,32652,WRONG,4078,Processed
18610,28349,,0,Rejected
18611,66407,WRONG,3220,Rejected
18612,55508,Wrong Item,4471,Processed
18613,68101,Late Delivery,-200,processed
18614,49633,Missing Item,-200,Rejected
18615,98015,WRONG,99999,PENDING
18616,5444,WRONG,99999,Rejected
18617,26029,Missing Item,0,Rejected
18618,42727,Late Delivery,2980,Pending
18619,60489,Missing Item,-200,PENDING
18620,97983,Wrong Item,99999,processed
18621,47931,damaged,4290,Pending
18622,37504,Late Delivery,3579,Processed
18623,49595,,419,PENDING
18624,25711,damaged,968,Pending
18625,49224,Late Delivery,0,Pending
18626,76996,Missing Item,2754,Rejected
18627,55326,,1794,processed
18628,43517,,3679,Pending
18629,1881,Damaged,0,Rejected
18630,46736,WRONG,3032,PENDING
18631,72601,Late Delivery,4189,Rejected
18632,62700,Missing Item,1322,Pending
18633,13484,Missing Item,3817,processed
18634,75496,,4430,Pending
18635,57952,Wrong Item,3007,processed
18636,45097,Late Delivery,-200,Pending
18637,98344,Late Delivery,0,PENDING
18638,59525,Wrong Item,-200,PENDING
18639,45485,damaged,3713,processed
18640,47647,Late Delivery,99999,PENDING
18641,9110,,99999,Rejected
18642,84816,WRONG,0,PENDING
18643,65090,Late Delivery,-200,PENDING
18644,44274,WRONG,4574,Rejected
18645,75240,Damaged,0,PENDING
18646,83222,Wrong Item,0,Rejected
18647,33012,,513,processed
18648,81025,Late Delivery,0,processed
18649,38077,Late Delivery,0,Processed
18650,71828,WRONG,2570,PENDING
18651,60307,WRONG,2199,Rejected
18652,10956,Wrong Item,2044,PENDING
18653,25370,Late Delivery,1318,processed
18654,38939,damaged,269,processed
18655,37952,Missing Item,136,Processed
18656,56616,Damaged,-200,Processed
18657,81414,Late Delivery,-200,Pending
18658,96655,damaged,3603,processed
18659,72146,Damaged,99999,processed
18660,12371,Missing Item,-200,Pending
18661,43028,,304,Pending
18662,9523,Missing Item,2698,Pending
18663,63223,,-200,processed
18664,49640,Missing Item,-200,Processed
18665,21641,WRONG,2000,Pending
18666,13720,,1901,Pending
18667,29496,Late Delivery,99999,PENDING
18668,46106,Damaged,3264,Pending
18669,74519,Late Delivery,1445,Processed
18670,42707,Damaged,-200,Processed
18671,41620,,1513,Processed
18672,69511,damaged,873,Processed
18673,37660,Damaged,99999,processed
18674,603,Late Delivery,0,Rejected
18675,59677,WRONG,3131,processed
18676,84377,Damaged,4338,Pending
18677,27378,,478,processed
18678,16746,Missing Item,99999,Rejected
18679,66162,,3141,Rejected
18680,77344,Wrong Item,1539,Processed
18681,6936,Missing Item,4691,Rejected
18682,51376,Missing Item,2065,Pending
18683,72507,,-200,PENDING
18684,89028,,99999,Pending
18685,48424,damaged,99999,Pending
18686,93649,Wrong Item,99999,Rejected
18687,70069,damaged,4009,PENDING
18688,55379,Missing Item,99999,PENDING
18689,37348,Late Delivery,4882,Pending
18690,44946,Missing Item,0,Pending
18691,72681,Missing Item,99999,Processed
18692,68992,damaged,-200,Pending
18693,39282,WRONG,99999,Processed
18694,78211,Wrong Item,-200,Rejected
18695,66389,Wrong Item,99999,Rejected
18696,71139,WRONG,-200,PENDING
18697,41794,Damaged,-200,Pending
18698,76172,Damaged,2591,processed
18699,32588,damaged,-200,PENDING
18700,44467,Damaged,1349,Pending
18701,83316,Wrong Item,4668,Rejected
18702,18199,Missing Item,1839,Rejected
18703,46373,Late Delivery,-200,Rejected
18704,83364,Late Delivery,0,Processed
18705,66955,,99999,PENDING
18706,97713,Damaged,99999,Pending
18707,91587,Wrong Item,1775,Pending
18708,73617,Missing Item,0,Rejected
18709,78793,damaged,99999,Rejected
18710,11079,Damaged,1237,Processed
18711,12541,,1048,Processed
18712,6805,damaged,3998,Processed
18713,56798,Wrong Item,4793,Pending
18714,49605,WRONG,0,Processed
18715,14680,Late Delivery,316,Pending
18716,49965,,-200,Processed
18717,59988,Missing Item,483,PENDING
18718,48268,,3056,Pending
18719,17491,,0,Processed
18720,2529,Missing Item,99999,PENDING
18721,90115,Missing Item,4754,Rejected
18722,96898,Late Delivery,3846,Rejected
18723,96094,Late Delivery,1801,Pending
18724,13491,WRONG,-200,Processed
18725,23619,WRONG,668,Rejected
18726,7119,Late Delivery,0,Pending
18727,51748,Damaged,0,processed
18728,16598,Wrong Item,0,Processed
18729,97725,Damaged,-200,Pending
18730,87294,damaged,99999,Processed
18731,28387,Missing Item,0,PENDING
18732,10946,Wrong Item,-200,processed
18733,64161,Missing Item,0,processed
18734,33464,,3264,Processed
18735,97189,,2918,processed
18736,53441,Late Delivery,0,processed
18737,91681,Wrong Item,99999,processed
18738,75208,Wrong Item,258,PENDING
18739,71815,WRONG,99999,PENDING
18740,57811,WRONG,-200,Rejected
18741,77021,WRONG,1092,PENDING
18742,59860,Damaged,-200,Processed
18743,12913,Wrong Item,423,processed
18744,54312,Late Delivery,4496,processed
18745,33664,Missing Item,99999,Processed
18746,23592,Damaged,3972,PENDING
18747,39564,Wrong Item,833,Processed
18748,45580,damaged,-200,Processed
18749,76971,Missing Item,1257,PENDING
18750,17629,,457,Processed
18751,50594,Missing Item,4619,Rejected
18752,13864,WRONG,1067,Processed
18753,42344,Late Delivery,99999,processed
18754,61493,Late Delivery,424,processed
18755,77719,Missing Item,2602,Processed
18756,17358,Wrong Item,1220,Pending
18757,42871,Missing Item,0,processed
18758,85215,,-200,Rejected
18759,9160,damaged,1556,processed
18760,54106,WRONG,3369,Pending
18761,17028,WRONG,99999,processed
18762,49826,Wrong Item,410,Pending
18763,57151,damaged,172,Processed
18764,90573,damaged,-200,Rejected
18765,32495,WRONG,-200,Processed
18766,99167,Late Delivery,1026,Pending
18767,75460,WRONG,0,Rejected
18768,61608,Late Delivery,0,PENDING
18769,95857,Damaged,3233,processed
18770,66227,Wrong Item,-200,processed
18771,69018,WRONG,761,PENDING
18772,29295,WRONG,-200,Pending
18773,49593,damaged,2170,Processed
18774,60620,Damaged,2088,Processed
18775,48161,Missing Item,0,Rejected
18776,24989,,99999,processed
18777,66399,damaged,4034,PENDING
18778,16683,damaged,4137,Processed
18779,37229,,-200,Rejected
18780,17004,Late Delivery,2662,Processed
18781,72002,WRONG,4358,processed
18782,44169,damaged,4130,PENDING
18783,36894,Wrong Item,4481,Pending
18784,7468,damaged,3806,PENDING
18785,85366,WRONG,-200,Processed
18786,56689,Wrong Item,2346,Pending
18787,41334,Damaged,99999,Pending
18788,74288,Late Delivery,0,PENDING
18789,47347,Damaged,2659,Processed
18790,63015,WRONG,0,PENDING
18791,2283,Wrong Item,4597,Processed
18792,76805,Missing Item,99999,Processed
18793,51220,Missing Item,-200,PENDING
18794,48621,Damaged,4401,PENDING
18795,53347,,3566,PENDING
18796,34911,Damaged,-200,Processed
18797,78918,Damaged,0,Pending
18798,52939,WRONG,0,processed
18799,78407,Missing Item,99999,Rejected
18800,6021,damaged,1313,processed
18801,66617,Missing Item,0,Rejected
18802,44996,,783,Rejected
18803,19560,Missing Item,1902,Pending
18804,19041,damaged,4996,Rejected
18805,77320,damaged,0,Pending
18806,38376,Missing Item,99999,Pending
18807,60552,Missing Item,-200,processed
18808,2882,WRONG,3601,PENDING
18809,31125,Damaged,1080,Pending
18810,40123,Wrong Item,467,PENDING
18811,4459,Late Delivery,4682,Pending
18812,51703,,2944,Pending
18813,38217,Missing Item,4524,Processed
18814,66731,Wrong Item,2208,Pending
18815,74170,Damaged,223,processed
18816,17586,WRONG,3756,Pending
18817,49333,Wrong Item,828,Rejected
18818,58981,Damaged,2302,Pending
18819,7518,Wrong Item,3471,Pending
18820,95218,Late Delivery,99999,Processed
18821,13037,Late Delivery,99999,processed
18822,47043,Missing Item,2529,Processed
18823,6012,Missing Item,3583,Pending
18824,48826,Missing Item,-200,Rejected
18825,21091,Missing Item,2596,processed
18826,43644,damaged,4800,PENDING
18827,90790,Damaged,0,PENDING
18828,58806,damaged,2872,Rejected
18829,15743,Missing Item,3097,PENDING
18830,27313,,-200,Rejected
18831,92294,Wrong Item,1194,Processed
18832,71453,Damaged,3227,Processed
18833,70047,,893,Rejected
18834,26162,Wrong Item,0,PENDING
18835,92149,Wrong Item,4937,Processed
18836,69183,damaged,4429,Pending
18837,39933,Damaged,1361,Pending
18838,42367,Wrong Item,861,PENDING
18839,72850,,4566,processed
18840,91248,WRONG,2330,Rejected
18841,88287,WRONG,277,Rejected
18842,56029,,2876,Pending
18843,96084,Damaged,0,processed
18844,8698,Damaged,99999,PENDING
18845,82315,damaged,-200,Processed
18846,19069,Missing Item,1740,PENDING
18847,77376,,0,Rejected
18848,70090,,3335,Pending
18849,42635,,1761,PENDING
18850,25057,Late Delivery,1798,Pending
18851,78846,Missing Item,-200,Processed
18852,71031,Late Delivery,2519,processed
18853,82970,Damaged,3375,PENDING
18854,86380,damaged,0,Processed
18855,4822,Late Delivery,99999,PENDING
18856,66993,damaged,592,Rejected
18857,78315,Wrong Item,1795,Processed
18858,67774,,4122,Processed
18859,56312,damaged,-200,PENDING
18860,69530,damaged,3907,processed
18861,86238,WRONG,4216,Rejected
18862,94882,WRONG,-200,PENDING
18863,38826,,636,Processed
18864,43971,Damaged,0,Rejected
18865,99640,Missing Item,919,processed
18866,34057,Missing Item,179,Processed
18867,84264,Late Delivery,0,PENDING
18868,80728,,2919,processed
18869,44172,Missing Item,99999,PENDING
18870,20074,WRONG,99999,Pending
18871,59343,Damaged,-200,PENDING
18872,28228,damaged,2065,Processed
18873,20632,Wrong Item,3904,PENDING
18874,92688,Missing Item,1968,Processed
18875,15837,Wrong Item,0,PENDING
18876,65984,,99999,Rejected
18877,69489,Damaged,-200,Processed
18878,65990,Late Delivery,775,processed
18879,70742,Late Delivery,2818,Rejected
18880,75558,,-200,Processed
18881,22400,Damaged,2104,Pending
18882,88351,Wrong Item,99999,Pending
18883,70551,,-200,Rejected
18884,61620,damaged,-200,Processed
18885,97164,WRONG,4978,Processed
18886,63922,,4606,Pending
18887,32921,damaged,-200,processed
18888,76186,Missing Item,1390,PENDING
18889,58485,Missing Item,0,Pending
18890,16485,Wrong Item,99999,PENDING
18891,10422,Late Delivery,99999,PENDING
18892,86343,Damaged,0,Pending
18893,60164,damaged,1235,PENDING
18894,16771,Missing Item,4378,processed
18895,25858,Missing Item,0,Pending
18896,9065,Wrong Item,4988,Rejected
18897,80597,,0,Rejected
18898,47230,damaged,3769,Pending
18899,81694,,-200,Rejected
18900,57373,Damaged,99999,Rejected
18901,6952,Wrong Item,1160,processed
18902,78384,WRONG,3355,PENDING
18903,40884,Late Delivery,2720,Rejected
18904,11139,Damaged,1392,Processed
18905,15850,Wrong Item,1411,Rejected
18906,28868,Damaged,568,Processed
18907,52701,damaged,-200,processed
18908,95083,Wrong Item,99999,processed
18909,97154,Missing Item,-200,Pending
18910,41455,WRONG,99999,Rejected
18911,78352,Damaged,0,processed
18912,8840,damaged,-200,processed
18913,82944,,-200,processed
18914,42018,,2492,PENDING
18915,84953,Wrong Item,0,Rejected
18916,61969,damaged,2487,Pending
18917,77076,Wrong Item,4884,processed
18918,8905,Damaged,0,Pending
18919,83179,,-200,Processed
18920,93944,,-200,Rejected
18921,75614,Late Delivery,5000,PENDING
18922,66940,WRONG,366,Processed
18923,20236,,99999,PENDING
18924,90222,damaged,2938,Rejected
18925,62877,,4941,PENDING
18926,13023,Missing Item,-200,Processed
18927,23830,Wrong Item,3727,PENDING
18928,4481,Late Delivery,0,Rejected
18929,1183,,0,Processed
18930,28349,Wrong Item,99999,Pending
18931,6506,Missing Item,99999,processed
18932,79062,Damaged,1405,Rejected
18933,31432,WRONG,99999,Pending
18934,1641,WRONG,99999,Pending
18935,14072,damaged,0,PENDING
18936,50458,damaged,99999,Pending
18937,40768,Wrong Item,4808,PENDING
18938,18052,WRONG,2002,Rejected
18939,10812,WRONG,0,Pending
18940,44354,WRONG,99999,Processed
18941,39386,damaged,-200,Processed
18942,64390,Late Delivery,99999,processed
18943,41246,WRONG,2522,Processed
18944,33188,damaged,2747,Rejected
18945,72806,,4736,Pending
18946,16337,Wrong Item,0,PENDING
18947,23979,damaged,99999,processed
18948,34794,,-200,Processed
18949,78625,Damaged,2936,PENDING
18950,66796,Late Delivery,801,PENDING
18951,63567,WRONG,-200,Processed
18952,66420,Damaged,99999,PENDING
18953,55802,Damaged,99999,Processed
18954,46392,,3096,Processed
18955,73883,damaged,2873,Rejected
18956,3918,damaged,3811,Rejected
18957,2065,WRONG,99999,Rejected
18958,10999,,0,Rejected
18959,35859,Wrong Item,-200,Rejected
18960,72998,Damaged,-200,Rejected
18961,50788,Late Delivery,0,Processed
18962,30732,WRONG,0,Rejected
18963,42354,WRONG,-200,Rejected
18964,731,Late Delivery,0,PENDING
18965,52559,Damaged,2297,processed
18966,41092,Damaged,0,Rejected
18967,73328,Wrong Item,3912,PENDING
18968,81285,,2223,Rejected
18969,75907,damaged,-200,Processed
18970,63265,Late Delivery,4479,Processed
18971,21039,Damaged,0,PENDING
18972,35299,,2679,Processed
18973,66841,,99999,Rejected
18974,18623,Late Delivery,99999,Processed
18975,32005,Wrong Item,1508,Rejected
18976,54233,Missing Item,0,Processed
18977,90234,,1335,PENDING
18978,81622,WRONG,3317,PENDING
18979,34390,damaged,-200,processed
18980,19919,Late Delivery,712,PENDING
18981,79215,Wrong Item,-200,PENDING
18982,79939,Missing Item,99999,Pending
18983,13700,damaged,-200,Rejected
18984,71581,Wrong Item,1252,Rejected
18985,15427,Damaged,99999,Pending
18986,63983,Wrong Item,2937,Processed
18987,90876,Damaged,1103,processed
18988,16023,Missing Item,3408,processed
18989,81195,damaged,3289,Processed
18990,81803,Damaged,99999,PENDING
18991,96580,Damaged,279,processed
18992,28176,Missing Item,3380,Rejected
18993,94079,Damaged,99999,Rejected
18994,40877,Damaged,1704,Rejected
18995,20809,,4321,Processed
18996,95975,Missing Item,4284,processed
18997,29171,,529,Pending
18998,94082,,0,Pending
18999,35794,damaged,0,PENDING
19000,94840,WRONG,4805,Rejected
19001,8588,,99999,PENDING
19002,75836,Damaged,0,PENDING
19003,40031,Damaged,1312,processed
19004,89551,Late Delivery,3673,Rejected
19005,11677,Late Delivery,3490,Rejected
19006,17066,damaged,-200,processed
19007,7431,Missing Item,2666,processed
19008,3528,Missing Item,786,processed
19009,83131,WRONG,3696,Pending
19010,76840,WRONG,99999,Rejected
19011,85322,WRONG,99999,Rejected
19012,56405,damaged,2387,Pending
19013,974,damaged,-200,Rejected
19014,12756,WRONG,0,Rejected
19015,16024,damaged,-200,processed
19016,41402,Wrong Item,-200,Rejected
19017,30901,Late Delivery,333,Processed
19018,78217,Damaged,1789,Processed
19019,64971,Late Delivery,-200,Pending
19020,45378,damaged,3591,processed
19021,28119,Late Delivery,0,Rejected
19022,92982,Late Delivery,2984,Processed
19023,75363,Missing Item,0,PENDING
19024,63511,damaged,99999,PENDING
19025,78050,Missing Item,2642,Pending
19026,82939,Damaged,2629,Rejected
19027,79958,Late Delivery,99999,Pending
19028,25195,Missing Item,4560,Processed
19029,68776,Wrong Item,99999,Rejected
19030,7368,WRONG,2202,Rejected
19031,64300,Late Delivery,4983,PENDING
19032,80494,,3664,processed
19033,74526,Late Delivery,0,processed
19034,65186,Missing Item,1177,Rejected
19035,82690,,947,Rejected
19036,54256,Damaged,2349,Pending
19037,99693,,3429,Pending
19038,93862,Wrong Item,0,PENDING
19039,18934,damaged,323,processed
19040,70677,Missing Item,2446,Rejected
19041,47649,Missing Item,3734,Processed
19042,59605,,99999,Pending
19043,30156,WRONG,113,Pending
19044,39607,Missing Item,99999,PENDING
19045,71898,Damaged,780,Processed
19046,25345,WRONG,3673,Pending
19047,69572,damaged,547,Pending
19048,33288,WRONG,4386,Pending
19049,43135,damaged,99999,Rejected
19050,34516,,99999,PENDING
19051,71843,Missing Item,-200,PENDING
19052,57889,,99999,Processed
19053,17950,,499,Pending
19054,18457,damaged,2495,PENDING
19055,70002,,0,Processed
19056,13823,,3155,Rejected
19057,55374,,266,Rejected
19058,20606,damaged,-200,Rejected
19059,88126,Late Delivery,1155,Processed
19060,29789,Damaged,0,Processed
19061,47852,WRONG,99999,PENDING
19062,8507,Damaged,2188,Processed
19063,45483,Wrong Item,-200,Rejected
19064,96477,,899,Pending
19065,235,damaged,99999,Processed
19066,37670,damaged,253,Processed
19067,62670,Late Delivery,4255,processed
19068,91562,Late Delivery,99999,Rejected
19069,97371,Damaged,0,processed
19070,96809,damaged,0,Pending
19071,92010,Damaged,577,Rejected
19072,85732,Missing Item,3969,processed
19073,75619,WRONG,99999,processed
19074,31339,,-200,Pending
19075,35512,WRONG,1172,Processed
19076,21629,damaged,-200,Pending
19077,78629,,4786,PENDING
19078,4876,WRONG,99999,Processed
19079,29857,Missing Item,99999,processed
19080,73752,Late Delivery,1663,Processed
19081,90183,WRONG,4835,processed
19082,40124,Damaged,-200,Processed
19083,2857,WRONG,0,Processed
19084,12253,Missing Item,1968,Pending
19085,59031,damaged,4288,Processed
19086,4407,,99999,Processed
19087,9147,damaged,2783,Pending
19088,56985,,2395,processed
19089,55880,Wrong Item,2774,PENDING
19090,246,Late Delivery,99999,Pending
19091,8676,WRONG,2856,Pending
19092,33803,damaged,99999,processed
19093,72538,Missing Item,4785,Rejected
19094,86730,WRONG,3250,PENDING
19095,79014,WRONG,0,processed
19096,36033,,2944,Pending
19097,4959,WRONG,-200,processed
19098,18418,damaged,-200,Rejected
19099,42733,Wrong Item,3717,processed
19100,42819,WRONG,4971,Processed
19101,70450,Missing Item,99999,processed
19102,20773,,228,Processed
19103,67429,WRONG,2203,PENDING
19104,4027,Missing Item,4918,Rejected
19105,74902,Wrong Item,2615,Rejected
19106,21094,Late Delivery,99999,Rejected
19107,10950,WRONG,514,PENDING
19108,87287,Wrong Item,99999,Processed
19109,80004,Missing Item,2536,Pending
19110,36992,,99999,Processed
19111,79473,Missing Item,-200,PENDING
19112,4417,WRONG,-200,Pending
19113,82456,Missing Item,0,Rejected
19114,32568,Late Delivery,99999,Processed
19115,7518,Damaged,0,processed
19116,50106,,3158,Pending
19117,97855,Late Delivery,4777,Rejected
19118,81919,WRONG,4602,Pending
19119,66031,Missing Item,4884,Processed
19120,38904,Wrong Item,2162,Processed
19121,75965,,99999,Rejected
19122,5320,WRONG,0,Pending
19123,54286,Late Delivery,4770,Processed
19124,71334,Missing Item,99999,PENDING
19125,18913,Late Delivery,4844,Pending
19126,21255,WRONG,2113,Rejected
19127,40655,,667,Pending
19128,93256,WRONG,-200,Pending
19129,37584,Wrong Item,4614,PENDING
19130,11641,WRONG,-200,Rejected
19131,89038,Late Delivery,0,Processed
19132,71192,WRONG,845,Rejected
19133,69122,,-200,Rejected
19134,4292,damaged,99999,Pending
19135,41242,damaged,-200,Processed
19136,99245,Late Delivery,-200,Processed
19137,50822,,3118,Processed
19138,1263,,99999,Pending
19139,97049,damaged,1712,Rejected
19140,68017,Damaged,911,processed
19141,73616,damaged,-200,Pending
19142,91358,Damaged,0,processed
19143,55501,Late Delivery,99999,Pending
19144,21350,WRONG,0,Processed
19145,86961,Damaged,99999,Rejected
19146,26589,Late Delivery,-200,processed
19147,13535,Late Delivery,0,Processed
19148,79293,Late Delivery,1393,Pending
19149,87565,,99999,Rejected
19150,36667,Wrong Item,0,Pending
19151,75126,Damaged,1102,Pending
19152,82853,WRONG,-200,Rejected
19153,8680,damaged,948,Pending
19154,93104,Late Delivery,99999,Rejected
19155,40759,damaged,0,processed
19156,15479,Damaged,0,processed
19157,11853,Missing Item,0,processed
19158,37130,,-200,processed
19159,44372,Missing Item,934,Rejected
19160,67544,WRONG,99999,Rejected
19161,99752,Missing Item,-200,PENDING
19162,41769,Missing Item,0,processed
19163,96414,,1962,Processed
19164,95831,WRONG,833,Pending
19165,94444,Missing Item,2698,Rejected
19166,30081,Late Delivery,1070,PENDING
19167,77385,Wrong Item,4432,PENDING
19168,30830,Late Delivery,4828,Pending
19169,28049,WRONG,173,Processed
19170,23107,Late Delivery,4472,Processed
19171,87309,WRONG,0,processed
19172,28477,Wrong Item,669,PENDING
19173,61650,Wrong Item,99999,PENDING
19174,20268,Late Delivery,4008,processed
19175,13152,Missing Item,99999,PENDING
19176,72755,Missing Item,99999,Processed
19177,77721,WRONG,2842,PENDING
19178,81979,Late Delivery,2286,Pending
19179,59035,damaged,0,Processed
19180,57370,Late Delivery,-200,Pending
19181,89780,Late Delivery,1956,Rejected
19182,53679,,0,PENDING
19183,49132,Missing Item,99999,Pending
19184,90824,Wrong Item,-200,Pending
19185,10716,,3416,Processed
19186,92324,Damaged,4152,Pending
19187,74809,Wrong Item,99999,processed
19188,46107,Wrong Item,3369,Pending
19189,17925,,-200,Processed
19190,77674,WRONG,849,PENDING
19191,10021,damaged,796,Pending
19192,61509,Wrong Item,-200,Processed
19193,29270,Missing Item,471,Processed
19194,93197,Wrong Item,0,Pending
19195,85542,WRONG,256,Processed
19196,4239,Damaged,110,processed
19197,65087,damaged,817,processed
19198,86651,damaged,0,PENDING
19199,24138,Wrong Item,99999,Pending
19200,75155,Missing Item,-200,Pending
19201,95621,,0,processed
19202,69931,Missing Item,4447,Rejected
19203,55247,Wrong Item,1977,Pending
19204,88458,Late Delivery,-200,Rejected
19205,97878,Late Delivery,1480,Processed
19206,30971,Missing Item,-200,Rejected
19207,37244,Wrong Item,99999,PENDING
19208,50079,Missing Item,583,Pending
19209,36054,Damaged,1648,Rejected
19210,57761,Wrong Item,2063,PENDING
19211,1565,damaged,4417,Processed
19212,71396,Missing Item,-200,Rejected
19213,68603,Damaged,4032,Pending
19214,45012,WRONG,1215,PENDING
19215,95007,Missing Item,99999,Processed
19216,73334,damaged,4562,processed
19217,37808,Wrong Item,3555,Pending
19218,87348,WRONG,2733,Processed
19219,39914,Damaged,1195,PENDING
19220,95986,Damaged,4141,Rejected
19221,15492,Missing Item,4602,Pending
19222,64840,Wrong Item,1552,Processed
19223,38943,Missing Item,-200,PENDING
19224,37953,Wrong Item,4281,PENDING
19225,57830,,1343,Processed
19226,39894,Missing Item,-200,Rejected
19227,6926,Late Delivery,4109,Pending
19228,70457,WRONG,4412,Rejected
19229,38341,Damaged,1182,Processed
19230,26200,damaged,1098,Processed
19231,53293,Missing Item,2983,PENDING
19232,42486,Wrong Item,99999,Processed
19233,67003,Late Delivery,3139,processed
19234,20789,Late Delivery,3066,processed
19235,94344,,573,processed
19236,38141,Late Delivery,-200,PENDING
19237,25124,WRONG,-200,Rejected
19238,87368,Missing Item,99999,PENDING
19239,76526,Damaged,0,Processed
19240,38397,Missing Item,239,Rejected
19241,57246,WRONG,1386,Pending
19242,62818,WRONG,0,processed
19243,95059,Wrong Item,2775,PENDING
19244,29179,damaged,99999,PENDING
19245,85153,WRONG,0,PENDING
19246,46878,Late Delivery,4567,PENDING
19247,22246,Damaged,2929,PENDING
19248,94181,,2853,Rejected
19249,80230,Wrong Item,4661,Rejected
19250,14002,Damaged,1021,processed
19251,65460,WRONG,1335,Processed
19252,6863,WRONG,0,Rejected
19253,83850,Late Delivery,3023,Rejected
19254,91513,,0,Processed
19255,41239,Wrong Item,2418,Processed
19256,86174,Wrong Item,2912,Rejected
19257,59388,Wrong Item,99999,processed
19258,50639,Late Delivery,1344,Rejected
19259,9748,Damaged,0,PENDING
19260,36473,,705,Pending
19261,35706,WRONG,99999,Rejected
19262,61083,WRONG,99999,Pending
19263,34104,Wrong Item,3341,Rejected
19264,16752,WRONG,99999,Rejected
19265,50546,WRONG,2013,Rejected
19266,23988,Missing Item,1242,Rejected
19267,88995,Missing Item,0,Pending
19268,72464,WRONG,3797,Processed
19269,73095,,0,processed
19270,9978,Missing Item,3706,Processed
19271,7943,Damaged,3349,processed
19272,13575,Late Delivery,0,processed
19273,42896,Late Delivery,99999,processed
19274,45172,Damaged,4672,PENDING
19275,12722,WRONG,-200,Processed
19276,66824,Wrong Item,99999,Rejected
19277,58130,Damaged,752,Pending
19278,99172,Late Delivery,-200,processed
19279,26088,Wrong Item,0,processed
19280,22181,Late Delivery,99999,Rejected
19281,33763,Wrong Item,743,processed
19282,82976,WRONG,99999,processed
19283,94935,,-200,processed
19284,1059,Missing Item,-200,Processed
19285,13353,Damaged,99999,Processed
19286,87289,WRONG,-200,PENDING
19287,59603,,-200,PENDING
19288,94921,WRONG,-200,PENDING
19289,94579,Damaged,-200,Processed
19290,56659,Damaged,0,Rejected
19291,48785,Wrong Item,1391,Processed
19292,98451,,99999,Pending
19293,80649,Damaged,-200,Pending
19294,84758,Wrong Item,724,Pending
19295,30863,Damaged,187,Processed
19296,25539,Missing Item,1302,Rejected
19297,49411,damaged,3841,PENDING
19298,14404,damaged,1001,Processed
19299,80362,Late Delivery,3674,Pending
19300,19055,Wrong Item,99999,Pending
19301,97699,Damaged,-200,PENDING
19302,55712,,0,processed
19303,10713,damaged,99999,processed
19304,50657,damaged,2606,Rejected
19305,55050,WRONG,99999,Pending
19306,38402,WRONG,-200,processed
19307,63235,damaged,3950,Pending
19308,72935,,2692,PENDING
19309,37004,,0,processed
19310,41587,Wrong Item,0,Processed
19311,8119,Late Delivery,1862,Pending
19312,46312,Missing Item,0,Processed
19313,10521,Damaged,2759,Processed
19314,14155,Wrong Item,1543,Rejected
19315,9313,Late Delivery,99999,processed
19316,60090,WRONG,3511,Pending
19317,61676,damaged,4450,Rejected
19318,46106,Late Delivery,0,PENDING
19319,2253,Damaged,2992,Rejected
19320,44278,,0,PENDING
19321,43777,WRONG,0,Rejected
19322,95730,Wrong Item,3321,Rejected
19323,41902,Late Delivery,1599,Pending
19324,20749,damaged,0,Processed
19325,27809,,939,Processed
19326,35440,Damaged,2846,Rejected
19327,29520,Late Delivery,3467,processed
19328,73941,WRONG,4748,PENDING
19329,90983,Wrong Item,4704,Rejected
19330,81897,WRONG,4932,Pending
19331,19498,Late Delivery,2126,PENDING
19332,18743,WRONG,0,processed
19333,76160,Missing Item,-200,PENDING
19334,84488,WRONG,1283,Processed
19335,72995,WRONG,438,Processed
19336,87415,Wrong Item,-200,Processed
19337,41886,Late Delivery,0,Pending
19338,28244,,0,Processed
19339,59797,,1783,Processed
19340,78926,Late Delivery,-200,PENDING
19341,15907,Late Delivery,-200,Rejected
19342,12321,Damaged,4190,Processed
19343,96906,damaged,2588,Processed
19344,31850,Late Delivery,1177,PENDING
19345,94845,damaged,0,Pending
19346,20926,,99999,Pending
19347,31444,WRONG,3110,Rejected
19348,28095,Missing Item,3888,Rejected
19349,11634,Late Delivery,0,Rejected
19350,76221,damaged,0,processed
19351,56067,Late Delivery,99999,processed
19352,65412,WRONG,99999,processed
19353,92289,Missing Item,0,Processed
19354,53628,Wrong Item,-200,Pending
19355,79234,WRONG,0,Processed
19356,57693,Late Delivery,2467,Pending
19357,28651,damaged,2885,processed
19358,62922,Late Delivery,0,Rejected
19359,31171,,4801,processed
19360,5577,WRONG,4359,Pending
19361,10143,Missing Item,2220,Pending
19362,18363,Late Delivery,2296,Pending
19363,68061,Late Delivery,4883,Rejected
19364,42223,Wrong Item,809,Rejected
19365,33663,damaged,413,PENDING
19366,37280,Late Delivery,99999,Rejected
19367,91591,Wrong Item,99999,Processed
19368,21607,Wrong Item,4424,Rejected
19369,22571,Late Delivery,0,Rejected
19370,87690,damaged,3576,PENDING
19371,59220,,2956,processed
19372,51217,Missing Item,4064,processed
19373,57893,Wrong Item,99999,Pending
19374,17192,WRONG,2795,Rejected
19375,29520,Wrong Item,99999,Rejected
19376,11406,Damaged,3124,processed
19377,53669,,99999,Processed
19378,95804,Missing Item,99999,PENDING
19379,81409,Late Delivery,4854,Rejected
19380,14438,Wrong Item,2675,PENDING
19381,56581,,-200,Rejected
19382,17560,Missing Item,3679,PENDING
19383,7149,WRONG,1185,Rejected
19384,5342,,2025,Pending
19385,15799,WRONG,2458,processed
19386,24725,damaged,2627,Processed
19387,78249,damaged,4243,processed
19388,6913,,-200,Rejected
19389,32237,Late Delivery,2880,Processed
19390,92523,,4729,Rejected
19391,2495,Late Delivery,864,Processed
19392,33990,Late Delivery,4766,Rejected
19393,48531,Late Delivery,99999,Pending
19394,56384,Wrong Item,99999,PENDING
19395,68121,Wrong Item,99999,Rejected
19396,15183,Wrong Item,0,processed
19397,97790,Damaged,99999,Pending
19398,55057,Late Delivery,0,PENDING
19399,65641,Late Delivery,99999,processed
19400,13998,Damaged,99999,processed
19401,87765,WRONG,1993,Rejected
19402,52649,,0,PENDING
19403,94024,WRONG,311,processed
19404,90381,Damaged,2652,Pending
19405,83622,Damaged,99999,Processed
19406,88727,WRONG,0,Pending
19407,38393,WRONG,-200,Processed
19408,66783,Damaged,99999,Rejected
19409,80705,damaged,0,processed
19410,41682,Missing Item,923,PENDING
19411,18232,Missing Item,99999,Processed
19412,62273,Missing Item,0,processed
19413,84354,Late Delivery,0,Pending
19414,77490,Damaged,1366,PENDING
19415,86261,,3971,Rejected
19416,73752,Late Delivery,2680,processed
19417,12618,Missing Item,-200,Pending
19418,22625,Missing Item,0,Processed
19419,1952,Late Delivery,-200,PENDING
19420,48713,Damaged,676,Pending
19421,31780,damaged,2683,processed
19422,54652,Missing Item,99999,Processed
19423,86251,WRONG,0,Processed
19424,64607,Damaged,3277,PENDING
19425,1716,Wrong Item,-200,PENDING
19426,63235,WRONG,1057,Rejected
19427,17080,Damaged,0,Pending
19428,94074,,0,Processed
19429,82350,Missing Item,1607,processed
19430,562,damaged,99999,Pending
19431,89592,Damaged,1123,Rejected
19432,93573,Late Delivery,1662,Rejected
19433,46104,Missing Item,0,Pending
19434,8755,damaged,4245,PENDING
19435,49903,Wrong Item,1265,Pending
19436,10993,Damaged,1238,PENDING
19437,16925,WRONG,99999,Pending
19438,42115,damaged,-200,Pending
19439,43074,Wrong Item,-200,Processed
19440,13825,Missing Item,4073,Processed
19441,39370,Missing Item,0,Pending
19442,25927,Late Delivery,2555,Processed
19443,76070,damaged,-200,Pending
19444,97953,damaged,3429,Rejected
19445,59669,,4841,Pending
19446,43036,Late Delivery,4238,Processed
19447,69771,damaged,0,PENDING
19448,11294,Damaged,99999,PENDING
19449,66259,damaged,0,Processed
19450,97297,Missing Item,3900,PENDING
19451,91664,Damaged,0,processed
19452,35689,Late Delivery,99999,Pending
19453,57993,,0,Processed
19454,44766,Damaged,0,processed
19455,32975,Missing Item,-200,Pending
19456,48184,,0,PENDING
19457,48054,Damaged,0,Processed
19458,17262,Wrong Item,99999,Pending
19459,40087,damaged,4745,Rejected
19460,20683,,0,PENDING
19461,67456,,2676,PENDING
19462,71868,Wrong Item,0,Processed
19463,42193,Late Delivery,2683,processed
19464,18410,WRONG,1279,Pending
19465,64187,damaged,0,Rejected
19466,72155,Late Delivery,0,Processed
19467,21089,Damaged,-200,Pending
19468,44768,Wrong Item,1666,PENDING
19469,3202,Late Delivery,99999,PENDING
19470,14458,,-200,Pending
19471,20726,Missing Item,4744,Rejected
19472,19925,Late Delivery,1476,processed
19473,44597,damaged,99999,processed
19474,64668,Damaged,3049,processed
19475,61240,Damaged,99999,Processed
19476,84970,Missing Item,2733,processed
19477,43571,Wrong Item,-200,Rejected
19478,58029,damaged,99999,PENDING
19479,42218,Missing Item,413,processed
19480,24995,WRONG,0,PENDING
19481,18713,,4856,Processed
19482,1053,WRONG,-200,processed
19483,27891,WRONG,4468,Processed
19484,13769,Damaged,-200,Processed
19485,10639,WRONG,238,Processed
19486,9106,Wrong Item,368,processed
19487,43571,WRONG,-200,PENDING
19488,33444,Late Delivery,-200,Processed
19489,90483,Damaged,0,Pending
19490,14933,Missing Item,99999,Processed
19491,65070,Damaged,3641,Pending
19492,1744,Damaged,1109,Pending
19493,98811,Missing Item,3630,Rejected
19494,84522,Missing Item,-200,Rejected
19495,48423,damaged,4164,Rejected
19496,56764,Missing Item,0,PENDING
19497,97997,,-200,Pending
19498,33654,Wrong Item,3831,PENDING
19499,79321,damaged,-200,Rejected
19500,61718,Late Delivery,4981,Pending
19501,61386,damaged,99999,PENDING
19502,89216,Late Delivery,660,Pending
19503,37261,Wrong Item,0,PENDING
19504,76828,Damaged,0,PENDING
19505,23600,WRONG,-200,Rejected
19506,91786,Damaged,0,Pending
19507,88344,WRONG,3249,Pending
19508,51746,Damaged,3851,PENDING
19509,15929,,2064,Processed
19510,63656,WRONG,3706,PENDING
19511,18053,WRONG,0,Processed
19512,4809,damaged,4047,Pending
19513,88835,damaged,0,PENDING
19514,71685,Late Delivery,2461,processed
19515,65060,Wrong Item,99999,Processed
19516,66805,damaged,0,Processed
19517,5682,WRONG,-200,Processed
19518,79701,WRONG,99999,PENDING
19519,79658,Missing Item,2981,Processed
19520,34882,Damaged,2078,PENDING
19521,16830,Late Delivery,0,Rejected
19522,68953,Wrong Item,0,processed
19523,28947,Damaged,0,Pending
19524,12262,Missing Item,1723,Pending
19525,7831,,1520,PENDING
19526,6858,,1240,Processed
19527,84929,,2819,PENDING
19528,30756,Wrong Item,1507,Rejected
19529,22401,,1484,Pending
19530,73776,Damaged,3315,Processed
19531,94798,damaged,4472,PENDING
19532,68330,WRONG,712,PENDING
19533,67521,,0,Processed
19534,85418,Late Delivery,0,PENDING
19535,88855,Damaged,-200,PENDING
19536,61351,Damaged,3223,Processed
19537,60667,damaged,256,Pending
19538,57300,Wrong Item,1574,PENDING
19539,83009,Damaged,0,processed
19540,30061,Damaged,99999,Processed
19541,57383,Wrong Item,4493,Pending
19542,36465,Missing Item,-200,Processed
19543,6287,damaged,-200,Pending
19544,99243,damaged,-200,Processed
19545,28966,Damaged,-200,Processed
19546,18907,Missing Item,1870,Processed
19547,17383,,99999,processed
19548,89441,Wrong Item,1617,Processed
19549,3033,WRONG,3654,Processed
19550,74504,Late Delivery,1753,PENDING
19551,78261,,1403,Processed
19552,88030,Damaged,3900,Rejected
19553,20487,Damaged,4063,Pending
19554,13638,Late Delivery,99999,Rejected
19555,14931,damaged,894,Rejected
19556,27532,Damaged,2197,Processed
19557,95973,Damaged,99999,PENDING
19558,393,Wrong Item,0,processed
19559,69492,Late Delivery,-200,PENDING
19560,960,WRONG,4784,Processed
19561,83447,Missing Item,4364,Rejected
19562,31047,Missing Item,99999,processed
19563,19132,damaged,1402,Rejected
19564,87681,Late Delivery,4278,processed
19565,41185,Damaged,1828,Rejected
19566,49314,Wrong Item,99999,PENDING
19567,96988,Missing Item,4924,Pending
19568,21428,Late Delivery,99999,Pending
19569,62460,damaged,99999,Processed
19570,1592,Damaged,0,Processed
19571,99314,,4736,PENDING
19572,70648,Late Delivery,1189,Processed
19573,98384,,2565,Rejected
19574,17451,Missing Item,99999,Rejected
19575,26470,Damaged,3251,Rejected
19576,27340,Late Delivery,99999,Processed
19577,69389,damaged,849,Rejected
19578,94697,Wrong Item,2980,processed
19579,75945,Wrong Item,1756,PENDING
19580,80422,Wrong Item,0,PENDING
19581,95321,,99999,processed
19582,17220,damaged,99999,Rejected
19583,21985,WRONG,4122,PENDING
19584,20938,,3277,Pending
19585,91133,damaged,0,processed
19586,86571,Wrong Item,0,Pending
19587,60191,WRONG,-200,PENDING
19588,84202,WRONG,1040,Processed
19589,75481,Late Delivery,3793,Processed
19590,16859,Late Delivery,-200,PENDING
19591,64820,damaged,-200,Processed
19592,95035,Wrong Item,0,Pending
19593,44921,WRONG,0,Rejected
19594,96386,WRONG,4867,Rejected
19595,76525,Wrong Item,99999,Rejected
19596,36889,WRONG,4509,Pending
19597,90179,Wrong Item,3956,Processed
19598,84321,Missing Item,0,Pending
19599,93474,WRONG,99999,PENDING
19600,84538,damaged,4154,Processed
19601,20405,Late Delivery,99999,Rejected
19602,44259,damaged,-200,Rejected
19603,6728,damaged,1200,PENDING
19604,96372,Wrong Item,4299,PENDING
19605,57459,Missing Item,0,Processed
19606,13057,Late Delivery,99999,Processed
19607,19590,Damaged,99999,Rejected
19608,65671,Damaged,413,Pending
19609,7049,Damaged,535,Processed
19610,4628,damaged,3382,Pending
19611,39275,Damaged,3291,Processed
19612,11337,Wrong Item,99999,processed
19613,84628,Damaged,-200,processed
19614,30699,,99999,Pending
19615,19035,Missing Item,-200,processed
19616,36379,damaged,99999,Pending
19617,87181,Missing Item,4535,processed
19618,44889,,0,Pending
19619,58399,Missing Item,-200,PENDING
19620,96521,Missing Item,1313,PENDING
19621,63832,Late Delivery,-200,Processed
19622,43414,damaged,4496,Processed
19623,57589,Missing Item,-200,Processed
19624,46102,damaged,4308,Pending
19625,73781,,-200,PENDING
19626,17257,damaged,-200,Pending
19627,35413,Late Delivery,0,Rejected
19628,73773,Late Delivery,0,processed
19629,27114,Late Delivery,4852,Processed
19630,83106,WRONG,867,PENDING
19631,49307,Damaged,99999,Processed
19632,66914,Late Delivery,1215,Pending
19633,50043,Damaged,0,processed
19634,62676,WRONG,99999,Rejected
19635,29246,damaged,99999,processed
19636,7115,Damaged,1439,Rejected
19637,9584,Wrong Item,-200,PENDING
19638,29790,Damaged,0,Processed
19639,99552,Late Delivery,99999,Pending
19640,30129,damaged,99999,PENDING
19641,45690,WRONG,0,PENDING
19642,94088,Damaged,2004,Rejected
19643,25630,WRONG,3101,Rejected
19644,60068,Late Delivery,99999,PENDING
19645,69222,Missing Item,-200,PENDING
19646,58239,Missing Item,-200,Processed
19647,18090,Wrong Item,99999,Rejected
19648,77794,Damaged,99999,processed
19649,21722,Missing Item,441,Pending
19650,33667,Damaged,-200,processed
19651,25297,Wrong Item,99999,PENDING
19652,53229,Late Delivery,-200,PENDING
19653,92033,damaged,1263,PENDING
19654,29119,Damaged,2215,Pending
19655,56872,Wrong Item,1527,Pending
19656,51538,WRONG,0,processed
19657,91736,Late Delivery,4536,Processed
19658,8084,,1570,processed
19659,41349,Wrong Item,4100,PENDING
19660,21688,Damaged,99999,Rejected
19661,71140,Damaged,2391,PENDING
19662,2272,Wrong Item,4910,PENDING
19663,96437,,-200,PENDING
19664,58226,Late Delivery,3134,Rejected
19665,92103,WRONG,1686,Processed
19666,878,Damaged,99999,processed
19667,75033,WRONG,3917,processed
19668,21090,,99999,processed
19669,79460,Damaged,99999,Rejected
19670,58790,WRONG,0,Rejected
19671,70279,Missing Item,-200,Rejected
19672,24788,damaged,99999,Processed
19673,51306,Damaged,0,PENDING
19674,47435,Late Delivery,99999,PENDING
19675,44118,Damaged,379,Processed
19676,67503,Damaged,-200,Processed
19677,3374,WRONG,0,processed
19678,31588,Missing Item,4570,Processed
19679,55138,Late Delivery,4113,processed
19680,95281,WRONG,3923,processed
19681,14398,,-200,Processed
19682,80989,Late Delivery,0,PENDING
19683,99795,Missing Item,3454,PENDING
19684,53649,damaged,0,Pending
19685,57860,,-200,Processed
19686,55893,damaged,-200,Rejected
19687,73905,Missing Item,99999,processed
19688,36238,WRONG,0,PENDING
19689,74791,Damaged,0,PENDING
19690,4094,Late Delivery,2996,Processed
19691,4401,damaged,99999,Processed
19692,4595,Missing Item,-200,Pending
19693,56623,damaged,0,PENDING
19694,9393,WRONG,2135,processed
19695,63479,damaged,0,processed
19696,50844,Damaged,3386,PENDING
19697,65081,Missing Item,4544,Processed
19698,6109,Late Delivery,517,Processed
19699,20227,WRONG,99999,Pending
19700,3452,damaged,-200,Pending
19701,64852,damaged,99999,Pending
19702,75767,WRONG,-200,PENDING
19703,96443,Damaged,99999,Processed
19704,63481,WRONG,0,Processed
19705,73585,Missing Item,0,Rejected
19706,83557,,2132,Pending
19707,87148,WRONG,2034,PENDING
19708,45685,damaged,0,Pending
19709,72922,Damaged,-200,Pending
19710,12457,Missing Item,-200,Pending
19711,9803,Wrong Item,4198,Rejected
19712,35878,Damaged,99999,Rejected
19713,44182,Wrong Item,617,PENDING
19714,40987,Damaged,4647,PENDING
19715,63027,Damaged,0,Processed
19716,76711,Missing Item,695,Pending
19717,8760,damaged,99999,Processed
19718,46234,WRONG,1065,Pending
19719,6941,damaged,99999,Pending
19720,48214,,-200,Pending
19721,6819,Missing Item,-200,processed
19722,63444,Wrong Item,4640,Pending
19723,6786,WRONG,981,Processed
19724,17917,,1148,Rejected
19725,40314,Damaged,-200,processed
19726,33608,Damaged,99999,PENDING
19727,73273,Wrong Item,99999,processed
19728,67339,Damaged,1148,Rejected
19729,68032,Missing Item,99999,Pending
19730,4304,Late Delivery,0,processed
19731,28234,Late Delivery,2629,PENDING
19732,13787,Damaged,99999,Rejected
19733,4647,Late Delivery,847,processed
19734,96217,damaged,1501,Rejected
19735,2162,WRONG,-200,processed
19736,90648,Missing Item,99999,PENDING
19737,55954,,99999,Processed
19738,49763,,3010,processed
19739,51296,Damaged,4781,Pending
19740,17960,Damaged,2022,PENDING
19741,40,,1476,Rejected
19742,64447,Missing Item,99999,Pending
19743,5725,Missing Item,99999,Pending
19744,71371,Wrong Item,-200,PENDING
19745,57893,damaged,0,Pending
19746,73554,Damaged,0,Processed
19747,31222,damaged,1409,Rejected
19748,10409,WRONG,-200,Pending
19749,3112,,0,processed
19750,67826,Missing Item,1423,PENDING
19751,40816,Missing Item,2399,processed
19752,44082,damaged,513,processed
19753,63405,WRONG,99999,Processed
19754,75640,Missing Item,99999,Processed
19755,89363,Wrong Item,909,Processed
19756,44348,Missing Item,3360,PENDING
19757,41114,,1028,Processed
19758,27137,Late Delivery,1982,Rejected
19759,1312,WRONG,1644,Processed
19760,67767,damaged,1453,Processed
19761,79531,damaged,99999,PENDING
19762,33059,Wrong Item,99999,PENDING
19763,4630,,1685,processed
19764,12375,damaged,99999,Rejected
19765,72743,Wrong Item,0,Rejected
19766,79593,,99999,Pending
19767,21713,Wrong Item,0,Rejected
19768,23061,Missing Item,4159,PENDING
19769,98597,,-200,Pending
19770,41101,damaged,2087,Pending
19771,65301,Missing Item,-200,Processed
19772,28647,Damaged,4027,Processed
19773,94725,Damaged,99999,Rejected
19774,42674,Missing Item,99999,processed
19775,33109,Late Delivery,3316,PENDING
19776,82592,WRONG,-200,Rejected
19777,40610,Wrong Item,273,Pending
19778,55576,,1927,Pending
19779,26536,,2731,Rejected
19780,64858,WRONG,0,Rejected
19781,58267,WRONG,0,Rejected
19782,32578,WRONG,0,PENDING
19783,17622,Damaged,4484,PENDING
19784,99269,WRONG,4409,Rejected
19785,30353,Late Delivery,-200,Rejected
19786,98840,,99999,Pending
19787,16083,WRONG,987,Processed
19788,54534,Late Delivery,2518,Rejected
19789,3489,,99999,processed
19790,62957,damaged,-200,Processed
19791,98348,Damaged,4023,Pending
19792,77082,Missing Item,2428,PENDING
19793,8967,,3630,processed
19794,43764,Wrong Item,-200,Pending
19795,16572,Late Delivery,99999,Pending
19796,58609,Missing Item,4270,processed
19797,73908,damaged,104,PENDING
19798,33662,Late Delivery,-200,processed
19799,98238,WRONG,-200,PENDING
19800,34805,Missing Item,0,Rejected
19801,87679,Late Delivery,2755,Processed
19802,76538,WRONG,0,Processed
19803,49723,Wrong Item,0,processed
19804,85146,,3571,Processed
19805,64736,Missing Item,99999,processed
19806,74475,,2264,Pending
19807,45825,damaged,528,Processed
19808,15088,Wrong Item,4831,Rejected
19809,31479,Missing Item,-200,processed
19810,93318,Missing Item,534,Rejected
19811,77657,damaged,99999,processed
19812,54144,,2355,Processed
19813,77828,Damaged,4318,processed
19814,7746,damaged,99999,PENDING
19815,3327,Wrong Item,3864,Pending
19816,25543,,1173,processed
19817,10510,Wrong Item,99999,processed
19818,90609,,1786,PENDING
19819,3879,damaged,0,Rejected
19820,45840,Late Delivery,0,Pending
19821,75620,Missing Item,-200,PENDING
19822,48698,Late Delivery,1177,Rejected
19823,3600,,0,PENDING
19824,87243,WRONG,-200,PENDING
19825,6153,,2394,Rejected
19826,29495,WRONG,99999,processed
19827,49210,,0,processed
19828,9403,Missing Item,-200,Processed
19829,27883,Wrong Item,-200,PENDING
19830,49168,Wrong Item,3483,Rejected
19831,87481,damaged,99999,Rejected
19832,11630,Damaged,99999,processed
19833,68473,damaged,-200,Processed
19834,88108,damaged,-200,Pending
19835,20361,Missing Item,0,Processed
19836,96745,Damaged,4642,Rejected
19837,29960,WRONG,3319,Rejected
19838,27580,WRONG,99999,processed
19839,66636,Wrong Item,1154,Pending
19840,72781,Missing Item,0,Processed
19841,15555,,0,PENDING
19842,21060,,99999,processed
19843,77791,WRONG,4514,PENDING
19844,70398,WRONG,99999,Rejected
19845,25996,damaged,-200,PENDING
19846,54249,Missing Item,4631,processed
19847,46935,WRONG,672,processed
19848,59763,Damaged,0,Processed
19849,44762,Wrong Item,-200,Pending
19850,78898,damaged,4014,processed
19851,88271,WRONG,-200,Rejected
19852,82794,WRONG,2633,Processed
19853,19745,Damaged,4307,Processed
19854,15631,Missing Item,99999,processed
19855,38201,damaged,0,processed
19856,45548,Late Delivery,870,Rejected
19857,31385,Wrong Item,99999,Processed
19858,61794,,3199,Rejected
19859,48143,Damaged,3565,Processed
19860,17170,,2964,processed
19861,74240,Missing Item,336,Rejected
19862,3792,damaged,0,processed
19863,45636,Damaged,3624,PENDING
19864,93314,Missing Item,3890,Processed
19865,27670,Late Delivery,0,PENDING
19866,39632,Missing Item,0,processed
19867,67536,Late Delivery,0,Pending
19868,42711,,945,PENDING
19869,70718,Missing Item,99999,PENDING
19870,12478,Late Delivery,340,PENDING
19871,70057,Damaged,0,Rejected
19872,65904,WRONG,4516,Pending
19873,74497,Missing Item,-200,Pending
19874,55492,WRONG,254,Pending
19875,11157,,3060,PENDING
19876,57971,,1831,PENDING
19877,78609,Damaged,3414,Rejected
19878,25366,damaged,4972,Processed
19879,25542,damaged,0,Processed
19880,66621,Wrong Item,99999,Pending
19881,6494,Late Delivery,-200,processed
19882,31633,Damaged,0,Pending
19883,47366,damaged,99999,Rejected
19884,12843,Late Delivery,-200,Pending
19885,26634,damaged,1493,Processed
19886,46462,Wrong Item,2552,Rejected
19887,63285,WRONG,222,Rejected
19888,51356,Missing Item,1434,PENDING
19889,60214,,3641,Rejected
19890,84341,Wrong Item,2522,processed
19891,17440,damaged,0,PENDING
19892,74771,Missing Item,-200,Rejected
19893,62310,Wrong Item,987,Rejected
19894,96943,Damaged,262,processed
19895,66549,WRONG,99999,PENDING
19896,23349,Late Delivery,99999,processed
19897,73742,damaged,-200,Pending
19898,28717,,4271,Pending
19899,7124,WRONG,-200,Rejected
19900,50773,Wrong Item,3301,PENDING
19901,29457,damaged,4036,PENDING
19902,6170,WRONG,1267,Rejected
19903,12866,Damaged,99999,Pending
19904,39668,Damaged,-200,Pending
19905,85655,Late Delivery,2484,processed
19906,32270,damaged,99999,Pending
19907,77543,WRONG,2543,Processed
19908,68768,Wrong Item,770,Processed
19909,72812,damaged,925,Processed
19910,94208,damaged,99999,Pending
19911,24765,,2369,Processed
19912,63143,damaged,0,Processed
19913,42504,Wrong Item,3824,Processed
19914,50824,Wrong Item,4059,processed
19915,42654,Wrong Item,0,Processed
19916,67066,WRONG,-200,Processed
19917,41726,WRONG,2516,Rejected
19918,6018,Damaged,-200,processed
19919,88082,Missing Item,4598,PENDING
19920,15829,damaged,3720,Processed
19921,39736,damaged,4756,Pending
19922,53213,Wrong Item,-200,Processed
19923,97602,Missing Item,-200,Pending
19924,14378,damaged,4639,Pending
19925,67456,Damaged,99999,Rejected
19926,99570,WRONG,-200,Pending
19927,50200,Damaged,262,PENDING
19928,57616,WRONG,2508,processed
19929,26277,Missing Item,2137,processed
19930,29598,Late Delivery,180,Rejected
19931,13804,Damaged,277,Processed
19932,25650,Late Delivery,0,Processed
19933,26848,Damaged,3350,Processed
19934,84459,damaged,4075,Rejected
19935,86092,Damaged,99999,processed
19936,85490,Damaged,0,Rejected
19937,2101,damaged,99999,PENDING
19938,73768,,99999,processed
19939,76256,Late Delivery,1953,processed
19940,85222,Wrong Item,-200,PENDING
19941,84999,Wrong Item,0,Rejected
19942,84981,Damaged,2118,PENDING
19943,78812,,2724,Pending
19944,25194,,99999,processed
19945,65949,Wrong Item,-200,PENDING
19946,98821,WRONG,-200,Pending
19947,21148,WRONG,-200,Rejected
19948,86998,WRONG,99999,Processed
19949,46639,damaged,-200,processed
19950,59141,Wrong Item,-200,Pending
19951,16299,Wrong Item,-200,Processed
19952,9478,Damaged,-200,processed
19953,10482,Late Delivery,99999,Pending
19954,65833,damaged,0,Processed
19955,40598,Late Delivery,99999,processed
19956,65899,Wrong Item,-200,Pending
19957,98968,damaged,1941,Pending
19958,6944,Damaged,4366,processed
19959,92176,Wrong Item,3036,PENDING
19960,14442,Damaged,0,Pending
19961,3313,Wrong Item,1286,PENDING
19962,23645,Missing Item,3345,PENDING
19963,22058,WRONG,2373,Processed
19964,91318,Wrong Item,0,PENDING
19965,33253,Wrong Item,4717,Processed
19966,61602,WRONG,-200,Pending
19967,66102,WRONG,4703,PENDING
19968,39747,Wrong Item,-200,Processed
19969,23406,Missing Item,444,Pending
19970,47357,Missing Item,99999,processed
19971,37674,Missing Item,99999,Pending
19972,4623,Late Delivery,3013,Pending
19973,67372,Late Delivery,3102,Processed
19974,10538,Damaged,2774,Pending
19975,92120,Late Delivery,-200,Pending
19976,32973,Late Delivery,4719,PENDING
19977,53828,,1924,Rejected
19978,69719,Damaged,4946,Processed
19979,95226,Damaged,0,Processed
19980,48380,Late Delivery,0,Rejected
19981,17036,,3104,Processed
19982,71354,WRONG,2765,PENDING
19983,4654,damaged,1254,Pending
19984,29067,Damaged,0,Pending
19985,81698,WRONG,99999,processed
19986,10213,,2735,Rejected
19987,40252,WRONG,99999,Rejected
19988,20860,damaged,3330,processed
19989,27781,Wrong Item,2205,processed
19990,62907,,1971,Processed
19991,10539,Missing Item,99999,processed
19992,6050,Damaged,99999,Processed
19993,42722,Damaged,908,Processed
19994,22845,Late Delivery,-200,processed
19995,83060,Wrong Item,3119,processed
19996,99549,WRONG,0,Pending
19997,26304,Late Delivery,1139,PENDING
19998,9913,Missing Item,2071,Processed
19999,24485,,99999,Rejected
